city,region,month,pm25,pm10,no2,so2,co,o3,temp_c,humidity,wind_ms,aqi,category,prominent
Delhi,North,10,28.62,93.72,35.9,2.64,0.55,29.07,26.1,59.9,1.84,94,Satisfactory,PM10
Hyderabad,South,5,57.25,78.02,37.47,14.24,0.67,46.65,28.1,67.0,2.74,95,Satisfactory,PM2.5
Mumbai,West,10,34.28,104.56,26.7,9.94,0.8,32.47,28.1,63.3,3.28,103,Moderate,PM10
Ahmedabad,West,9,17.37,29.13,21.16,14.96,1.2,27.04,24.5,71.4,3.53,57,Satisfactory,CO
Ahmedabad,West,6,24.1,27.55,29.95,12.56,0.96,35.32,27.7,83.4,2.88,48,Good,CO
Lucknow,North,10,54.94,54.94,25.31,9.74,0.73,25.69,31.5,53.1,3.88,92,Satisfactory,PM2.5
Patna,East,7,17.88,36.11,32.92,15.41,1.11,25.07,25.6,84.9,2.59,52,Satisfactory,CO
Ahmedabad,West,11,42.23,86.18,55.16,12.68,1.93,24.41,18.5,57.0,2.45,96,Satisfactory,CO
Bengaluru,South,10,34.57,68.17,24.79,6.26,1.03,24.06,27.0,63.8,3.3,68,Satisfactory,PM10
Bengaluru,South,6,19.55,30.05,27.33,3.9,0.51,16.89,24.0,81.2,1.79,34,Good,NO2
Bengaluru,South,4,65.46,68.32,34.2,7.52,0.84,30.03,30.0,66.7,0.87,116,Moderate,PM2.5
Lucknow,North,4,48.74,62.86,15.85,12.35,0.76,44.93,31.1,72.8,2.53,81,Satisfactory,PM2.5
Guwahati,Northeast,2,170.04,289.95,67.57,16.01,1.77,40.29,14.4,46.9,0.88,339,Very Poor,PM2.5
Ahmedabad,West,7,10.49,40.98,26.13,4.94,0.63,30.63,29.5,94.0,6.06,41,Good,PM10
Bengaluru,South,12,45.76,45.76,51.86,8.1,1.4,22.86,17.6,60.5,2.98,76,Satisfactory,PM2.5
Hyderabad,South,2,44.63,59.21,41.0,11.74,2.45,29.09,20.9,48.0,1.47,105,Moderate,CO
Kolkata,East,1,119.39,445.68,36.17,16.02,1.17,35.83,19.2,50.7,1.38,410,Severe,PM10
Ahmedabad,West,12,80.93,102.76,30.35,5.87,1.68,41.26,18.5,51.1,3.12,169,Moderate,PM2.5
Bengaluru,South,4,48.46,67.07,37.29,14.06,1.31,44.31,27.3,49.1,4.65,80,Satisfactory,PM2.5
Delhi,North,10,42.17,67.71,40.28,6.69,0.66,33.4,25.8,60.0,2.62,70,Satisfactory,PM2.5
Ahmedabad,West,1,104.48,122.23,57.27,2.16,1.58,20.92,14.3,45.0,2.43,247,Poor,PM2.5
Delhi,North,9,10.85,34.74,23.93,10.43,1.17,32.52,31.0,76.8,2.02,55,Satisfactory,CO
Bengaluru,South,1,75.94,125.3,32.38,12.43,1.71,49.15,23.6,45.2,2.48,152,Moderate,PM2.5
Bengaluru,South,6,16.06,37.68,38.13,8.5,0.72,9.96,26.5,69.5,2.21,48,Good,NO2
Mumbai,West,5,62.7,74.34,13.24,4.96,1.47,25.78,27.7,74.7,6.05,107,Moderate,PM2.5
Patna,East,1,139.38,299.87,72.89,7.26,1.48,34.53,19.3,49.0,1.33,315,Very Poor,PM2.5
Bengaluru,South,2,64.16,109.49,51.34,9.33,1.83,36.51,18.5,54.8,2.86,112,Moderate,PM2.5
Lucknow,North,11,119.59,297.83,46.6,22.05,2.36,31.24,15.7,43.1,2.07,299,Poor,PM2.5
Mumbai,West,1,81.76,81.76,61.36,14.18,1.07,24.04,18.8,52.4,2.47,172,Moderate,PM2.5
Lucknow,North,2,145.89,284.45,69.19,1.2,1.49,29.48,18.9,49.0,0.42,320,Very Poor,PM2.5
Mumbai,West,6,32.49,32.49,35.26,10.42,0.88,19.16,26.0,88.4,3.45,54,Satisfactory,PM2.5
Patna,East,6,28.59,38.96,42.65,14.11,1.12,25.51,27.2,72.4,3.91,53,Satisfactory,NO2
Delhi,North,3,57.32,72.12,37.84,15.6,1.39,34.14,22.3,59.5,1.49,96,Satisfactory,PM2.5
Mumbai,West,10,68.8,91.13,22.13,7.13,0.91,17.78,25.0,62.5,4.09,128,Moderate,PM2.5
Delhi,North,7,5.0,37.57,28.61,13.99,1.34,10.67,25.2,82.7,1.03,64,Satisfactory,CO
Lucknow,North,2,180.63,341.08,39.78,15.91,2.11,29.96,18.7,54.2,0.92,347,Very Poor,PM2.5
Hyderabad,South,4,42.6,85.3,36.4,6.92,0.87,60.67,28.8,53.4,3.03,85,Satisfactory,PM10
Guwahati,Northeast,6,20.33,48.15,35.2,16.04,1.05,47.55,26.4,62.0,4.6,48,Good,PM10
Delhi,North,9,21.01,47.95,14.54,5.99,0.47,21.33,28.3,82.2,3.11,48,Good,PM10
Hyderabad,South,2,13.4,120.94,41.21,14.21,1.94,29.16,20.3,53.8,3.39,114,Moderate,PM10
Kolkata,East,3,42.17,81.02,34.89,10.11,1.04,25.77,26.6,66.6,0.57,81,Satisfactory,PM10
Ahmedabad,West,10,21.66,22.94,22.3,15.6,0.82,29.66,30.3,70.6,2.72,41,Good,CO
Mumbai,West,2,67.6,167.32,49.33,7.98,1.31,15.56,15.3,49.1,3.7,145,Moderate,PM10
Hyderabad,South,12,36.14,133.02,33.02,14.28,1.54,12.62,20.8,47.2,2.2,122,Moderate,PM10
Chennai,South,12,53.97,134.28,45.27,13.58,1.77,39.09,17.0,40.2,4.0,123,Moderate,PM10
Kolkata,East,8,28.15,38.38,26.9,13.67,1.43,45.45,27.2,79.3,4.01,69,Satisfactory,CO
Guwahati,Northeast,6,22.61,34.16,30.64,8.0,0.47,10.59,23.6,74.3,2.47,38,Good,NO2
Bengaluru,South,6,28.09,28.09,30.92,10.05,0.82,29.56,28.9,75.3,3.99,47,Good,PM2.5
Mumbai,West,6,20.29,61.25,29.87,18.88,0.92,32.88,26.8,76.6,1.93,61,Satisfactory,PM10
Kolkata,East,4,31.59,91.78,37.12,13.76,0.82,47.72,30.1,67.5,0.75,92,Satisfactory,PM10
Ahmedabad,West,1,21.23,65.63,67.64,16.3,1.25,15.38,9.1,47.7,5.51,84,Satisfactory,NO2
Bengaluru,South,10,36.19,87.17,14.89,10.57,0.93,27.28,29.4,62.8,3.55,87,Satisfactory,PM10
Lucknow,North,2,210.28,404.92,34.03,7.74,2.24,26.39,22.2,48.5,2.21,370,Very Poor,PM2.5
Patna,East,10,49.07,112.41,24.96,7.48,0.78,31.8,22.3,65.1,2.2,109,Moderate,PM10
Ahmedabad,West,8,5.0,26.3,13.83,8.03,0.97,26.49,26.2,76.7,3.03,48,Good,CO
Lucknow,North,5,56.13,91.71,31.23,14.67,0.98,67.64,30.7,57.5,1.96,94,Satisfactory,PM2.5
Mumbai,West,11,39.51,87.27,46.98,13.6,1.62,21.57,20.7,57.9,2.62,87,Satisfactory,PM10
Guwahati,Northeast,12,190.71,287.34,27.15,11.67,1.73,20.44,18.6,40.4,2.15,354,Very Poor,PM2.5
Patna,East,6,18.46,38.18,7.76,6.45,0.82,18.99,29.1,94.0,1.48,41,Good,CO
Guwahati,Northeast,7,21.92,51.06,17.73,13.2,1.39,14.13,23.2,74.6,2.22,67,Satisfactory,CO
Patna,East,12,173.53,173.53,55.42,9.23,2.21,22.73,16.1,56.3,1.83,341,Very Poor,PM2.5
Kolkata,East,1,65.61,315.9,33.11,13.13,0.92,31.75,15.6,41.7,1.8,266,Poor,PM10
Chennai,South,1,54.96,170.81,41.65,12.15,1.73,22.79,19.4,47.7,2.34,147,Moderate,PM10
Guwahati,Northeast,9,12.87,12.87,41.53,24.24,0.79,11.73,26.1,75.7,2.59,52,Satisfactory,NO2
Patna,East,3,54.13,88.54,15.45,15.36,1.45,29.44,26.0,58.9,3.49,90,Satisfactory,PM2.5
Mumbai,West,12,38.87,57.22,50.37,10.13,2.49,26.54,23.0,43.2,3.46,106,Moderate,CO
Hyderabad,South,1,48.71,125.33,65.46,10.45,0.79,27.85,15.3,49.3,2.71,117,Moderate,PM10
Chennai,South,3,19.55,87.56,23.61,1.2,1.11,30.29,24.9,49.5,3.74,88,Satisfactory,PM10
Mumbai,West,2,128.37,134.0,53.58,11.2,1.99,33.25,21.8,47.8,2.31,307,Very Poor,PM2.5
Bengaluru,South,3,57.46,110.89,24.15,9.96,0.98,25.94,29.9,42.0,1.87,108,Moderate,PM10
Kolkata,East,1,30.06,193.37,34.82,11.03,2.13,25.94,14.9,51.5,1.99,162,Moderate,PM10
Patna,East,9,13.8,40.19,26.14,15.11,0.9,33.89,23.9,77.9,2.56,45,Good,CO
Kolkata,East,6,9.17,41.51,25.05,7.09,0.87,37.48,20.2,66.0,1.77,44,Good,CO
Chennai,South,3,49.45,94.11,18.42,6.63,1.02,28.49,28.6,58.5,3.11,94,Satisfactory,PM10
Delhi,North,1,203.55,337.85,24.67,1.21,2.08,37.98,14.9,37.1,1.46,364,Very Poor,PM2.5
Kolkata,East,11,260.67,314.13,42.65,7.71,1.61,25.49,15.0,68.4,2.4,405,Severe,PM2.5
Delhi,North,5,30.5,96.12,33.37,14.12,1.24,50.01,33.2,65.1,3.18,96,Satisfactory,PM10
Lucknow,North,5,46.32,63.74,17.25,20.07,1.37,59.13,31.8,70.8,2.81,77,Satisfactory,PM2.5
Lucknow,North,2,98.77,304.39,48.87,5.75,1.58,27.33,23.4,59.2,1.41,254,Poor,PM10
Hyderabad,South,11,71.08,111.76,32.41,11.27,1.24,17.5,19.5,55.1,0.8,135,Moderate,PM2.5
Mumbai,West,1,94.39,156.81,62.77,12.19,1.19,18.9,19.0,55.0,4.24,213,Poor,PM2.5
Lucknow,North,7,19.31,21.58,25.32,13.04,0.85,23.15,27.8,74.0,2.1,42,Good,CO
Lucknow,North,11,137.49,291.92,51.93,6.53,1.37,40.08,14.5,35.1,0.36,314,Very Poor,PM2.5
Guwahati,Northeast,11,161.73,262.4,65.48,1.2,1.79,41.12,14.6,49.0,0.98,332,Very Poor,PM2.5
Patna,East,10,39.86,109.26,43.43,10.39,1.41,28.3,32.3,59.3,2.95,106,Moderate,PM10
Guwahati,Northeast,4,95.07,96.04,22.06,16.65,0.8,35.83,33.7,60.2,3.11,215,Poor,PM2.5
Lucknow,North,2,178.85,306.68,20.11,15.2,1.13,15.88,17.8,52.7,1.01,345,Very Poor,PM2.5
Bengaluru,South,3,23.86,67.16,23.09,11.78,0.98,19.53,29.2,60.5,0.68,67,Satisfactory,PM10
Patna,East,2,159.31,253.97,46.51,11.87,1.71,35.96,14.7,42.6,0.79,330,Very Poor,PM2.5
Bengaluru,South,2,100.5,103.6,11.98,3.82,1.2,23.32,16.8,52.3,2.45,233,Poor,PM2.5
Mumbai,West,11,53.44,88.22,54.9,4.63,1.79,28.86,17.6,64.7,2.1,89,Satisfactory,PM2.5
Bengaluru,South,2,64.48,73.41,49.01,6.83,1.24,31.34,19.7,47.0,3.91,113,Moderate,PM2.5
Mumbai,West,11,105.19,137.9,67.63,2.97,1.45,20.72,18.4,47.4,2.61,249,Poor,PM2.5
Kolkata,East,6,19.05,38.7,26.05,12.36,0.9,31.77,30.5,91.2,3.15,45,Good,CO
Chennai,South,7,12.09,33.52,35.9,16.16,0.96,35.45,28.5,87.6,3.12,48,Good,CO
Hyderabad,South,7,22.63,22.63,31.22,1.2,0.43,31.79,28.4,68.7,2.0,39,Good,NO2
Ahmedabad,West,5,37.38,127.98,27.98,13.96,1.34,43.65,28.0,59.1,2.76,119,Moderate,PM10
Hyderabad,South,12,63.73,92.5,61.31,12.17,1.46,27.11,18.7,56.9,1.68,110,Moderate,PM2.5
Bengaluru,South,9,28.08,30.17,16.1,14.13,1.03,15.14,27.7,83.9,3.22,47,Good,PM2.5
Hyderabad,South,1,35.6,130.82,43.64,9.68,2.02,40.43,23.4,62.5,2.68,121,Moderate,PM10
Patna,East,7,25.68,35.68,29.1,15.95,0.88,21.87,25.8,83.1,2.8,44,Good,CO
Patna,East,2,197.52,241.41,58.89,13.82,1.01,40.12,16.5,38.8,0.81,360,Very Poor,PM2.5
Ahmedabad,West,9,20.62,31.6,25.17,14.97,0.99,30.65,28.2,82.9,0.44,50,Good,CO
Lucknow,North,12,37.91,274.94,47.93,17.02,2.17,29.7,16.5,55.9,1.1,225,Poor,PM10
Lucknow,North,11,215.22,226.49,59.6,15.25,1.14,36.18,20.1,52.8,0.97,373,Very Poor,PM2.5
Patna,East,3,36.53,88.95,19.97,14.1,0.56,26.29,27.3,79.6,1.26,89,Satisfactory,PM10
Guwahati,Northeast,3,47.36,85.94,28.99,14.13,0.86,40.21,25.6,69.1,2.08,86,Satisfactory,PM10
Chennai,South,1,43.74,135.24,68.81,11.63,1.51,18.64,17.3,39.3,1.78,124,Moderate,PM10
Ahmedabad,West,2,102.32,219.29,39.55,18.89,1.72,26.73,19.3,52.5,2.92,240,Poor,PM2.5
Kolkata,East,8,10.34,18.48,33.49,10.67,0.74,28.07,29.4,79.4,2.07,42,Good,NO2
Delhi,North,12,156.24,400.86,55.12,16.67,2.2,37.49,19.8,56.8,1.69,364,Very Poor,PM10
Lucknow,North,5,56.04,56.04,21.33,18.26,1.13,60.74,30.2,50.8,2.53,93,Satisfactory,PM2.5
Kolkata,East,2,164.42,364.51,42.8,13.69,1.13,31.78,18.0,46.0,1.27,334,Very Poor,PM2.5
Delhi,North,1,144.87,416.54,46.58,10.83,0.59,20.49,17.2,46.5,2.17,383,Very Poor,PM10
Bengaluru,South,5,65.29,77.92,28.31,11.57,0.9,63.66,24.0,44.0,2.19,116,Moderate,PM2.5
Guwahati,Northeast,10,55.87,87.36,24.77,16.89,1.18,29.55,29.9,62.2,2.17,93,Satisfactory,PM2.5
Mumbai,West,6,21.03,34.44,40.37,1.2,0.52,18.03,25.9,76.0,1.11,35,Good,PM2.5
Delhi,North,7,14.15,59.8,43.13,10.02,0.8,18.35,21.3,77.1,1.68,60,Satisfactory,PM10
Kolkata,East,10,19.8,59.01,29.25,13.76,1.01,16.91,29.6,53.6,3.51,59,Satisfactory,PM10
Chennai,South,1,36.28,107.71,53.26,14.94,1.53,40.87,21.0,49.9,3.64,106,Moderate,PM10
Chennai,South,3,75.88,75.88,20.22,19.13,0.61,16.89,25.5,63.4,2.69,152,Moderate,PM2.5
Guwahati,Northeast,11,122.24,213.87,35.34,22.95,1.74,35.45,16.5,50.5,1.0,302,Very Poor,PM2.5
Guwahati,Northeast,2,82.83,124.25,15.6,6.26,2.24,27.63,21.9,55.3,1.84,176,Moderate,PM2.5
Bengaluru,South,1,82.84,145.02,39.7,14.69,1.87,23.38,14.6,42.5,2.9,176,Moderate,PM2.5
Patna,East,5,32.52,77.11,32.79,14.97,1.32,58.09,28.0,73.5,2.21,77,Satisfactory,PM10
Bengaluru,South,6,20.73,30.17,12.82,11.18,0.48,36.13,31.6,71.6,3.14,36,Good,O3
Chennai,South,7,15.8,42.42,27.68,20.35,0.77,36.39,27.3,84.4,2.3,42,Good,PM10
Lucknow,North,10,43.18,57.31,33.56,15.12,1.06,40.91,31.3,57.0,3.22,72,Satisfactory,PM2.5
Ahmedabad,West,7,20.42,28.23,41.61,13.75,0.84,38.03,20.5,61.9,3.69,52,Satisfactory,NO2
Bengaluru,South,1,76.14,76.14,47.67,21.62,2.0,29.43,16.7,48.8,0.42,153,Moderate,PM2.5
Kolkata,East,7,26.24,26.24,22.44,6.44,0.64,28.45,20.7,82.9,3.64,44,Good,PM2.5
Kolkata,East,7,5.0,24.13,38.36,1.2,0.81,18.09,29.4,72.6,3.25,48,Good,NO2
Lucknow,North,4,73.92,73.92,31.16,4.87,1.22,32.42,29.3,59.8,1.05,145,Moderate,PM2.5
Mumbai,West,1,93.7,129.46,25.12,11.41,1.96,12.22,14.8,59.0,3.1,210,Poor,PM2.5
Kolkata,East,10,74.29,87.25,33.53,25.01,0.84,21.3,28.3,63.5,2.21,146,Moderate,PM2.5
Chennai,South,12,126.59,130.67,37.46,16.4,1.55,25.88,19.7,41.7,3.19,305,Very Poor,PM2.5
Delhi,North,11,186.11,241.3,40.7,10.03,1.48,24.83,20.7,38.1,1.88,351,Very Poor,PM2.5
Lucknow,North,3,50.94,50.94,39.16,17.98,1.16,15.28,29.5,63.2,1.0,85,Satisfactory,PM2.5
Guwahati,Northeast,2,180.41,317.38,50.55,13.4,2.31,38.3,9.4,49.5,1.31,347,Very Poor,PM2.5
Kolkata,East,5,46.48,105.16,18.87,13.61,0.65,33.53,35.4,55.7,3.32,104,Moderate,PM10
Patna,East,3,74.33,90.33,26.47,14.76,0.52,37.93,26.0,58.4,2.25,146,Moderate,PM2.5
Mumbai,West,3,55.94,82.37,33.47,11.96,1.04,24.48,33.7,47.5,4.21,93,Satisfactory,PM2.5
Mumbai,West,5,31.58,127.66,36.36,16.66,0.91,39.26,30.4,63.1,4.37,119,Moderate,PM10
Mumbai,West,8,13.79,42.94,35.74,15.14,1.1,25.72,24.2,71.1,0.97,51,Satisfactory,CO
Hyderabad,South,7,19.66,29.88,3.17,6.01,1.2,22.42,28.1,66.9,4.41,57,Satisfactory,CO
Lucknow,North,8,22.31,58.44,40.74,10.53,0.74,25.27,28.5,77.2,2.36,58,Satisfactory,PM10
Ahmedabad,West,6,19.44,58.17,28.76,20.57,1.0,36.09,24.8,71.2,3.31,58,Satisfactory,PM10
Guwahati,Northeast,10,45.63,46.98,16.57,5.15,0.42,28.92,30.4,59.9,0.28,76,Satisfactory,PM2.5
Kolkata,East,11,150.88,443.03,27.02,10.12,2.42,31.78,19.7,52.9,1.58,408,Severe,PM10
Mumbai,West,9,14.51,43.49,16.47,13.58,0.95,22.82,26.9,73.0,1.6,47,Good,CO
Mumbai,West,1,42.95,130.52,31.44,15.42,1.03,23.24,16.1,62.6,3.17,121,Moderate,PM10
Kolkata,East,6,23.78,23.78,27.64,21.59,0.94,28.57,28.6,85.2,0.56,47,Good,CO
Ahmedabad,West,3,48.31,60.09,39.02,10.49,0.38,17.35,18.8,58.1,2.59,80,Satisfactory,PM2.5
Hyderabad,South,10,61.99,104.01,26.57,1.75,1.07,32.67,27.9,67.9,1.5,104,Moderate,PM2.5
Ahmedabad,West,2,46.49,145.75,23.7,7.53,2.33,25.81,20.5,53.9,2.68,131,Moderate,PM10
Patna,East,8,18.57,18.57,21.25,14.65,1.01,14.84,24.8,73.3,2.39,31,Good,PM2.5
Delhi,North,11,124.81,212.55,59.11,15.88,1.53,24.71,18.4,45.5,0.76,304,Very Poor,PM2.5
Bengaluru,South,3,35.0,49.8,29.36,15.5,0.47,28.21,26.3,62.7,2.79,58,Satisfactory,PM2.5
Lucknow,North,11,89.31,274.4,62.81,1.37,1.77,37.99,17.5,56.4,1.01,224,Poor,PM10
Mumbai,West,5,19.47,22.7,35.92,7.27,0.78,24.53,26.8,58.6,1.98,45,Good,NO2
Mumbai,West,12,81.09,130.45,51.44,19.57,1.09,27.54,21.4,62.1,1.21,170,Moderate,PM2.5
Mumbai,West,3,66.39,88.16,29.64,10.96,0.8,30.42,26.2,59.7,2.89,119,Moderate,PM2.5
Delhi,North,12,189.8,509.8,22.41,13.56,1.24,32.85,18.1,58.1,2.06,447,Severe,PM10
Chennai,South,12,97.74,97.74,70.9,13.8,2.12,17.75,15.5,53.2,2.78,224,Poor,PM2.5
Mumbai,West,10,62.08,62.08,36.18,12.04,0.84,15.64,28.5,40.7,3.53,105,Moderate,PM2.5
Ahmedabad,West,3,45.84,73.77,37.82,11.14,0.71,23.74,30.8,64.3,2.37,76,Satisfactory,PM2.5
Kolkata,East,7,9.14,38.44,13.22,15.61,0.93,48.05,23.7,77.2,4.81,48,Good,O3
Delhi,North,12,121.01,290.28,48.03,13.35,1.26,27.25,13.2,53.1,1.65,301,Very Poor,PM2.5
Kolkata,East,10,19.56,99.19,31.06,8.52,0.82,15.39,23.9,55.7,4.18,99,Satisfactory,PM10
Bengaluru,South,1,85.69,99.78,51.57,11.32,2.02,23.51,13.3,40.9,2.2,185,Moderate,PM2.5
Kolkata,East,3,51.46,65.81,47.95,3.66,0.95,18.53,25.5,61.1,0.28,86,Satisfactory,PM2.5
Ahmedabad,West,7,33.74,33.74,30.18,16.92,0.86,23.12,20.2,83.1,2.67,56,Satisfactory,PM2.5
Kolkata,East,12,167.09,224.37,40.39,14.91,0.96,36.8,13.8,46.7,2.48,336,Very Poor,PM2.5
Delhi,North,1,165.47,195.25,40.38,12.35,1.62,27.24,17.9,50.3,0.59,335,Very Poor,PM2.5
Bengaluru,South,6,26.73,26.73,26.41,8.07,0.93,24.74,31.4,82.1,1.33,46,Good,CO
Ahmedabad,West,9,14.76,28.47,30.64,9.64,1.14,21.49,25.1,72.7,2.17,53,Satisfactory,CO
Kolkata,East,4,54.9,115.74,47.05,7.05,0.92,27.18,28.7,55.0,1.62,111,Moderate,PM10
Lucknow,North,6,19.23,21.86,35.07,7.59,1.66,24.21,27.2,67.6,4.71,81,Satisfactory,CO
Delhi,North,8,22.35,22.35,29.77,6.62,1.29,34.8,27.3,58.5,1.7,62,Satisfactory,CO
Chennai,South,6,28.85,45.88,14.63,13.45,1.17,14.07,27.0,80.2,2.46,55,Satisfactory,CO
Hyderabad,South,9,17.94,31.04,26.76,9.3,0.78,27.67,28.3,75.6,2.34,39,Good,CO
Kolkata,East,10,14.75,87.45,28.0,12.19,1.16,11.6,21.1,62.2,2.79,87,Satisfactory,PM10
Guwahati,Northeast,4,37.72,91.75,35.83,14.32,0.83,15.44,33.3,69.8,3.52,92,Satisfactory,PM10
Guwahati,Northeast,10,55.61,96.25,41.09,7.79,0.84,34.28,27.2,51.1,3.26,96,Satisfactory,PM10
Delhi,North,7,20.87,36.69,25.83,19.1,0.66,23.07,27.0,85.0,1.12,37,Good,PM10
Ahmedabad,West,6,5.81,34.76,18.61,10.15,1.08,22.61,27.7,75.6,3.55,35,Good,PM10
Delhi,North,1,121.25,258.24,63.03,13.89,0.93,33.51,14.7,63.3,1.97,301,Very Poor,PM2.5
Guwahati,Northeast,11,168.81,254.94,57.77,10.22,1.71,35.32,16.3,47.1,0.73,338,Very Poor,PM2.5
Ahmedabad,West,12,25.2,145.05,74.05,18.84,0.82,34.09,22.3,48.3,2.91,130,Moderate,PM10
Chennai,South,6,22.14,23.44,29.68,4.51,1.05,36.61,24.7,68.9,0.39,37,Good,NO2
Mumbai,West,1,55.75,63.63,54.52,9.84,1.08,23.34,21.2,56.8,2.65,93,Satisfactory,PM2.5
Chennai,South,12,41.56,120.16,50.12,9.74,1.81,21.44,19.5,56.4,0.28,114,Moderate,PM10
Delhi,North,8,5.0,28.06,36.61,10.48,0.5,18.81,30.1,62.6,4.06,46,Good,NO2
Lucknow,North,7,11.8,28.4,19.46,16.16,1.1,13.56,25.8,71.1,4.25,28,Good,PM10
Delhi,North,3,70.27,75.74,18.24,8.75,0.68,17.29,27.3,50.2,0.36,133,Moderate,PM2.5
Hyderabad,South,2,25.83,92.15,34.91,7.82,2.56,28.47,18.7,37.8,2.07,107,Moderate,CO
Lucknow,North,7,12.99,43.8,17.9,10.63,0.74,29.38,25.1,75.8,2.54,44,Good,PM10
Mumbai,West,9,23.69,36.89,27.26,9.93,1.12,26.02,26.1,78.8,4.7,52,Satisfactory,CO
Chennai,South,5,57.13,57.13,29.83,19.56,1.03,44.15,29.3,60.2,2.52,95,Satisfactory,PM2.5
Kolkata,East,8,18.2,36.47,21.56,8.13,0.53,31.28,28.6,79.9,3.88,36,Good,PM10
Kolkata,East,10,51.17,83.47,27.23,9.45,1.5,24.2,25.0,63.5,3.08,85,Satisfactory,PM2.5
Lucknow,North,5,62.68,74.34,18.67,17.71,1.07,26.07,36.3,65.3,2.79,107,Moderate,PM2.5
Lucknow,North,12,168.92,269.71,38.49,14.79,1.83,28.12,15.6,53.0,1.36,338,Very Poor,PM2.5
Lucknow,North,11,77.58,318.12,10.53,12.99,1.37,38.99,16.5,57.3,1.18,268,Poor,PM10
Bengaluru,South,5,56.61,65.88,36.37,7.23,0.98,53.63,33.0,75.3,1.94,94,Satisfactory,PM2.5
Guwahati,Northeast,5,29.34,91.66,32.18,12.49,0.6,51.66,27.3,69.3,6.0,92,Satisfactory,PM10
Guwahati,Northeast,9,20.63,40.45,23.86,3.31,0.74,18.82,22.7,91.8,3.11,40,Good,PM10
Mumbai,West,7,18.06,32.64,36.1,11.84,1.04,26.35,26.0,66.7,0.58,45,Good,NO2
Chennai,South,4,45.89,46.98,27.71,12.26,0.32,30.47,32.2,63.1,1.51,76,Satisfactory,PM2.5
Kolkata,East,10,61.1,94.33,27.2,9.75,0.73,31.93,27.6,65.0,2.95,101,Moderate,PM2.5
Mumbai,West,6,20.92,42.53,35.31,8.14,0.41,40.97,27.8,64.3,2.0,44,Good,NO2
Mumbai,West,1,63.15,100.72,68.17,6.97,1.22,29.78,19.2,56.0,3.82,108,Moderate,PM2.5
Bengaluru,South,4,52.71,70.55,28.53,12.52,0.96,51.73,32.7,60.4,1.89,88,Satisfactory,PM2.5
Bengaluru,South,4,44.56,80.93,46.53,9.49,1.01,55.46,31.3,78.7,2.38,81,Satisfactory,PM10
Bengaluru,South,12,50.43,106.45,51.58,16.06,1.75,38.58,17.7,49.3,5.83,105,Moderate,PM10
Chennai,South,7,15.15,27.25,20.08,16.5,0.8,29.07,26.8,83.9,1.85,40,Good,CO
Chennai,South,12,75.5,140.45,52.79,8.11,1.93,21.75,16.4,44.4,4.26,150,Moderate,PM2.5
Kolkata,East,6,24.54,47.31,51.63,3.8,0.7,22.82,24.4,69.4,2.46,64,Satisfactory,NO2
Chennai,South,3,50.28,77.69,32.04,14.44,1.06,24.86,33.4,61.9,0.71,84,Satisfactory,PM2.5
Lucknow,North,12,62.53,273.41,46.25,9.75,2.57,32.61,20.2,44.6,0.84,223,Poor,PM10
Hyderabad,South,4,47.72,47.72,26.49,12.07,0.84,31.75,29.4,58.6,2.9,79,Satisfactory,PM2.5
Kolkata,East,8,27.91,31.39,24.17,14.1,1.06,24.35,29.4,85.8,4.25,46,Good,PM2.5
Delhi,North,2,111.48,273.13,48.16,11.53,1.29,15.52,18.3,45.9,1.45,271,Poor,PM2.5
Hyderabad,South,11,43.06,127.36,50.17,14.78,2.65,30.33,19.5,43.4,1.36,118,Moderate,PM10
Lucknow,North,9,13.7,23.64,27.67,11.57,0.66,25.44,30.7,71.6,1.24,35,Good,NO2
Kolkata,East,4,52.75,62.26,14.71,8.43,0.89,56.69,27.9,59.3,3.56,88,Satisfactory,PM2.5
Kolkata,East,6,27.58,27.58,30.79,13.18,1.19,32.63,19.9,71.7,2.95,56,Satisfactory,CO
Delhi,North,3,52.52,94.62,33.11,10.97,0.4,24.17,28.2,51.3,3.51,95,Satisfactory,PM10
Lucknow,North,1,167.1,167.1,29.6,21.05,1.34,11.33,21.7,52.1,2.02,336,Very Poor,PM2.5
Chennai,South,2,81.23,131.96,58.04,22.93,2.07,14.73,19.3,61.1,4.15,170,Moderate,PM2.5
Ahmedabad,West,4,63.35,97.79,49.61,8.4,0.76,38.14,29.5,52.9,0.28,109,Moderate,PM2.5
Bengaluru,South,7,22.87,29.33,44.26,12.06,1.25,30.2,29.5,80.2,4.33,59,Satisfactory,CO
Delhi,North,11,187.78,301.89,43.85,13.94,2.67,25.73,19.3,62.1,2.04,352,Very Poor,PM2.5
Lucknow,North,4,7.46,88.36,9.36,19.06,0.95,54.6,28.3,47.6,3.09,88,Satisfactory,PM10
Hyderabad,South,1,57.96,122.02,87.85,16.01,2.1,35.09,22.4,50.5,0.5,115,Moderate,PM10
Hyderabad,South,1,89.89,89.89,45.46,8.68,2.32,34.3,20.0,57.0,2.76,200,Moderate,PM2.5
Bengaluru,South,11,40.96,40.96,50.16,13.56,2.18,41.2,22.7,44.0,2.41,102,Moderate,CO
Mumbai,West,7,38.19,49.71,37.4,10.14,0.66,34.63,23.7,76.1,2.67,63,Satisfactory,PM2.5
Patna,East,2,140.14,140.14,55.26,8.64,1.62,27.27,17.2,58.3,0.54,316,Very Poor,PM2.5
Bengaluru,South,4,55.77,62.41,14.49,15.21,1.2,41.43,25.1,65.6,0.94,93,Satisfactory,PM2.5
Guwahati,Northeast,7,13.96,22.45,24.29,11.12,0.73,32.95,25.7,85.8,3.11,36,Good,CO
Kolkata,East,10,31.36,38.69,30.44,10.3,0.26,23.5,24.3,72.6,0.89,52,Satisfactory,PM2.5
Delhi,North,9,28.12,48.44,21.74,8.97,1.07,8.45,21.4,75.8,4.54,48,Good,PM10
Chennai,South,1,72.47,159.48,78.34,9.23,1.59,43.31,13.4,60.2,1.66,140,Moderate,PM2.5
Patna,East,5,41.18,54.51,19.74,13.33,1.17,40.37,31.2,64.6,1.71,68,Satisfactory,PM2.5
Guwahati,Northeast,3,57.9,136.25,24.84,9.8,1.11,34.88,25.4,56.8,3.41,124,Moderate,PM10
Guwahati,Northeast,12,137.01,279.31,62.34,9.1,0.72,11.9,14.2,41.5,1.31,313,Very Poor,PM2.5
Delhi,North,3,33.93,58.73,24.3,18.35,1.08,28.14,25.6,56.5,3.17,59,Satisfactory,PM10
Delhi,North,11,109.17,274.98,18.74,13.02,1.97,25.65,23.4,45.0,1.52,263,Poor,PM2.5
Mumbai,West,5,43.42,73.88,28.9,16.07,1.27,41.97,33.4,54.4,3.66,74,Satisfactory,PM10
Ahmedabad,West,4,62.18,127.23,26.97,1.48,0.75,57.52,32.7,62.0,3.93,118,Moderate,PM10
Patna,East,1,228.19,347.02,69.91,13.72,2.03,25.42,16.2,65.7,1.52,383,Very Poor,PM2.5
Delhi,North,12,166.93,224.14,48.16,18.89,1.87,13.62,17.4,66.3,1.28,336,Very Poor,PM2.5
Kolkata,East,11,266.01,327.68,46.99,10.22,2.12,23.45,21.4,56.3,1.54,407,Severe,PM2.5
Guwahati,Northeast,11,150.2,357.32,35.54,4.21,1.89,33.3,19.4,55.3,1.22,323,Very Poor,PM2.5
Hyderabad,South,6,19.93,29.39,25.38,21.7,0.43,32.2,22.0,77.1,2.31,33,Good,PM2.5
Hyderabad,South,6,23.01,30.5,10.37,16.03,1.29,40.52,28.1,78.4,4.29,61,Satisfactory,CO
Chennai,South,3,62.85,62.85,29.69,14.11,0.41,31.94,33.8,65.1,4.45,107,Moderate,PM2.5
Patna,East,11,155.9,303.11,36.25,7.37,2.21,39.53,15.0,59.7,1.35,328,Very Poor,PM2.5
Ahmedabad,West,7,23.51,44.69,28.69,18.77,0.98,33.24,24.5,95.3,3.33,49,Good,CO
Kolkata,East,10,19.67,57.62,38.4,13.38,0.38,36.72,25.4,71.3,2.7,58,Satisfactory,PM10
Ahmedabad,West,5,63.57,63.57,19.66,11.06,1.12,25.23,26.0,66.6,2.12,110,Moderate,PM2.5
Kolkata,East,5,15.76,60.92,27.94,16.47,0.69,62.88,28.9,54.5,4.52,63,Satisfactory,O3
Kolkata,East,2,129.09,259.34,67.48,19.04,1.21,27.64,18.3,44.1,1.37,307,Very Poor,PM2.5
Delhi,North,11,223.85,370.53,43.26,10.97,1.92,23.08,19.8,51.3,0.86,380,Very Poor,PM2.5
Hyderabad,South,9,30.51,32.81,41.78,9.53,0.98,48.1,23.8,62.8,4.24,52,Satisfactory,NO2
Ahmedabad,West,3,44.67,63.05,30.25,7.44,0.85,31.78,24.0,54.4,2.41,74,Satisfactory,PM2.5
Kolkata,East,9,17.26,35.65,24.64,10.7,0.89,22.49,29.1,89.5,2.28,45,Good,CO
Hyderabad,South,6,18.55,38.2,41.15,14.44,0.42,31.81,30.7,76.2,3.92,51,Satisfactory,NO2
Bengaluru,South,10,21.6,79.74,13.25,10.85,1.25,11.96,23.2,51.7,2.73,80,Satisfactory,PM10
Bengaluru,South,10,67.04,98.4,32.16,12.7,1.01,20.76,29.6,51.1,3.74,122,Moderate,PM2.5
Hyderabad,South,12,75.17,112.71,53.76,1.2,1.75,27.05,17.8,57.7,2.72,149,Moderate,PM2.5
Guwahati,Northeast,5,42.77,78.05,28.97,12.78,1.18,28.32,31.5,70.3,0.86,78,Satisfactory,PM10
Lucknow,North,9,16.1,30.6,20.4,11.19,1.4,17.38,23.5,67.6,4.73,67,Satisfactory,CO
Delhi,North,7,20.07,30.27,20.07,10.87,1.56,39.69,24.4,83.2,1.87,76,Satisfactory,CO
Kolkata,East,3,61.06,103.12,36.79,9.74,0.85,34.3,28.2,56.9,0.99,102,Moderate,PM10
Hyderabad,South,4,61.99,61.99,33.37,13.59,1.1,52.99,28.9,47.1,2.2,104,Moderate,PM2.5
Delhi,North,6,16.41,27.26,12.7,20.41,1.12,34.47,29.9,82.6,2.53,52,Satisfactory,CO
Ahmedabad,West,8,17.22,61.64,32.67,9.77,1.03,19.51,31.5,72.7,3.36,62,Satisfactory,PM10
Patna,East,3,51.06,78.67,28.09,11.73,0.74,24.22,31.4,59.1,1.92,85,Satisfactory,PM2.5
Bengaluru,South,8,28.05,41.4,32.71,10.76,1.05,22.59,26.2,85.8,3.78,47,Good,PM2.5
Guwahati,Northeast,7,14.19,35.55,42.5,2.81,0.98,16.44,25.1,75.1,2.33,53,Satisfactory,NO2
Chennai,South,7,20.3,28.9,15.72,15.74,1.1,35.08,22.4,80.4,3.56,51,Satisfactory,CO
Chennai,South,2,70.22,114.85,74.53,21.24,0.8,48.95,15.3,59.8,3.89,132,Moderate,PM2.5
Patna,East,8,23.75,33.31,32.66,13.11,1.22,28.63,26.5,86.8,3.45,58,Satisfactory,CO
Bengaluru,South,12,53.72,81.68,39.82,9.02,1.98,36.2,17.5,63.4,4.33,99,Satisfactory,CO
Patna,East,1,113.97,400.55,47.12,12.61,1.44,20.53,13.6,57.1,0.96,363,Very Poor,PM10
Bengaluru,South,5,27.89,47.64,32.29,19.34,0.92,49.21,25.5,54.6,1.6,49,Good,O3
Ahmedabad,West,3,46.84,46.84,16.89,9.42,0.68,31.33,27.9,67.2,3.64,78,Satisfactory,PM2.5
Delhi,North,12,159.89,296.76,55.37,12.68,1.41,25.21,15.5,55.4,1.35,331,Very Poor,PM2.5
Chennai,South,3,34.95,61.28,22.44,6.19,1.16,28.66,24.4,66.5,2.17,61,Satisfactory,PM10
Mumbai,West,7,27.49,28.88,24.57,12.2,1.21,28.17,23.4,82.4,2.26,57,Satisfactory,CO
Kolkata,East,9,20.24,20.24,31.0,21.33,1.33,43.38,23.9,85.3,1.99,63,Satisfactory,CO
Ahmedabad,West,2,38.81,95.99,38.26,16.31,1.98,30.33,13.9,49.5,1.96,99,Satisfactory,CO
Patna,East,12,225.98,358.2,37.12,1.2,0.75,39.94,16.8,46.0,2.32,382,Very Poor,PM2.5
Chennai,South,1,70.6,108.53,46.1,13.09,2.37,31.55,20.2,61.4,1.49,134,Moderate,PM2.5
Hyderabad,South,4,40.36,40.36,10.12,7.11,1.04,43.43,31.6,75.6,1.38,67,Satisfactory,PM2.5
Guwahati,Northeast,5,49.79,59.6,28.24,4.32,1.28,33.41,37.1,59.7,3.95,83,Satisfactory,PM2.5
Hyderabad,South,8,20.03,28.39,29.0,13.53,0.69,26.95,25.2,96.4,2.7,36,Good,NO2
Bengaluru,South,2,65.21,128.26,28.97,9.85,1.7,41.32,18.7,63.1,3.52,119,Moderate,PM10
Mumbai,West,3,44.07,131.36,23.92,8.32,0.57,47.58,29.5,57.3,4.2,121,Moderate,PM10
Delhi,North,10,75.97,75.97,25.77,9.78,0.37,36.91,26.2,65.9,5.44,152,Moderate,PM2.5
Kolkata,East,8,17.27,35.65,36.29,9.28,0.73,36.88,28.1,61.6,1.43,45,Good,NO2
Mumbai,West,6,23.1,26.55,26.57,12.06,1.1,16.59,24.5,80.2,2.69,38,Good,PM2.5
Delhi,North,9,11.54,38.11,37.17,14.34,0.94,27.19,24.5,77.4,4.21,47,Good,CO
Bengaluru,South,8,13.94,29.34,29.69,10.21,1.03,32.39,29.7,89.4,3.92,37,Good,NO2
Guwahati,Northeast,3,30.77,74.76,24.21,6.54,0.78,24.01,25.0,57.5,4.12,75,Satisfactory,PM10
Hyderabad,South,10,83.93,83.93,25.56,12.02,0.97,31.66,33.2,53.2,3.76,179,Moderate,PM2.5
Bengaluru,South,8,9.11,42.38,38.65,7.89,0.9,13.51,23.2,86.4,2.28,48,Good,NO2
Bengaluru,South,4,48.61,64.51,24.05,15.55,0.59,30.59,31.5,67.8,4.19,81,Satisfactory,PM2.5
Delhi,North,9,26.89,26.89,43.34,6.56,1.26,22.49,33.0,82.7,1.66,60,Satisfactory,CO
Chennai,South,1,89.14,156.58,46.98,12.21,1.96,29.11,14.1,45.5,3.06,197,Moderate,PM2.5
Ahmedabad,West,1,109.59,146.83,52.14,15.59,1.28,26.71,15.5,42.0,3.17,264,Poor,PM2.5
Lucknow,North,5,55.83,89.03,30.04,14.67,0.89,47.2,28.8,63.0,3.55,93,Satisfactory,PM2.5
Patna,East,6,20.62,27.98,23.58,6.6,1.24,36.95,28.6,93.8,2.59,59,Satisfactory,CO
Patna,East,9,14.63,32.08,30.14,10.09,1.0,35.02,26.7,92.2,3.07,38,Good,NO2
Lucknow,North,10,30.68,86.1,26.87,9.08,0.69,50.44,26.2,48.3,2.02,86,Satisfactory,PM10
Delhi,North,2,190.61,317.27,57.74,8.9,1.76,20.64,16.1,44.7,0.73,354,Very Poor,PM2.5
Patna,East,7,25.13,44.51,28.33,15.73,0.42,35.25,27.5,83.0,3.23,44,Good,PM10
Kolkata,East,10,21.41,60.16,32.75,15.31,0.53,19.76,24.8,57.1,1.27,60,Satisfactory,PM10
Delhi,North,3,32.06,78.48,18.08,11.44,1.19,17.07,26.4,68.2,2.33,78,Satisfactory,PM10
Hyderabad,South,10,63.33,69.47,37.28,14.06,0.81,32.03,28.0,68.2,2.19,109,Moderate,PM2.5
Patna,East,8,19.81,41.7,19.39,16.88,1.03,16.94,30.6,95.9,3.92,42,Good,PM10
Delhi,North,12,164.78,164.78,21.44,13.22,1.32,20.32,17.8,56.9,0.59,335,Very Poor,PM2.5
Kolkata,East,1,244.55,244.55,60.52,9.67,1.86,37.22,20.2,59.3,0.76,396,Very Poor,PM2.5
Patna,East,2,112.25,293.18,51.72,14.33,1.76,20.91,14.0,59.0,1.5,274,Poor,PM2.5
Delhi,North,11,157.49,157.49,61.91,10.22,1.76,22.56,22.9,45.0,1.21,329,Very Poor,PM2.5
Hyderabad,South,11,43.24,130.8,71.21,9.65,1.79,5.0,17.9,49.5,1.88,121,Moderate,PM10
Mumbai,West,8,17.94,32.59,24.83,2.8,0.59,36.07,20.7,71.9,2.35,36,Good,O3
Ahmedabad,West,6,25.7,28.67,38.96,8.45,1.17,16.59,30.2,74.8,1.65,55,Satisfactory,CO
Chennai,South,8,22.22,29.32,32.65,9.2,1.07,31.71,26.8,74.5,2.97,41,Good,NO2
Guwahati,Northeast,11,275.46,348.66,62.05,26.82,1.85,32.07,20.1,43.9,1.15,411,Severe,PM2.5
Ahmedabad,West,12,85.87,112.78,49.99,17.22,2.01,26.64,16.0,61.1,3.67,186,Moderate,PM2.5
Lucknow,North,2,142.46,285.51,59.22,16.37,1.74,32.92,18.2,46.6,1.25,318,Very Poor,PM2.5
Chennai,South,4,44.45,44.45,24.66,12.27,0.82,38.89,32.5,51.4,0.98,74,Satisfactory,PM2.5
Delhi,North,10,57.03,115.23,34.57,4.95,0.84,30.16,27.5,64.3,1.77,110,Moderate,PM10
Patna,East,11,183.54,339.37,36.4,10.34,0.3,22.78,16.4,43.8,1.49,349,Very Poor,PM2.5
Bengaluru,South,1,14.65,126.69,34.63,14.33,0.98,28.25,17.2,54.4,2.94,118,Moderate,PM10
Kolkata,East,4,20.8,42.6,23.1,11.96,0.74,49.88,30.2,52.3,2.49,50,Good,O3
Delhi,North,1,178.19,425.28,38.37,11.65,1.8,27.8,16.5,39.6,1.11,394,Very Poor,PM10
Bengaluru,South,4,17.81,58.24,19.2,14.8,1.06,30.61,30.2,45.1,2.25,58,Satisfactory,PM10
Mumbai,West,12,90.21,93.54,63.15,4.72,1.0,33.96,23.0,55.9,2.75,94,Satisfactory,PM10
Ahmedabad,West,11,20.45,123.62,42.84,6.69,1.63,28.97,20.8,53.1,4.18,116,Moderate,PM10
Chennai,South,1,67.17,157.0,33.91,25.51,1.78,31.2,19.6,67.0,3.69,138,Moderate,PM10
Mumbai,West,12,104.39,106.83,49.54,5.86,1.85,22.53,18.3,49.7,4.96,247,Poor,PM2.5
Patna,East,2,162.6,277.22,42.62,17.31,1.44,24.46,20.9,47.7,1.38,333,Very Poor,PM2.5
Delhi,North,6,25.24,54.47,34.06,19.02,0.67,29.99,24.2,76.2,3.66,54,Satisfactory,PM10
Hyderabad,South,11,35.39,72.05,28.11,14.36,2.59,39.44,12.3,63.4,3.85,107,Moderate,CO
Kolkata,East,5,40.22,101.64,32.62,5.72,1.06,15.07,30.3,69.1,2.82,101,Moderate,PM10
Delhi,North,11,209.8,351.54,66.86,16.2,2.12,34.16,18.8,52.7,1.27,369,Very Poor,PM2.5
Kolkata,East,4,29.95,70.03,30.03,18.92,0.89,54.64,34.2,58.1,3.47,70,Satisfactory,PM10
Guwahati,Northeast,5,65.82,91.09,18.0,12.78,1.34,39.72,32.3,64.4,1.64,118,Moderate,PM2.5
Kolkata,East,10,23.05,62.14,37.04,13.71,0.82,31.75,26.8,60.1,3.54,62,Satisfactory,PM10
Bengaluru,South,12,70.99,107.85,25.17,7.58,2.35,31.23,14.0,39.7,2.67,135,Moderate,PM2.5
Ahmedabad,West,8,18.93,47.92,30.96,14.26,0.54,35.88,26.0,84.9,1.89,48,Good,PM10
Bengaluru,South,9,22.74,32.83,31.4,10.72,0.72,41.49,30.1,71.9,3.44,42,Good,O3
Bengaluru,South,8,11.85,45.1,13.69,16.45,0.83,26.22,28.2,82.6,1.87,45,Good,PM10
Bengaluru,South,1,72.78,74.16,45.55,18.63,2.4,34.03,14.4,55.9,3.75,141,Moderate,PM2.5
Lucknow,North,4,57.36,84.84,27.39,9.08,0.39,46.28,31.6,64.5,1.3,96,Satisfactory,PM2.5
Kolkata,East,6,34.81,35.24,27.48,13.48,1.45,19.4,27.6,71.6,2.19,70,Satisfactory,CO
Lucknow,North,11,235.45,418.96,54.45,10.19,2.8,24.41,16.3,37.8,2.18,389,Very Poor,PM2.5
Lucknow,North,2,295.4,295.4,69.0,12.34,1.99,14.16,22.4,58.3,1.38,419,Severe,PM2.5
Ahmedabad,West,6,14.82,28.44,24.11,3.11,1.13,38.01,24.9,80.8,2.5,53,Satisfactory,CO
Kolkata,East,9,15.8,25.3,36.84,11.69,1.45,28.39,24.2,87.8,3.51,70,Satisfactory,CO
Bengaluru,South,10,63.75,63.75,26.93,11.18,0.55,25.79,31.0,61.9,1.29,110,Moderate,PM2.5
Guwahati,Northeast,3,71.22,74.43,22.56,10.68,0.5,39.95,25.8,70.9,2.86,136,Moderate,PM2.5
Bengaluru,South,9,22.07,43.24,34.04,14.99,0.99,26.04,32.7,70.7,2.8,50,Good,CO
Patna,East,11,182.54,236.96,52.53,11.19,0.84,28.08,14.7,38.1,1.48,348,Very Poor,PM2.5
Kolkata,East,4,53.3,89.52,11.77,5.47,1.43,28.81,32.8,54.5,2.89,90,Satisfactory,PM10
Kolkata,East,5,53.84,79.64,24.23,6.96,0.97,26.72,32.3,81.0,4.31,90,Satisfactory,PM2.5
Guwahati,Northeast,1,155.21,155.21,28.96,18.16,1.22,22.13,17.5,43.5,0.71,327,Very Poor,PM2.5
Hyderabad,South,2,48.16,92.55,36.75,14.51,1.49,26.5,19.8,50.9,2.49,92,Satisfactory,PM10
Bengaluru,South,10,55.52,73.12,28.68,8.25,0.67,34.46,28.3,63.6,3.11,92,Satisfactory,PM2.5
Lucknow,North,8,25.19,44.08,35.65,11.52,1.27,29.92,28.9,80.3,3.08,60,Satisfactory,CO
Delhi,North,4,56.05,141.8,24.85,12.34,0.78,35.85,35.6,54.6,2.27,128,Moderate,PM10
Mumbai,West,4,33.07,37.29,33.31,25.44,0.8,21.0,33.7,54.2,4.26,54,Satisfactory,PM2.5
Ahmedabad,West,1,54.52,112.65,58.91,10.91,1.36,26.33,14.2,55.2,0.8,109,Moderate,PM10
Delhi,North,4,56.96,83.45,32.96,11.69,1.22,53.65,32.3,67.4,3.64,95,Satisfactory,PM2.5
Bengaluru,South,1,37.07,134.01,55.86,17.23,1.15,20.39,19.4,51.4,0.69,123,Moderate,PM10
Guwahati,Northeast,6,7.12,24.66,39.35,20.76,0.57,25.23,27.1,92.2,2.25,49,Good,NO2
Patna,East,6,31.23,31.23,34.07,4.91,0.85,14.06,23.8,84.7,2.74,51,Satisfactory,PM2.5
Hyderabad,South,2,51.66,111.12,52.34,16.72,0.34,21.01,18.5,51.2,3.25,108,Moderate,PM10
Bengaluru,South,2,62.53,100.19,44.46,17.51,1.25,27.47,18.6,64.5,2.46,106,Moderate,PM2.5
Delhi,North,6,28.98,33.77,26.23,10.42,0.83,35.18,27.7,79.9,1.54,48,Good,PM2.5
Patna,East,11,280.03,280.03,36.84,18.87,1.74,32.86,17.6,49.5,1.31,412,Severe,PM2.5
Lucknow,North,8,19.63,37.48,43.54,12.41,0.27,27.21,35.2,84.9,1.89,54,Satisfactory,NO2
Ahmedabad,West,3,33.31,45.43,25.07,12.44,0.39,18.35,27.0,56.7,3.24,55,Satisfactory,PM2.5
Chennai,South,12,87.5,87.5,71.66,3.76,1.08,31.51,23.0,54.5,3.43,192,Moderate,PM2.5
Hyderabad,South,2,44.85,101.5,30.55,5.86,1.79,18.57,19.0,41.6,3.13,101,Moderate,PM10
Ahmedabad,West,7,30.22,37.77,38.38,8.37,0.92,19.76,25.8,75.9,1.99,48,Good,NO2
Delhi,North,7,10.23,10.26,19.13,15.01,0.47,16.51,32.4,72.9,3.16,24,Good,NO2
Lucknow,North,1,197.1,197.1,44.67,4.23,2.77,14.6,14.9,43.7,0.56,359,Very Poor,PM2.5
Ahmedabad,West,11,129.35,129.35,28.99,1.26,1.48,25.34,16.0,53.8,3.24,307,Very Poor,PM2.5
Mumbai,West,12,62.25,79.67,57.59,12.06,2.03,34.64,13.7,40.5,1.95,105,Moderate,PM2.5
Bengaluru,South,4,56.9,84.56,37.23,13.9,0.96,57.12,32.4,60.5,4.46,95,Satisfactory,PM2.5
Lucknow,North,8,18.09,25.77,33.91,17.94,0.89,38.99,21.1,77.6,2.76,44,Good,CO
Guwahati,Northeast,12,293.5,293.5,42.13,12.12,0.64,21.62,20.9,47.0,0.94,418,Severe,PM2.5
Guwahati,Northeast,10,66.11,88.36,24.18,10.85,0.68,19.64,23.9,55.1,1.64,118,Moderate,PM2.5
Kolkata,East,2,172.29,291.14,72.49,8.79,1.74,30.63,17.2,58.0,1.83,340,Very Poor,PM2.5
Delhi,North,1,145.68,242.83,28.3,8.13,1.3,18.56,19.3,61.6,0.89,320,Very Poor,PM2.5
Bengaluru,South,7,12.92,31.28,22.2,14.89,0.72,36.5,26.3,72.8,1.4,36,Good,O3
Mumbai,West,3,59.1,82.77,46.81,18.86,0.82,25.33,28.4,53.3,4.11,98,Satisfactory,PM2.5
Chennai,South,11,76.28,143.52,72.81,12.82,1.55,40.67,20.9,49.4,2.81,153,Moderate,PM2.5
Chennai,South,10,50.7,50.7,15.04,7.74,0.64,22.59,28.9,58.6,3.02,84,Satisfactory,PM2.5
Bengaluru,South,12,58.69,139.97,56.57,8.52,1.68,46.47,17.9,46.5,2.61,127,Moderate,PM10
Mumbai,West,7,19.18,34.1,15.88,7.38,0.86,26.61,25.3,76.6,2.87,43,Good,CO
Hyderabad,South,6,19.55,38.55,23.45,14.75,1.0,35.27,29.1,82.7,2.69,38,Good,PM10
Bengaluru,South,11,96.06,96.06,38.95,12.87,1.8,21.08,17.8,51.2,0.32,218,Poor,PM2.5
Lucknow,North,1,151.19,258.92,68.39,6.16,1.2,6.06,16.6,48.8,1.11,324,Very Poor,PM2.5
Chennai,South,8,26.35,35.23,24.89,16.93,0.89,21.13,21.9,74.5,3.65,45,Good,CO
Guwahati,Northeast,2,163.45,209.55,30.94,14.65,0.75,32.62,20.5,55.5,1.28,334,Very Poor,PM2.5
Ahmedabad,West,2,74.19,91.22,74.65,10.31,1.97,7.68,21.8,63.8,2.83,146,Moderate,PM2.5
Kolkata,East,3,53.8,61.75,32.6,8.12,0.74,37.47,29.9,54.3,1.98,90,Satisfactory,PM2.5
Delhi,North,9,25.44,25.44,31.0,15.58,0.88,36.48,26.1,76.3,1.71,44,Good,CO
Lucknow,North,8,14.82,38.04,27.4,6.95,0.74,39.62,27.6,69.9,3.14,40,Good,O3
Bengaluru,South,5,99.4,99.4,24.8,18.82,0.4,43.19,37.0,59.1,0.86,230,Poor,PM2.5
Chennai,South,1,105.64,132.43,35.92,8.71,1.33,31.03,22.0,60.4,3.31,251,Poor,PM2.5
Hyderabad,South,6,10.84,39.93,16.7,10.92,0.98,18.44,23.9,77.2,3.36,49,Good,CO
Bengaluru,South,10,54.56,78.19,21.73,6.86,0.76,31.44,28.0,43.2,1.92,91,Satisfactory,PM2.5
Hyderabad,South,9,20.81,20.81,47.79,11.86,1.0,31.36,25.9,72.2,5.18,60,Satisfactory,NO2
Ahmedabad,West,8,26.08,40.38,19.57,18.13,0.67,30.38,22.1,61.7,3.16,44,Good,PM2.5
Kolkata,East,9,6.15,40.01,45.81,18.67,0.83,28.07,29.7,87.0,2.42,57,Satisfactory,NO2
Delhi,North,8,22.38,40.15,26.88,11.42,1.27,38.16,28.4,91.8,2.37,60,Satisfactory,CO
Hyderabad,South,10,53.54,151.57,17.98,8.69,1.01,31.34,32.9,54.7,3.81,135,Moderate,PM10
Ahmedabad,West,2,87.26,87.26,68.27,17.9,1.89,29.72,18.7,51.4,3.52,191,Moderate,PM2.5
Patna,East,2,112.48,186.43,37.17,13.07,1.59,29.81,19.5,47.0,2.22,274,Poor,PM2.5
Guwahati,Northeast,8,17.18,39.41,12.57,8.21,1.16,13.41,30.4,90.1,2.39,54,Satisfactory,CO
Ahmedabad,West,8,28.18,29.6,35.29,8.78,0.77,21.29,28.0,87.3,2.59,47,Good,PM2.5
Delhi,North,2,99.37,304.2,74.56,13.89,1.41,34.44,17.3,49.0,0.86,254,Poor,PM10
Kolkata,East,6,5.0,42.66,24.1,10.03,1.36,22.0,25.0,77.0,3.26,65,Satisfactory,CO
Kolkata,East,8,9.1,25.48,38.76,12.36,1.02,25.8,25.0,91.4,2.59,48,Good,NO2
Hyderabad,South,4,62.26,62.26,23.0,12.05,0.9,45.27,37.3,62.7,0.28,105,Moderate,PM2.5
Kolkata,East,2,162.12,275.55,51.54,11.86,1.57,33.15,16.4,44.4,3.09,333,Very Poor,PM2.5
Chennai,South,8,20.96,20.96,28.98,7.52,0.78,36.78,28.4,82.5,0.82,39,Good,CO
Lucknow,North,7,11.8,50.21,36.58,14.77,0.67,29.27,25.6,78.2,2.52,46,Good,NO2
Hyderabad,South,2,97.48,116.1,41.02,9.31,1.77,20.49,11.2,55.3,3.38,223,Poor,PM2.5
Chennai,South,7,12.11,35.34,15.7,7.07,0.7,35.09,25.9,74.4,4.99,35,Good,PM10
Guwahati,Northeast,3,50.34,68.02,22.99,1.51,1.16,31.77,26.5,58.9,3.62,84,Satisfactory,PM2.5
Ahmedabad,West,6,16.07,22.69,42.88,16.2,0.31,15.28,26.6,74.2,1.32,53,Satisfactory,NO2
Chennai,South,11,77.66,135.95,38.03,15.47,1.42,25.62,19.8,39.0,4.59,158,Moderate,PM2.5
Delhi,North,4,65.17,65.17,20.25,6.42,0.97,42.83,29.6,51.9,1.38,115,Moderate,PM2.5
Delhi,North,2,133.93,216.05,70.28,11.6,2.21,23.52,18.7,51.6,0.45,311,Very Poor,PM2.5
Hyderabad,South,2,66.69,145.65,37.17,11.21,1.18,38.38,18.9,54.9,4.32,131,Moderate,PM10
Bengaluru,South,9,25.67,25.67,22.16,7.18,1.1,29.43,22.8,76.5,1.13,43,Good,PM2.5
Hyderabad,South,7,8.52,39.89,31.17,21.16,1.13,24.45,29.5,66.8,1.72,53,Satisfactory,CO
Hyderabad,South,4,11.01,75.65,19.43,12.49,0.61,47.35,31.1,71.2,2.81,76,Satisfactory,PM10
Mumbai,West,9,18.5,20.54,31.41,14.83,1.57,22.78,26.2,73.4,3.04,76,Satisfactory,CO
Hyderabad,South,8,19.87,45.64,22.82,16.73,1.05,27.9,26.1,97.4,1.88,46,Good,PM10
Patna,East,3,33.18,117.48,35.45,8.74,1.04,30.16,25.5,66.1,3.24,112,Moderate,PM10
Hyderabad,South,10,44.34,86.39,29.93,12.28,0.73,42.23,23.8,63.4,2.44,86,Satisfactory,PM10
Mumbai,West,12,47.86,92.75,34.03,13.55,0.94,23.98,11.5,53.9,2.24,93,Satisfactory,PM10
Lucknow,North,4,62.1,62.1,34.69,8.64,1.33,51.44,28.0,52.7,3.48,105,Moderate,PM2.5
Hyderabad,South,4,42.33,105.7,21.71,12.44,1.16,52.19,30.5,57.7,0.85,104,Moderate,PM10
Guwahati,Northeast,8,25.82,25.82,30.67,11.34,0.92,36.73,23.4,76.1,3.01,46,Good,CO
Ahmedabad,West,1,105.07,151.44,52.18,20.61,0.88,27.94,19.1,44.7,3.14,249,Poor,PM2.5
Hyderabad,South,12,86.92,156.76,51.92,3.11,1.14,32.74,18.1,30.4,4.19,190,Moderate,PM2.5
Bengaluru,South,11,49.93,154.52,38.24,8.7,1.77,42.96,22.9,54.9,3.32,137,Moderate,PM10
Guwahati,Northeast,10,25.2,91.28,21.83,13.53,0.84,32.21,27.4,35.4,3.0,91,Satisfactory,PM10
Lucknow,North,1,184.97,263.63,71.65,13.49,1.81,36.77,19.1,44.8,0.2,350,Very Poor,PM2.5
Bengaluru,South,9,25.64,30.78,34.73,12.71,1.25,25.52,28.4,82.0,4.48,59,Satisfactory,CO
Lucknow,North,5,37.78,95.97,40.99,13.15,0.82,51.54,33.6,57.1,3.17,96,Satisfactory,PM10
Delhi,North,3,74.77,93.54,28.37,11.74,1.05,27.03,27.6,51.5,4.25,148,Moderate,PM2.5
Lucknow,North,5,38.19,78.74,44.72,9.97,0.72,35.06,36.0,37.5,1.68,79,Satisfactory,PM10
Chennai,South,9,24.44,24.44,27.65,12.32,1.13,43.45,28.2,73.7,3.68,52,Satisfactory,CO
Kolkata,East,1,102.13,128.39,25.46,7.7,1.03,30.63,14.4,26.9,0.82,239,Poor,PM2.5
Kolkata,East,7,15.96,50.12,22.85,16.23,0.89,27.64,24.5,77.5,1.94,45,Good,CO
Guwahati,Northeast,4,41.28,54.82,36.33,14.05,0.78,43.83,30.7,53.1,2.88,68,Satisfactory,PM2.5
Lucknow,North,1,107.08,139.58,42.84,14.72,1.27,49.17,20.7,62.4,1.85,256,Poor,PM2.5
Ahmedabad,West,11,50.72,50.72,41.58,14.68,1.67,30.31,22.0,55.1,3.69,84,Satisfactory,PM2.5
Ahmedabad,West,3,27.75,113.54,28.85,9.01,0.73,22.55,24.9,49.7,1.12,109,Moderate,PM10
Delhi,North,5,35.66,101.91,30.46,13.27,0.7,40.48,32.1,65.7,2.69,102,Moderate,PM10
Kolkata,East,3,45.13,94.7,23.89,3.3,0.97,34.09,28.7,63.4,2.41,95,Satisfactory,PM10
Patna,East,3,53.69,86.29,23.29,17.33,0.66,23.1,31.9,66.9,2.4,89,Satisfactory,PM2.5
Patna,East,1,168.67,168.67,34.95,11.76,1.43,30.08,21.4,49.4,0.81,338,Very Poor,PM2.5
Hyderabad,South,2,62.0,113.43,43.8,22.76,0.52,24.74,18.0,45.8,3.81,109,Moderate,PM10
Hyderabad,South,6,19.91,31.63,27.06,11.5,0.88,26.42,27.8,84.0,1.42,44,Good,CO
Hyderabad,South,4,17.46,96.38,30.1,14.43,0.51,64.49,29.2,61.3,3.76,96,Satisfactory,PM10
Lucknow,North,3,36.4,80.61,52.0,13.45,1.33,38.13,28.1,52.1,3.99,81,Satisfactory,PM10
Patna,East,2,249.65,288.32,9.84,10.37,1.91,26.01,20.1,45.2,0.67,400,Very Poor,PM2.5
Ahmedabad,West,7,20.47,30.83,38.31,7.92,0.98,28.57,22.3,67.4,2.81,49,Good,CO
Hyderabad,South,2,84.19,84.19,4.8,15.52,1.55,37.59,15.4,54.8,3.75,180,Moderate,PM2.5
Hyderabad,South,12,59.56,119.9,55.81,11.93,2.07,24.12,14.0,67.8,2.12,114,Moderate,PM10
Chennai,South,4,43.96,78.04,24.75,11.92,0.89,44.2,23.9,75.0,2.64,78,Satisfactory,PM10
Hyderabad,South,3,23.29,65.69,22.35,19.05,0.74,34.37,25.0,56.4,2.52,66,Satisfactory,PM10
Guwahati,Northeast,9,6.86,20.84,11.64,6.78,0.68,14.44,24.8,61.9,1.66,34,Good,CO
Guwahati,Northeast,9,23.11,36.36,19.58,4.63,0.59,27.64,29.6,85.2,3.51,38,Good,PM2.5
Guwahati,Northeast,8,20.42,31.11,26.31,21.78,0.42,26.03,30.6,66.3,2.08,34,Good,PM2.5
Chennai,South,11,64.53,64.53,56.57,15.2,1.84,20.69,18.3,44.8,2.43,113,Moderate,PM2.5
Kolkata,East,2,165.36,175.1,50.6,5.51,1.02,19.25,16.7,59.5,1.72,335,Very Poor,PM2.5
Hyderabad,South,8,12.46,28.83,30.28,8.98,0.82,31.71,26.0,79.8,4.58,41,Good,CO
Patna,East,5,63.57,89.34,15.68,6.71,0.67,31.23,30.7,64.9,4.21,110,Moderate,PM2.5
Ahmedabad,West,6,17.09,17.09,28.59,12.12,0.95,45.69,30.7,84.3,1.72,48,Good,CO
Hyderabad,South,1,67.68,91.32,55.21,13.71,1.08,38.05,18.3,38.2,2.74,124,Moderate,PM2.5
Ahmedabad,West,10,60.32,68.75,34.95,12.9,0.54,16.11,30.4,69.6,3.16,69,Satisfactory,PM10
Guwahati,Northeast,12,219.17,327.78,34.88,20.31,1.86,24.76,16.0,54.1,0.46,376,Very Poor,PM2.5
Hyderabad,South,1,46.64,132.23,40.49,10.73,1.24,26.65,23.7,63.1,3.2,122,Moderate,PM10
Kolkata,East,7,26.23,46.09,21.03,11.63,0.41,37.43,33.2,78.6,0.42,46,Good,PM10
Ahmedabad,West,9,13.84,27.57,33.26,13.22,0.77,22.54,27.4,74.7,1.56,42,Good,NO2
Patna,East,4,50.35,72.41,16.13,16.75,0.16,36.38,29.1,61.2,3.43,84,Satisfactory,PM2.5
Ahmedabad,West,11,52.55,139.94,50.82,3.78,2.51,15.91,19.3,55.1,3.11,127,Moderate,PM10
Guwahati,Northeast,11,206.33,206.33,47.05,9.29,1.27,31.6,21.2,49.3,1.84,366,Very Poor,PM2.5
Bengaluru,South,7,13.92,31.76,25.48,8.66,1.02,29.97,22.2,64.8,3.28,32,Good,NO2
Hyderabad,South,12,77.4,146.88,29.7,5.22,2.4,30.95,16.7,44.5,2.23,157,Moderate,PM2.5
Lucknow,North,8,26.51,26.51,37.19,10.08,0.62,24.42,19.1,77.0,2.61,46,Good,NO2
Delhi,North,8,6.88,46.42,34.89,18.01,0.89,36.52,22.6,83.7,1.94,46,Good,PM10
Ahmedabad,West,12,42.46,119.2,36.13,13.81,0.73,10.13,22.1,59.2,1.62,113,Moderate,PM10
Patna,East,8,27.48,38.75,29.25,17.26,0.7,28.26,26.9,75.8,2.36,46,Good,PM2.5
Hyderabad,South,5,45.54,52.44,34.74,7.31,0.84,38.28,32.1,43.0,3.8,76,Satisfactory,PM2.5
Kolkata,East,9,28.9,29.49,27.59,21.19,0.83,38.41,27.1,81.3,2.88,48,Good,PM2.5
Guwahati,Northeast,3,34.2,53.92,22.64,12.48,0.84,33.97,30.9,52.2,1.98,56,Satisfactory,PM2.5
Patna,East,3,76.98,83.49,32.03,5.57,0.9,32.28,26.2,68.6,5.39,156,Moderate,PM2.5
Chennai,South,7,13.01,25.36,41.49,17.0,0.86,28.31,24.6,85.1,2.37,52,Satisfactory,NO2
Delhi,North,11,194.09,256.66,44.62,12.05,1.98,41.83,19.8,58.4,1.29,357,Very Poor,PM2.5
Ahmedabad,West,4,55.3,80.43,16.05,10.43,0.88,35.57,35.4,63.8,4.34,92,Satisfactory,PM2.5
Guwahati,Northeast,1,164.56,195.57,48.17,12.06,0.94,23.47,17.0,55.3,1.66,334,Very Poor,PM2.5
Chennai,South,8,23.57,32.54,3.9,9.67,1.19,13.87,27.3,90.7,1.95,56,Satisfactory,CO
Guwahati,Northeast,11,86.98,404.78,46.8,12.22,2.25,33.56,15.4,46.8,1.68,368,Very Poor,PM10
Chennai,South,4,11.65,75.28,15.57,19.76,0.95,30.59,28.9,44.9,1.57,75,Satisfactory,PM10
Guwahati,Northeast,6,36.07,41.93,27.23,9.93,0.64,45.3,26.4,94.9,4.36,60,Satisfactory,PM2.5
Delhi,North,8,15.53,27.52,27.33,11.71,1.71,18.95,27.7,82.9,2.8,84,Satisfactory,CO
Kolkata,East,8,12.84,35.52,32.3,13.57,1.05,39.87,29.8,78.6,1.49,40,Good,NO2
Chennai,South,1,64.62,128.01,41.11,7.51,1.03,14.13,17.3,40.2,1.68,119,Moderate,PM10
Bengaluru,South,2,37.27,132.56,58.66,9.36,1.39,32.51,15.9,45.7,4.14,122,Moderate,PM10
Lucknow,North,7,24.51,43.98,11.39,18.5,1.01,36.49,28.2,78.4,2.49,44,Good,PM10
Guwahati,Northeast,8,18.04,43.39,14.67,9.4,1.45,22.74,26.3,70.9,3.18,70,Satisfactory,CO
Lucknow,North,11,149.61,341.27,37.94,15.79,1.99,36.86,18.4,77.9,1.99,323,Very Poor,PM2.5
Delhi,North,8,14.04,33.42,39.98,20.21,1.3,34.6,23.2,81.9,1.41,62,Satisfactory,CO
Kolkata,East,3,48.77,88.51,35.59,14.39,1.04,19.73,26.7,47.9,0.56,88,Satisfactory,PM10
Mumbai,West,6,14.91,43.44,37.31,9.03,1.06,22.45,21.5,79.0,2.27,47,Good,NO2
Mumbai,West,7,34.25,34.25,31.22,7.22,1.15,30.51,28.1,70.4,1.94,56,Satisfactory,PM2.5
Lucknow,North,9,32.8,39.39,20.46,13.63,1.56,28.86,31.4,72.1,2.75,76,Satisfactory,CO
Ahmedabad,West,12,79.73,91.64,36.34,16.74,2.17,40.7,23.4,53.1,2.45,165,Moderate,PM2.5
Chennai,South,9,25.3,25.3,19.32,14.36,0.85,27.78,30.2,84.1,4.29,43,Good,CO
Kolkata,East,12,174.19,328.69,26.02,8.86,1.2,28.18,22.9,68.2,0.94,342,Very Poor,PM2.5
Ahmedabad,West,12,83.69,132.84,53.75,13.46,2.41,37.26,14.8,58.4,3.8,178,Moderate,PM2.5
Kolkata,East,1,223.36,287.35,50.89,12.58,0.63,27.32,16.0,42.5,2.2,380,Very Poor,PM2.5
Ahmedabad,West,9,20.04,28.59,30.49,16.76,0.68,27.96,29.6,62.5,2.74,38,Good,NO2
Kolkata,East,11,152.51,231.07,49.98,21.23,1.44,30.45,24.0,47.6,2.42,325,Very Poor,PM2.5
Chennai,South,4,73.06,93.72,30.58,11.68,0.73,42.95,33.7,59.9,2.45,142,Moderate,PM2.5
Bengaluru,South,5,60.63,104.62,22.4,8.79,1.0,61.25,34.4,50.0,2.5,103,Moderate,PM10
Bengaluru,South,3,40.79,113.32,16.05,4.23,0.68,30.41,28.9,63.5,4.12,109,Moderate,PM10
Lucknow,North,5,63.72,69.34,34.14,5.65,0.9,44.98,34.5,47.3,2.83,110,Moderate,PM2.5
Delhi,North,12,188.31,335.42,66.54,9.43,2.05,39.43,13.1,56.9,1.94,353,Very Poor,PM2.5
Patna,East,4,25.93,98.14,17.92,11.14,0.89,51.02,29.1,54.5,2.91,98,Satisfactory,PM10
Kolkata,East,12,288.1,288.1,52.54,6.78,2.09,20.12,16.0,47.3,1.36,416,Severe,PM2.5
Delhi,North,2,187.09,271.53,28.85,15.49,1.57,37.76,15.9,39.2,1.38,352,Very Poor,PM2.5
Bengaluru,South,9,21.39,32.36,20.69,20.44,0.62,21.91,28.7,63.2,4.23,36,Good,PM2.5
Bengaluru,South,6,26.62,40.19,26.65,6.9,0.86,19.81,28.5,84.5,4.45,44,Good,PM2.5
Ahmedabad,West,7,26.8,31.36,23.98,14.27,0.8,30.26,23.8,70.9,3.51,45,Good,PM2.5
Guwahati,Northeast,1,104.8,326.72,40.33,12.08,2.28,34.78,20.4,67.3,1.01,277,Poor,PM10
Guwahati,Northeast,6,15.13,31.8,8.22,11.0,0.75,34.58,28.1,73.2,3.46,38,Good,CO
Kolkata,East,6,14.8,29.33,9.31,6.76,0.7,28.62,24.2,73.9,1.43,35,Good,CO
Mumbai,West,5,51.71,85.73,28.1,4.6,0.73,36.87,29.8,60.6,4.4,86,Satisfactory,PM2.5
Lucknow,North,8,13.25,41.43,33.38,8.13,1.13,26.65,22.8,81.6,3.04,53,Satisfactory,CO
Kolkata,East,7,19.98,27.0,33.13,11.79,0.94,31.0,23.5,70.8,0.32,47,Good,CO
Guwahati,Northeast,5,25.91,79.54,31.12,14.89,0.57,41.18,36.0,73.7,3.91,80,Satisfactory,PM10
Patna,East,3,29.17,92.99,26.67,14.69,0.73,26.55,27.5,62.0,3.35,93,Satisfactory,PM10
Kolkata,East,7,10.73,51.2,48.91,14.15,0.54,21.51,28.5,88.7,1.44,61,Satisfactory,NO2
Ahmedabad,West,10,48.09,96.34,25.11,4.49,1.07,37.45,26.8,63.2,2.27,96,Satisfactory,PM10
Ahmedabad,West,9,27.52,38.43,32.12,19.21,0.62,23.36,27.5,73.5,3.68,46,Good,PM2.5
Guwahati,Northeast,11,104.42,277.37,50.45,16.49,1.79,31.87,19.0,50.5,1.0,247,Poor,PM2.5
Lucknow,North,11,141.35,409.89,67.33,15.04,1.78,27.26,14.2,50.3,1.46,375,Very Poor,PM10
Chennai,South,11,81.5,151.89,38.03,8.72,2.3,34.48,16.8,51.1,2.68,171,Moderate,PM2.5
Chennai,South,10,52.44,134.68,29.59,15.18,0.44,23.93,30.7,63.2,0.28,123,Moderate,PM10
Guwahati,Northeast,5,75.21,75.21,40.76,1.2,1.15,41.89,24.0,63.6,4.09,150,Moderate,PM2.5
Chennai,South,1,84.33,104.3,21.2,15.32,2.44,37.49,12.0,39.9,1.85,181,Moderate,PM2.5
Delhi,North,9,20.56,38.49,15.99,15.73,1.06,23.4,26.5,62.4,2.43,38,Good,PM10
Mumbai,West,8,21.45,38.34,30.05,10.73,0.98,36.42,26.7,80.5,2.59,49,Good,CO
Chennai,South,9,23.96,28.69,31.24,12.14,0.82,25.24,25.5,64.8,3.23,41,Good,CO
Guwahati,Northeast,10,58.38,64.3,43.92,10.18,0.66,19.65,21.8,72.3,4.34,97,Satisfactory,PM2.5
Bengaluru,South,2,48.05,183.66,42.94,10.71,2.29,33.53,24.6,54.0,2.36,156,Moderate,PM10
Kolkata,East,2,56.57,249.27,64.48,14.87,1.61,19.64,18.7,60.1,1.64,200,Moderate,PM10
Mumbai,West,11,50.47,149.96,4.8,13.84,2.83,15.33,17.3,51.9,2.28,134,Moderate,PM10
Guwahati,Northeast,10,52.44,80.0,34.7,12.08,1.76,29.27,27.6,46.3,2.19,87,Satisfactory,PM2.5
Hyderabad,South,4,23.97,26.98,28.27,18.58,0.91,37.76,25.4,63.6,3.54,46,Good,CO
Mumbai,West,6,28.29,42.33,37.51,14.8,1.08,32.37,29.6,63.4,1.12,47,Good,PM2.5
Chennai,South,1,66.82,132.86,52.68,17.36,2.15,20.67,18.7,45.2,2.59,122,Moderate,PM10
Guwahati,Northeast,10,5.0,131.84,32.76,9.14,1.42,25.08,27.4,56.1,4.65,122,Moderate,PM10
Kolkata,East,11,168.37,370.23,56.43,11.74,2.13,49.32,19.0,52.9,1.5,337,Very Poor,PM2.5
Hyderabad,South,8,16.0,31.55,15.09,6.32,0.76,27.53,32.3,82.3,1.78,38,Good,CO
Bengaluru,South,3,66.65,102.36,28.24,9.88,1.2,19.66,28.2,78.2,3.03,120,Moderate,PM2.5
Delhi,North,3,51.46,65.71,16.29,15.36,1.2,25.39,25.9,52.3,2.63,86,Satisfactory,PM2.5
Mumbai,West,1,45.23,186.55,54.72,14.75,2.02,34.48,16.8,54.2,2.5,158,Moderate,PM10
Patna,East,7,22.67,30.47,16.83,12.7,0.84,12.12,28.5,85.7,5.63,42,Good,CO
Delhi,North,10,36.52,51.04,29.75,12.97,0.68,26.53,21.1,67.4,1.94,60,Satisfactory,PM2.5
Guwahati,Northeast,10,22.53,63.13,25.65,11.95,1.03,40.09,29.2,67.7,4.42,63,Satisfactory,PM10
Hyderabad,South,1,69.1,155.03,63.45,15.11,0.9,20.93,17.2,58.2,2.78,137,Moderate,PM10
Lucknow,North,7,29.57,46.81,38.13,7.02,1.03,22.9,22.1,75.7,4.28,49,Good,PM2.5
Chennai,South,10,76.78,80.57,48.56,12.85,0.91,17.25,30.3,56.0,2.08,155,Moderate,PM2.5
Hyderabad,South,9,28.46,46.12,24.96,11.76,0.88,34.57,31.7,80.9,5.01,47,Good,PM2.5
Hyderabad,South,12,64.25,148.58,72.57,21.59,2.17,28.22,17.3,56.6,4.67,133,Moderate,PM10
Patna,East,6,23.47,34.96,25.25,11.22,0.94,42.43,26.3,78.4,1.83,47,Good,CO
Mumbai,West,7,29.94,51.2,29.71,14.76,0.86,32.44,27.9,78.5,2.95,51,Satisfactory,PM10
Patna,East,5,40.37,70.93,42.34,25.01,0.57,26.13,28.1,59.2,3.8,71,Satisfactory,PM10
Delhi,North,1,169.63,315.16,38.03,10.83,1.59,14.69,14.5,43.0,1.83,338,Very Poor,PM2.5
Mumbai,West,1,84.97,84.97,26.64,15.18,0.27,38.29,12.5,58.7,1.8,183,Moderate,PM2.5
Delhi,North,2,339.66,339.66,58.01,3.32,1.8,26.26,18.4,44.7,1.84,436,Severe,PM2.5
Hyderabad,South,11,100.42,104.39,27.8,19.66,1.57,44.02,21.7,45.6,2.7,233,Poor,PM2.5
Bengaluru,South,4,69.04,86.54,29.48,11.04,0.89,58.44,31.0,56.8,2.17,128,Moderate,PM2.5
Mumbai,West,9,10.31,26.68,40.59,11.01,1.09,7.18,28.7,76.7,2.26,27,Good,PM10
Kolkata,East,4,37.19,37.19,35.75,13.17,0.82,29.83,26.6,61.8,4.61,62,Satisfactory,PM2.5
Bengaluru,South,8,10.45,36.75,27.55,16.15,1.06,5.0,28.6,70.0,1.21,37,Good,PM10
Ahmedabad,West,4,51.47,51.47,33.92,15.66,0.91,31.07,28.1,68.2,1.11,86,Satisfactory,PM2.5
Mumbai,West,7,19.08,33.44,13.65,11.3,1.07,16.77,28.5,78.7,2.08,33,Good,PM10
Lucknow,North,6,5.0,38.01,41.6,18.91,1.01,25.47,25.1,75.6,3.41,52,Satisfactory,NO2
Guwahati,Northeast,3,56.93,125.46,27.48,5.55,0.54,34.52,26.8,67.0,2.2,117,Moderate,PM10
Lucknow,North,1,151.14,212.23,42.23,6.25,2.55,27.19,19.9,47.7,0.81,324,Very Poor,PM2.5
Chennai,South,5,62.34,64.55,20.69,12.75,1.03,62.7,32.1,65.2,3.61,106,Moderate,PM2.5
Chennai,South,3,29.83,51.62,16.81,15.82,0.98,28.67,19.2,76.4,1.8,52,Satisfactory,PM10
Kolkata,East,6,9.98,26.03,9.5,13.74,0.6,18.99,22.9,84.2,3.6,30,Good,CO
Delhi,North,11,121.6,289.86,29.43,10.39,1.35,31.9,21.1,59.9,0.93,302,Very Poor,PM2.5
Chennai,South,8,19.94,31.07,22.05,9.31,1.37,30.58,27.5,75.9,5.54,66,Satisfactory,CO
Ahmedabad,West,6,15.14,31.6,26.2,12.7,0.71,31.69,31.4,67.5,1.54,36,Good,CO
Bengaluru,South,1,59.3,190.35,62.42,16.53,1.47,25.59,13.6,58.3,3.35,160,Moderate,PM10
Mumbai,West,9,23.16,32.25,26.81,12.82,1.14,15.65,29.2,77.8,1.61,53,Satisfactory,CO
Kolkata,East,5,42.85,109.73,42.07,13.71,1.43,41.46,33.9,56.4,2.22,107,Moderate,PM10
Lucknow,North,4,12.55,106.04,22.61,8.15,0.58,39.43,36.3,76.8,0.94,104,Moderate,PM10
Patna,East,2,102.08,352.65,52.13,8.94,1.63,23.99,22.8,56.4,1.78,303,Very Poor,PM10
Ahmedabad,West,3,43.95,124.31,39.14,3.13,0.82,17.91,32.1,62.0,1.94,116,Moderate,PM10
Kolkata,East,7,5.0,23.22,28.31,16.06,0.38,24.8,30.0,66.4,3.06,35,Good,NO2
Delhi,North,11,256.01,256.01,45.53,16.1,0.96,26.14,16.6,50.9,1.88,403,Severe,PM2.5
Lucknow,North,4,33.21,79.64,40.52,8.01,0.94,39.57,30.8,47.0,4.38,80,Satisfactory,PM10
Guwahati,Northeast,6,27.52,28.01,22.75,17.82,1.17,29.75,29.3,75.7,2.79,55,Satisfactory,CO
Kolkata,East,4,59.24,60.59,40.48,10.48,0.91,51.56,31.1,57.6,2.77,99,Satisfactory,PM2.5
Ahmedabad,West,12,53.76,114.49,48.15,16.15,1.55,43.19,17.5,50.1,2.61,110,Moderate,PM10
Delhi,North,7,12.9,28.94,37.54,11.84,0.77,38.3,31.7,88.0,1.84,47,Good,NO2
Bengaluru,South,8,33.1,36.92,25.75,15.45,1.17,23.2,27.7,85.4,1.5,55,Satisfactory,CO
Mumbai,West,11,42.7,83.89,39.89,14.29,1.45,22.55,18.2,42.8,3.28,84,Satisfactory,PM10
Mumbai,West,6,19.69,32.33,31.14,2.26,1.04,54.06,26.6,77.0,3.63,54,Satisfactory,O3
Patna,East,11,214.6,214.6,56.11,24.35,1.9,18.3,18.8,41.8,2.09,373,Very Poor,PM2.5
Delhi,North,9,20.78,25.57,23.41,19.13,0.93,23.3,23.6,63.0,1.4,46,Good,CO
Patna,East,7,27.2,28.64,41.19,8.56,0.84,18.93,30.0,94.8,0.83,51,Satisfactory,NO2
Lucknow,North,5,64.92,64.92,32.76,17.86,0.92,48.93,36.3,75.6,2.73,114,Moderate,PM2.5
Delhi,North,6,13.73,44.51,16.48,10.79,0.93,23.77,27.8,98.5,2.66,46,Good,CO
Guwahati,Northeast,8,27.45,36.9,40.09,12.79,0.83,13.02,22.1,63.3,3.22,46,Good,PM2.5
Delhi,North,4,64.78,77.19,25.95,7.95,1.07,31.86,28.0,69.5,3.2,114,Moderate,PM2.5
Delhi,North,2,195.92,272.73,53.52,8.08,2.59,23.13,22.7,50.5,1.85,358,Very Poor,PM2.5
Kolkata,East,6,28.38,28.38,37.04,20.86,0.83,28.29,25.4,75.2,4.72,47,Good,PM2.5
Chennai,South,9,13.57,51.06,33.25,22.18,0.78,29.06,25.0,79.1,0.81,51,Satisfactory,PM10
Mumbai,West,12,77.93,116.95,42.38,7.71,1.95,18.16,19.5,68.6,4.46,159,Moderate,PM2.5
Delhi,North,11,129.94,306.39,46.99,5.28,1.78,27.92,23.7,50.0,2.05,308,Very Poor,PM2.5
Mumbai,West,2,44.81,144.76,63.61,7.4,1.61,16.39,17.5,58.7,2.31,130,Moderate,PM10
Patna,East,8,12.24,27.73,42.77,12.35,0.63,25.36,22.2,69.9,4.32,53,Satisfactory,NO2
Kolkata,East,3,74.78,74.78,27.7,15.08,0.18,29.72,26.9,71.9,3.88,148,Moderate,PM2.5
Chennai,South,10,64.56,70.48,20.4,12.95,0.85,40.92,28.0,61.6,3.81,113,Moderate,PM2.5
Delhi,North,2,203.88,387.83,56.77,12.8,2.19,27.24,18.1,65.8,2.31,365,Very Poor,PM2.5
Lucknow,North,2,134.6,391.39,59.53,13.51,1.45,30.79,17.9,46.7,1.47,352,Very Poor,PM10
Kolkata,East,11,138.98,345.75,66.56,16.66,1.47,34.35,18.2,42.1,1.78,315,Very Poor,PM2.5
Bengaluru,South,4,85.85,109.94,33.97,13.2,0.94,29.35,25.8,53.0,2.75,186,Moderate,PM2.5
Delhi,North,2,129.52,251.79,44.9,8.82,1.44,42.48,20.0,47.5,1.36,308,Very Poor,PM2.5
Ahmedabad,West,5,32.9,58.85,36.49,9.99,0.6,41.46,31.4,44.2,2.75,59,Satisfactory,PM10
Lucknow,North,9,23.45,57.45,38.51,18.95,1.66,34.37,27.5,85.8,2.17,81,Satisfactory,CO
Delhi,North,2,123.73,304.48,38.61,8.7,1.8,26.84,12.2,40.4,0.76,303,Very Poor,PM2.5
Chennai,South,5,51.53,81.52,36.95,15.61,1.19,49.67,31.6,68.8,3.83,86,Satisfactory,PM2.5
Delhi,North,4,65.02,65.02,25.56,10.53,1.21,61.8,26.6,71.3,1.49,115,Moderate,PM2.5
Patna,East,6,18.59,31.14,14.91,15.12,1.08,36.85,25.7,77.7,2.77,37,Good,O3
Chennai,South,11,7.0,84.84,48.08,6.79,1.48,26.94,16.0,52.5,3.5,85,Satisfactory,PM10
Delhi,North,5,37.86,72.7,27.94,3.65,1.02,36.32,34.8,64.7,4.11,73,Satisfactory,PM10
Guwahati,Northeast,12,139.2,170.62,37.85,18.01,2.31,18.36,16.6,51.4,1.73,315,Very Poor,PM2.5
Chennai,South,2,30.73,136.48,19.93,9.86,1.68,31.49,17.6,49.1,3.75,125,Moderate,PM10
Patna,East,1,123.77,275.08,53.52,20.25,1.98,38.2,16.2,47.8,1.27,303,Very Poor,PM2.5
Patna,East,8,13.11,47.5,35.42,10.53,1.07,29.87,29.2,67.2,2.64,48,Good,PM10
Hyderabad,South,5,54.82,62.08,7.0,6.81,0.88,42.8,36.1,64.7,2.89,91,Satisfactory,PM2.5
Delhi,North,7,28.08,28.33,26.82,6.77,1.28,31.3,24.9,77.1,3.37,61,Satisfactory,CO
Hyderabad,South,10,36.58,61.48,30.85,10.28,0.78,16.78,27.2,58.6,2.44,62,Satisfactory,PM10
Lucknow,North,7,25.55,41.67,32.64,10.84,0.75,19.23,25.2,78.2,1.92,43,Good,PM2.5
Lucknow,North,8,13.41,17.27,34.88,9.72,0.67,18.81,28.3,89.0,2.35,44,Good,NO2
Lucknow,North,1,220.01,220.01,76.32,23.73,0.3,27.18,15.8,49.9,1.17,377,Very Poor,PM2.5
Kolkata,East,1,153.7,197.67,45.52,14.47,1.03,14.17,24.0,46.9,1.32,326,Very Poor,PM2.5
Delhi,North,6,24.13,52.73,32.87,4.71,0.53,24.65,26.2,64.2,3.72,53,Satisfactory,PM10
Mumbai,West,4,68.52,118.28,25.91,14.11,0.57,49.86,29.5,51.3,2.48,127,Moderate,PM2.5
Guwahati,Northeast,1,141.79,349.49,36.69,20.33,0.96,41.57,15.0,52.0,1.13,317,Very Poor,PM2.5
Patna,East,4,57.62,110.92,38.0,10.06,0.95,32.15,28.0,50.8,2.31,108,Moderate,PM10
Lucknow,North,4,14.89,75.44,40.73,17.39,0.74,24.4,32.4,41.5,4.04,75,Satisfactory,PM10
Hyderabad,South,1,114.87,114.87,61.22,11.52,1.44,16.49,19.8,57.4,4.8,282,Poor,PM2.5
Patna,East,10,35.65,53.46,16.5,19.07,0.69,40.43,28.6,62.6,2.46,59,Satisfactory,PM2.5
Lucknow,North,8,20.14,30.61,33.85,11.31,0.68,33.04,26.8,81.9,2.29,42,Good,NO2
Delhi,North,12,257.16,398.2,60.73,10.14,1.46,39.61,16.9,46.9,2.45,404,Severe,PM2.5
Patna,East,4,72.85,72.85,32.35,21.94,0.91,38.67,27.5,68.7,1.94,142,Moderate,PM2.5
Patna,East,11,90.87,399.04,64.63,11.85,1.05,40.9,16.9,43.2,0.41,361,Very Poor,PM10
Kolkata,East,11,78.54,221.18,58.72,10.2,1.77,21.92,18.2,67.4,1.2,181,Moderate,PM10
Lucknow,North,10,20.34,111.39,23.99,17.04,0.87,33.14,29.0,56.4,4.02,108,Moderate,PM10
Guwahati,Northeast,12,203.56,240.16,53.03,9.78,1.62,18.97,18.7,52.4,1.1,364,Very Poor,PM2.5
Ahmedabad,West,2,73.28,97.0,46.15,7.17,2.73,36.9,18.8,61.4,0.58,143,Moderate,PM2.5
Chennai,South,9,17.42,20.19,26.01,12.99,1.15,18.44,28.2,78.1,3.19,54,Satisfactory,CO
Hyderabad,South,1,103.89,115.3,73.55,8.21,1.96,27.5,17.0,57.1,2.46,245,Poor,PM2.5
Hyderabad,South,12,7.0,164.43,65.72,21.06,1.59,17.14,16.7,52.1,1.67,143,Moderate,PM10
Kolkata,East,3,80.27,87.48,27.91,5.78,1.32,28.64,26.1,63.8,2.14,167,Moderate,PM2.5
Bengaluru,South,2,85.95,85.95,63.65,11.5,2.16,26.31,17.6,42.3,3.65,186,Moderate,PM2.5
Hyderabad,South,5,37.34,76.52,29.02,3.81,0.84,52.02,29.9,58.2,2.98,76,Satisfactory,PM10
Delhi,North,4,28.77,75.67,36.35,6.95,0.8,24.59,33.8,59.3,1.85,76,Satisfactory,PM10
Guwahati,Northeast,4,39.05,48.88,19.32,4.99,0.61,59.1,28.8,63.7,1.86,65,Satisfactory,PM2.5
Chennai,South,10,28.84,77.4,28.44,23.17,1.07,23.02,29.1,77.1,0.97,77,Satisfactory,PM10
Hyderabad,South,11,64.2,104.11,43.21,5.74,2.27,16.05,17.4,60.4,2.77,112,Moderate,PM2.5
Patna,East,7,10.69,32.05,21.64,12.99,0.52,34.83,27.3,79.5,4.41,35,Good,O3
Lucknow,North,9,15.11,28.77,26.38,11.56,0.68,11.01,25.3,80.9,2.95,34,Good,CO
Kolkata,East,12,269.51,333.96,67.91,15.68,2.42,43.55,20.9,57.7,1.29,408,Severe,PM2.5
Ahmedabad,West,2,61.72,141.18,37.63,11.08,0.47,42.47,17.3,55.6,4.43,128,Moderate,PM10
Kolkata,East,10,67.75,67.75,48.14,17.22,0.96,39.97,23.5,57.7,4.42,124,Moderate,PM2.5
Delhi,North,12,191.39,315.43,76.36,4.4,2.37,23.3,16.7,42.2,0.79,355,Very Poor,PM2.5
Mumbai,West,7,12.37,42.07,22.43,6.18,0.76,30.83,26.2,78.3,3.58,42,Good,PM10
Mumbai,West,9,18.05,23.64,28.64,14.26,0.51,20.52,24.8,76.3,1.95,36,Good,NO2
Chennai,South,9,8.87,18.11,25.2,11.16,0.51,22.9,25.8,74.9,2.97,32,Good,NO2
Guwahati,Northeast,7,30.72,39.47,21.22,12.45,0.93,38.2,25.2,84.1,2.85,47,Good,CO
Hyderabad,South,12,101.63,126.03,44.22,14.43,1.51,42.11,18.2,48.8,2.29,237,Poor,PM2.5
Ahmedabad,West,8,24.19,25.96,37.22,5.79,0.93,37.66,20.5,94.1,2.32,47,Good,CO
Lucknow,North,2,192.0,331.25,51.94,16.79,1.85,42.79,19.6,67.7,1.9,356,Very Poor,PM2.5
Guwahati,Northeast,5,86.12,86.12,40.56,12.13,1.19,33.33,32.9,58.0,4.57,187,Moderate,PM2.5
Guwahati,Northeast,10,59.74,59.74,27.28,13.97,0.96,36.07,25.9,60.4,4.12,100,Satisfactory,PM2.5
Chennai,South,8,24.43,30.98,20.34,13.62,1.23,36.73,26.6,85.0,3.77,58,Satisfactory,CO
Kolkata,East,1,121.19,220.16,60.07,11.8,1.1,13.85,20.5,47.6,1.59,301,Very Poor,PM2.5
Patna,East,3,24.38,75.46,26.57,13.82,1.23,16.83,28.7,68.3,2.59,76,Satisfactory,PM10
Lucknow,North,2,183.43,300.14,56.39,14.69,1.13,36.32,21.5,53.5,0.56,349,Very Poor,PM2.5
Lucknow,North,2,170.89,178.6,42.81,5.24,1.89,29.39,13.1,54.8,1.37,339,Very Poor,PM2.5
Ahmedabad,West,6,17.48,26.15,21.52,9.42,0.91,29.24,26.4,74.6,2.41,45,Good,CO
Lucknow,North,8,14.79,28.66,55.67,14.02,0.53,35.08,24.3,85.3,2.56,69,Satisfactory,NO2
Ahmedabad,West,12,109.42,139.22,62.01,14.09,1.39,33.14,21.6,53.1,4.82,264,Poor,PM2.5
Kolkata,East,8,21.75,37.02,29.15,5.99,0.88,29.86,25.8,80.7,2.82,44,Good,CO
Kolkata,East,1,197.13,285.64,28.31,20.6,1.53,27.32,17.0,48.1,2.26,359,Very Poor,PM2.5
Guwahati,Northeast,7,23.4,33.31,33.2,12.35,0.85,30.84,25.7,80.0,3.03,42,Good,CO
Chennai,South,10,35.25,92.8,20.39,9.25,0.76,18.99,30.0,52.2,2.02,93,Satisfactory,PM10
Delhi,North,10,36.01,72.18,19.5,16.0,1.13,34.21,28.6,60.6,2.21,72,Satisfactory,PM10
Kolkata,East,1,232.23,334.41,38.02,12.19,1.46,18.52,18.5,48.7,0.87,386,Very Poor,PM2.5
Kolkata,East,9,9.17,30.59,27.29,7.8,1.08,27.45,28.7,76.5,1.92,34,Good,NO2
Patna,East,1,89.29,316.02,34.51,16.41,1.44,36.93,14.6,46.6,1.61,266,Poor,PM10
Chennai,South,11,110.83,120.48,74.46,10.61,2.13,20.09,19.3,33.3,1.54,269,Poor,PM2.5
Bengaluru,South,3,24.33,86.3,35.61,9.59,0.64,24.02,24.1,59.2,2.91,86,Satisfactory,PM10
Bengaluru,South,6,32.12,32.12,39.69,7.0,0.92,37.94,30.4,74.6,3.42,53,Satisfactory,PM2.5
Lucknow,North,8,16.42,40.79,43.64,14.26,1.05,33.65,22.6,81.7,1.66,54,Satisfactory,NO2
Guwahati,Northeast,10,79.05,79.05,21.78,17.53,0.64,24.24,30.7,60.3,1.05,163,Moderate,PM2.5
Delhi,North,3,38.76,111.84,22.91,17.05,1.38,20.85,26.4,63.1,1.84,108,Moderate,PM10
Bengaluru,South,4,41.46,70.88,28.41,12.34,0.94,34.45,29.3,59.1,2.75,71,Satisfactory,PM10
Bengaluru,South,2,77.94,77.94,37.48,10.66,1.19,41.69,18.1,53.4,2.26,159,Moderate,PM2.5
Delhi,North,7,11.64,32.67,20.13,10.67,0.21,18.52,31.4,84.6,4.28,33,Good,PM10
Mumbai,West,8,25.02,29.75,19.29,17.5,0.92,48.95,25.9,93.8,2.62,49,Good,O3
Patna,East,1,255.01,255.01,41.02,7.04,1.01,33.6,17.4,52.4,1.71,403,Severe,PM2.5
Guwahati,Northeast,2,232.06,243.51,55.67,14.98,2.26,27.12,11.6,52.5,1.51,386,Very Poor,PM2.5
Bengaluru,South,12,73.61,106.11,28.66,15.22,1.33,24.59,16.6,61.9,2.75,144,Moderate,PM2.5
Chennai,South,11,59.2,135.52,67.43,15.11,1.93,33.09,13.9,45.0,2.57,124,Moderate,PM10
Patna,East,11,100.39,119.23,28.61,10.77,1.57,21.34,18.2,48.5,2.01,233,Poor,PM2.5
Mumbai,West,8,25.19,36.52,16.22,11.56,0.57,27.09,24.8,81.1,1.3,42,Good,PM2.5
Mumbai,West,4,6.55,89.64,35.62,8.33,0.9,44.32,35.6,48.1,1.78,90,Satisfactory,PM10
Delhi,North,5,40.7,40.7,23.11,1.2,0.97,52.2,28.3,56.2,3.83,67,Satisfactory,PM2.5
Delhi,North,12,85.99,253.39,37.17,10.59,0.99,29.8,17.6,56.4,1.51,203,Poor,PM10
Bengaluru,South,10,22.22,87.8,25.22,11.2,1.18,21.96,31.1,71.6,3.64,88,Satisfactory,PM10
Hyderabad,South,4,10.57,101.26,28.94,8.42,1.22,31.14,29.7,64.2,1.55,101,Moderate,PM10
Bengaluru,South,7,27.97,36.61,38.48,17.44,0.9,8.37,23.7,84.1,1.06,48,Good,NO2
Delhi,North,1,178.95,391.92,39.72,8.91,1.57,30.95,17.5,60.4,0.95,352,Very Poor,PM10
Guwahati,Northeast,10,19.9,86.72,24.64,16.03,0.94,34.63,27.6,63.0,2.09,87,Satisfactory,PM10
Lucknow,North,6,28.93,40.99,19.41,12.87,0.26,23.18,29.9,77.0,2.93,48,Good,PM2.5
Hyderabad,South,12,60.39,131.08,54.7,16.62,1.5,26.61,14.0,50.4,1.39,121,Moderate,PM10
Chennai,South,12,43.41,172.86,44.1,13.06,1.35,12.96,20.8,34.6,2.18,149,Moderate,PM10
Delhi,North,1,125.85,290.81,37.54,3.18,1.22,21.71,15.7,59.8,0.72,305,Very Poor,PM2.5
Ahmedabad,West,2,73.88,153.29,46.08,15.8,1.52,31.65,13.5,30.9,3.22,145,Moderate,PM2.5
Delhi,North,6,23.62,29.0,40.51,9.79,1.01,32.99,32.2,75.5,2.07,39,Good,PM2.5
Bengaluru,South,3,69.45,86.17,31.81,26.96,0.99,17.06,26.4,52.2,2.36,130,Moderate,PM2.5
Lucknow,North,8,16.09,20.04,41.38,13.43,0.84,34.36,28.4,80.2,3.57,52,Satisfactory,NO2
Hyderabad,South,7,25.0,42.2,29.37,10.94,1.31,23.99,28.2,81.3,2.12,63,Satisfactory,CO
Bengaluru,South,11,61.33,101.43,27.0,8.87,1.73,38.63,19.7,31.2,3.52,102,Moderate,PM2.5
Patna,East,5,52.14,76.18,26.38,11.51,0.89,58.94,30.9,68.7,3.85,87,Satisfactory,PM2.5
Bengaluru,South,1,26.23,158.86,41.41,15.44,1.13,18.05,23.9,44.3,4.08,139,Moderate,PM10
Delhi,North,10,38.38,75.47,17.07,11.93,0.61,24.68,29.8,62.0,1.14,76,Satisfactory,PM10
Chennai,South,9,20.2,28.83,34.27,11.2,0.59,43.52,26.9,77.3,2.35,44,Good,O3
Ahmedabad,West,3,36.73,41.04,22.3,18.37,1.12,25.86,31.1,66.0,2.5,61,Satisfactory,PM2.5
Lucknow,North,2,178.44,204.12,48.06,13.48,0.79,26.41,17.1,60.2,0.37,345,Very Poor,PM2.5
Lucknow,North,8,16.84,44.34,27.63,20.62,1.08,24.55,27.7,75.2,3.76,44,Good,PM10
Mumbai,West,12,49.82,135.27,65.65,1.43,2.26,26.82,12.3,28.0,1.09,124,Moderate,PM10
Ahmedabad,West,11,68.39,141.61,40.09,6.68,1.4,28.28,18.7,45.7,3.81,128,Moderate,PM10
Kolkata,East,7,14.09,28.82,37.03,11.36,0.71,35.78,33.4,79.7,4.18,46,Good,NO2
Lucknow,North,8,15.96,34.7,17.23,11.02,0.73,24.62,24.8,75.7,3.4,36,Good,CO
Ahmedabad,West,4,15.64,59.38,15.24,13.17,1.04,45.23,28.6,62.0,2.27,59,Satisfactory,PM10
Mumbai,West,4,56.69,95.27,35.97,9.08,1.22,35.78,33.0,55.9,2.55,95,Satisfactory,PM10
Bengaluru,South,2,62.6,122.25,42.1,20.43,1.04,23.27,15.3,47.5,3.96,115,Moderate,PM10
Lucknow,North,12,120.76,213.0,31.34,18.27,2.14,27.11,13.8,41.5,1.5,175,Moderate,PM10
Guwahati,Northeast,5,12.46,69.13,41.59,10.96,1.3,50.18,27.7,57.7,2.66,69,Satisfactory,PM10
Patna,East,10,29.72,111.08,19.79,17.18,0.78,27.78,28.7,55.2,3.44,108,Moderate,PM10
Lucknow,North,1,184.62,184.62,44.73,16.1,1.9,17.09,14.5,46.5,1.5,350,Very Poor,PM2.5
Hyderabad,South,8,20.16,37.64,25.62,14.52,0.96,23.45,21.2,79.1,1.73,48,Good,CO
Guwahati,Northeast,11,186.83,387.65,47.45,14.66,0.91,30.06,17.8,61.8,1.1,352,Very Poor,PM2.5
Bengaluru,South,2,95.94,115.71,32.03,24.25,1.08,27.46,19.0,54.1,2.59,218,Poor,PM2.5
Kolkata,East,10,41.3,50.89,46.06,10.94,1.06,25.19,25.9,56.4,1.06,68,Satisfactory,PM2.5
Guwahati,Northeast,10,38.59,103.39,17.95,9.23,0.66,40.12,24.4,64.5,3.89,103,Moderate,PM10
Chennai,South,2,36.27,70.3,60.38,5.95,1.79,28.96,19.1,55.8,1.75,88,Satisfactory,CO
Bengaluru,South,7,25.32,27.93,4.9,15.11,0.62,31.92,31.2,78.1,3.92,42,Good,PM2.5
Hyderabad,South,10,70.0,70.0,27.93,15.23,0.85,37.68,25.7,76.6,5.18,132,Moderate,PM2.5
Lucknow,North,5,53.7,103.85,18.03,5.7,1.24,45.45,30.3,60.1,0.28,103,Moderate,PM10
Lucknow,North,6,14.91,43.91,36.36,14.77,1.01,15.42,28.8,83.0,4.19,45,Good,NO2
Guwahati,Northeast,9,8.25,30.41,21.76,12.83,0.9,26.03,30.1,69.2,1.63,45,Good,CO
Delhi,North,7,17.7,21.74,27.59,11.21,0.69,35.34,26.8,86.5,2.58,35,Good,O3
Delhi,North,2,128.48,271.43,58.26,10.03,1.85,21.17,20.3,47.4,1.88,307,Very Poor,PM2.5
Lucknow,North,1,245.17,245.17,26.74,9.04,0.94,16.39,19.9,52.0,1.13,396,Very Poor,PM2.5
Patna,East,12,126.55,406.67,37.41,5.65,1.98,26.19,24.1,47.8,1.87,371,Very Poor,PM10
Bengaluru,South,1,57.23,92.48,58.68,14.76,0.92,18.52,10.4,56.8,2.51,95,Satisfactory,PM2.5
Lucknow,North,4,18.36,51.3,23.99,8.77,0.93,49.35,37.8,59.8,4.05,51,Satisfactory,PM10
Kolkata,East,7,8.38,30.79,14.58,12.07,0.69,11.58,32.2,73.7,0.97,34,Good,CO
Bengaluru,South,6,15.09,45.68,21.84,9.4,0.99,32.98,29.3,77.3,3.39,50,Good,CO
Chennai,South,7,21.67,32.95,15.86,14.88,0.91,24.53,30.8,66.6,4.64,46,Good,CO
Ahmedabad,West,4,50.0,67.43,14.0,11.33,0.99,50.52,30.4,42.5,1.07,83,Satisfactory,PM2.5
Kolkata,East,11,98.82,388.45,34.55,11.12,1.9,21.11,22.8,52.6,1.66,348,Very Poor,PM10
Lucknow,North,9,24.92,50.73,26.9,20.3,0.73,34.42,28.5,69.5,3.04,42,Good,PM2.5
Guwahati,Northeast,8,14.2,38.12,29.23,11.65,0.88,27.24,25.9,79.1,2.08,44,Good,CO
Ahmedabad,West,5,49.99,49.99,23.09,9.57,1.45,25.37,32.3,62.0,3.17,83,Satisfactory,PM2.5
Lucknow,North,8,18.58,46.98,24.21,12.93,0.4,28.83,24.6,76.5,0.91,47,Good,PM10
Lucknow,North,5,18.28,79.9,17.7,7.92,1.21,49.41,34.4,72.5,1.93,80,Satisfactory,PM10
Lucknow,North,11,77.93,332.88,40.9,7.53,1.89,35.94,20.7,53.7,1.47,283,Poor,PM10
Patna,East,9,22.4,40.02,29.71,16.05,0.46,26.9,22.8,80.2,4.64,40,Good,PM10
Ahmedabad,West,12,73.12,146.01,18.22,9.49,1.77,5.0,15.1,60.8,3.92,142,Moderate,PM2.5
Bengaluru,South,2,91.61,126.68,56.0,10.48,1.66,22.69,21.8,64.2,4.35,203,Poor,PM2.5
Hyderabad,South,10,29.98,105.81,32.57,13.58,0.73,31.58,23.7,65.1,4.34,104,Moderate,PM10
Guwahati,Northeast,9,25.27,25.27,29.66,22.27,0.67,27.5,31.2,82.9,5.58,42,Good,PM2.5
Lucknow,North,12,104.57,371.89,30.78,11.06,1.57,36.7,19.8,55.7,1.17,327,Very Poor,PM10
Delhi,North,5,108.41,108.41,28.84,5.77,0.73,39.31,29.4,59.9,4.79,260,Poor,PM2.5
Ahmedabad,West,9,19.12,21.95,39.23,11.76,0.43,33.98,30.1,58.6,1.88,49,Good,NO2
Patna,East,11,201.13,229.92,36.02,15.49,1.38,32.55,14.7,41.2,1.82,362,Very Poor,PM2.5
Ahmedabad,West,1,92.6,99.99,36.55,18.53,0.87,38.51,22.0,58.9,2.03,206,Poor,PM2.5
Kolkata,East,3,41.69,46.78,19.92,15.09,1.08,19.18,29.0,63.6,4.49,69,Satisfactory,PM2.5
Bengaluru,South,2,95.94,136.03,62.11,5.82,1.54,27.67,17.3,55.6,3.51,218,Poor,PM2.5
Lucknow,North,11,150.09,211.96,63.8,13.68,1.11,26.37,12.8,52.3,1.29,323,Very Poor,PM2.5
Lucknow,North,11,248.74,248.74,58.17,22.5,2.12,27.74,14.6,41.1,1.17,399,Very Poor,PM2.5
Bengaluru,South,7,15.15,31.05,27.14,14.33,0.57,22.27,26.5,76.4,4.86,34,Good,NO2
Mumbai,West,7,8.81,38.74,32.58,11.4,0.57,42.77,23.8,83.3,3.02,43,Good,O3
Mumbai,West,6,32.35,40.23,23.31,17.31,0.73,29.37,23.1,69.7,2.86,53,Satisfactory,PM2.5
Guwahati,Northeast,3,18.19,87.91,21.12,18.14,0.8,18.56,27.2,52.7,4.22,88,Satisfactory,PM10
Mumbai,West,7,19.17,40.54,19.56,5.81,1.01,18.76,23.7,84.7,3.39,40,Good,PM10
Delhi,North,11,125.33,198.26,73.58,16.35,1.4,32.84,13.9,46.6,1.46,304,Very Poor,PM2.5
Kolkata,East,1,154.54,292.24,49.13,11.21,1.46,24.42,18.7,55.3,1.51,327,Very Poor,PM2.5
Guwahati,Northeast,4,29.27,85.65,40.36,12.73,0.79,44.83,27.6,70.5,3.01,86,Satisfactory,PM10
Kolkata,East,12,150.66,228.99,66.89,11.03,1.67,32.82,15.8,53.5,1.55,324,Very Poor,PM2.5
Chennai,South,11,76.19,117.37,49.87,12.17,1.72,39.23,14.5,49.3,3.55,153,Moderate,PM2.5
Lucknow,North,1,185.73,496.69,56.84,17.43,1.45,19.66,17.1,57.7,1.63,440,Severe,PM10
Lucknow,North,7,18.73,30.56,26.49,15.48,1.13,19.55,29.3,72.8,3.33,52,Satisfactory,CO
Delhi,North,11,247.68,247.68,50.57,14.91,1.18,27.39,17.2,47.9,1.15,398,Very Poor,PM2.5
Patna,East,8,16.01,40.27,30.64,5.29,1.04,16.13,28.9,73.9,2.81,40,Good,PM10
Kolkata,East,12,166.85,347.64,36.38,9.09,1.82,32.03,10.7,68.1,1.7,336,Very Poor,PM2.5
Bengaluru,South,5,42.74,42.74,33.67,9.29,1.05,39.24,31.7,53.8,3.77,71,Satisfactory,PM2.5
Delhi,North,9,36.17,57.54,41.71,18.12,0.88,37.8,26.7,65.6,4.48,60,Satisfactory,PM2.5
Patna,East,5,44.51,48.38,23.08,3.26,1.16,21.8,31.9,53.3,1.2,74,Satisfactory,PM2.5
Kolkata,East,10,39.74,95.74,17.35,8.36,0.26,9.65,32.4,76.7,2.9,96,Satisfactory,PM10
Bengaluru,South,5,40.3,96.55,23.68,13.14,0.9,34.83,29.4,62.3,1.71,96,Satisfactory,PM10
Kolkata,East,7,16.91,35.74,39.63,11.19,1.15,12.95,25.6,78.2,4.95,54,Satisfactory,CO
Hyderabad,South,5,43.48,109.93,21.41,10.98,0.99,44.32,35.7,63.6,4.29,107,Moderate,PM10
Chennai,South,10,33.34,71.32,18.26,14.32,0.8,22.36,28.5,50.9,3.66,71,Satisfactory,PM10
Guwahati,Northeast,6,28.47,30.37,33.31,12.86,1.1,28.92,22.0,86.1,2.7,51,Satisfactory,CO
Lucknow,North,7,25.14,26.44,20.32,15.15,0.82,35.87,26.5,86.2,3.27,42,Good,PM2.5
Patna,East,4,39.11,81.83,38.02,11.74,1.04,42.58,31.4,73.8,4.15,82,Satisfactory,PM10
Guwahati,Northeast,4,48.38,60.39,26.55,13.49,1.13,51.44,27.7,67.8,2.7,80,Satisfactory,PM2.5
Guwahati,Northeast,9,29.72,49.54,30.22,15.4,1.11,39.72,29.2,67.4,5.05,51,Satisfactory,CO
Mumbai,West,3,36.97,52.87,32.24,10.66,0.99,34.24,25.3,51.1,3.23,61,Satisfactory,PM2.5
Bengaluru,South,6,21.29,21.29,25.88,15.43,1.06,21.38,23.5,78.1,3.43,36,Good,PM2.5
Delhi,North,10,36.93,83.34,40.62,12.98,0.46,29.71,33.1,49.7,2.83,83,Satisfactory,PM10
Bengaluru,South,10,46.51,80.96,37.58,12.41,1.24,27.01,25.9,54.6,0.76,81,Satisfactory,PM10
Kolkata,East,2,275.02,309.39,57.89,10.02,1.48,36.27,24.0,63.9,1.85,411,Severe,PM2.5
Hyderabad,South,2,75.14,92.1,27.15,6.59,1.62,25.55,13.6,51.7,2.44,149,Moderate,PM2.5
Chennai,South,3,39.17,69.13,22.82,16.45,0.39,11.32,27.0,60.8,3.25,69,Satisfactory,PM10
Patna,East,12,108.6,271.4,41.64,19.45,1.44,27.55,25.4,50.4,1.71,261,Poor,PM2.5
Lucknow,North,7,25.43,37.41,29.63,12.48,0.74,30.73,33.1,87.7,3.14,42,Good,PM2.5
Guwahati,Northeast,9,14.09,31.73,35.96,19.14,0.69,23.94,33.5,78.8,4.84,45,Good,NO2
Kolkata,East,4,48.88,69.49,35.92,18.52,0.62,37.56,33.7,59.0,2.25,81,Satisfactory,PM2.5
Mumbai,West,10,62.38,66.18,29.78,6.2,0.66,29.04,27.1,52.3,2.0,106,Moderate,PM2.5
Hyderabad,South,6,23.48,23.48,19.5,3.06,1.01,12.86,27.1,91.1,4.67,39,Good,PM2.5
Kolkata,East,8,22.36,24.21,17.98,11.46,1.23,33.04,24.9,83.6,0.29,58,Satisfactory,CO
Bengaluru,South,6,14.41,35.23,26.3,11.32,0.85,28.19,28.6,79.2,2.48,43,Good,CO
Lucknow,North,1,206.26,226.63,47.14,17.58,1.07,43.16,14.0,49.2,0.87,366,Very Poor,PM2.5
Hyderabad,South,11,57.67,101.12,42.66,12.46,1.44,26.88,7.4,52.5,2.82,101,Moderate,PM10
Delhi,North,9,29.53,32.49,34.86,6.71,1.11,23.19,23.4,76.5,4.37,51,Satisfactory,CO
Hyderabad,South,8,30.86,30.86,36.8,8.87,0.96,29.82,29.0,80.0,1.97,48,Good,CO
Guwahati,Northeast,10,72.27,72.27,12.58,14.4,0.81,26.9,28.7,56.3,2.5,140,Moderate,PM2.5
Kolkata,East,11,242.31,274.45,30.21,6.26,1.67,18.51,13.3,57.1,1.78,394,Very Poor,PM2.5
Chennai,South,2,77.19,125.72,56.67,14.9,0.35,25.98,19.6,48.7,2.84,156,Moderate,PM2.5
Delhi,North,9,20.82,50.0,37.47,11.43,0.85,5.0,26.0,67.2,3.05,50,Good,PM10
Hyderabad,South,1,87.05,168.86,47.62,22.95,1.71,16.99,16.3,49.0,3.46,190,Moderate,PM2.5
Patna,East,3,40.31,72.8,24.24,15.89,1.07,37.8,26.0,69.6,1.27,73,Satisfactory,PM10
Lucknow,North,3,25.88,76.71,38.1,9.11,0.77,26.19,28.7,56.2,2.2,77,Satisfactory,PM10
Ahmedabad,West,9,16.2,46.59,28.76,8.45,1.23,23.08,31.3,89.2,2.86,58,Satisfactory,CO
Lucknow,North,5,81.06,85.39,25.28,16.59,1.09,58.52,29.0,62.5,1.47,170,Moderate,PM2.5
Chennai,South,12,69.44,129.03,45.89,10.8,1.18,34.64,22.5,47.5,3.42,130,Moderate,PM2.5
Kolkata,East,4,45.13,45.13,17.07,8.25,0.32,59.74,32.1,59.8,0.35,75,Satisfactory,PM2.5
Bengaluru,South,3,44.96,121.72,22.13,16.15,0.77,28.46,30.6,57.2,2.03,115,Moderate,PM10
Bengaluru,South,11,71.12,157.96,38.13,18.75,1.73,31.65,18.4,48.0,2.8,139,Moderate,PM10
Lucknow,North,7,27.05,32.33,15.43,3.94,0.43,33.19,23.5,80.4,2.95,45,Good,PM2.5
Mumbai,West,11,80.74,124.65,8.98,10.45,1.8,41.78,23.1,41.1,2.41,168,Moderate,PM2.5
Lucknow,North,11,245.11,354.65,53.05,12.8,2.26,38.18,21.5,55.7,1.2,396,Very Poor,PM2.5
Guwahati,Northeast,6,26.03,32.46,25.05,17.44,1.35,21.71,26.2,80.8,3.34,65,Satisfactory,CO
Hyderabad,South,4,74.67,86.19,32.46,20.44,0.78,40.89,27.2,58.6,1.13,148,Moderate,PM2.5
Chennai,South,5,51.61,70.14,27.16,15.66,0.59,44.57,33.1,45.7,3.57,86,Satisfactory,PM2.5
Ahmedabad,West,2,67.12,77.47,68.61,6.45,0.81,29.12,16.8,40.0,3.39,122,Moderate,PM2.5
Bengaluru,South,2,44.61,98.46,59.55,18.22,2.13,26.71,10.7,55.1,4.45,101,Moderate,CO
Ahmedabad,West,11,81.34,81.34,40.44,21.28,0.92,18.36,20.8,48.6,1.48,170,Moderate,PM2.5
Guwahati,Northeast,3,52.26,67.74,18.38,21.83,0.89,39.74,29.7,55.8,2.23,87,Satisfactory,PM2.5
Lucknow,North,6,30.62,30.62,32.62,11.42,0.62,30.2,23.0,74.3,1.91,41,Good,NO2
Ahmedabad,West,8,19.74,23.94,41.21,14.37,1.38,26.66,25.4,92.1,2.15,66,Satisfactory,CO
Ahmedabad,West,7,25.35,25.35,33.97,14.8,1.24,35.48,30.9,77.1,1.83,59,Satisfactory,CO
Delhi,North,5,20.95,43.76,32.75,19.8,0.95,54.59,25.0,56.0,0.7,55,Satisfactory,O3
Kolkata,East,12,73.36,167.73,55.4,17.1,1.52,32.79,19.6,50.3,0.79,145,Moderate,PM10
Delhi,North,9,24.6,43.66,30.62,6.39,1.09,27.99,25.6,75.6,2.03,44,Good,PM10
Delhi,North,12,80.59,190.93,43.27,19.75,2.11,14.22,22.1,62.8,0.74,168,Moderate,PM2.5
Chennai,South,5,43.86,102.26,41.37,7.82,1.37,13.93,29.9,56.7,4.09,102,Moderate,PM10
Patna,East,11,213.44,213.44,60.42,14.44,0.8,10.64,21.1,50.6,0.68,372,Very Poor,PM2.5
Bengaluru,South,1,78.92,116.04,25.65,21.05,2.08,25.18,17.1,54.9,1.53,162,Moderate,PM2.5
Guwahati,Northeast,5,24.04,74.88,18.18,6.63,1.34,42.75,31.6,43.9,2.13,75,Satisfactory,PM10
Ahmedabad,West,7,21.63,21.63,29.74,13.76,1.25,22.5,20.3,70.0,1.57,59,Satisfactory,CO
Lucknow,North,6,5.0,29.79,39.98,12.03,1.14,14.21,22.2,89.5,2.91,53,Satisfactory,CO
Lucknow,North,2,97.38,280.22,31.5,17.7,2.91,32.07,16.1,31.7,0.46,230,Poor,PM10
Delhi,North,5,28.79,67.99,33.5,19.11,0.85,36.9,31.2,55.0,2.16,68,Satisfactory,PM10
Lucknow,North,8,21.56,56.44,31.69,17.53,0.61,32.41,24.8,81.2,3.57,56,Satisfactory,PM10
Hyderabad,South,1,70.88,204.94,68.56,17.65,1.97,42.81,13.7,63.0,1.69,170,Moderate,PM10
Hyderabad,South,9,24.23,47.16,18.31,9.54,0.93,26.43,29.6,99.0,3.27,47,Good,PM10
Lucknow,North,9,11.06,31.07,20.1,14.24,1.02,24.11,33.0,72.1,2.67,31,Good,PM10
Ahmedabad,West,12,91.86,164.61,54.17,17.04,1.28,35.71,20.7,64.1,0.93,204,Poor,PM2.5
Bengaluru,South,6,26.08,26.08,32.13,17.09,0.74,24.39,23.8,73.8,2.25,44,Good,PM2.5
Patna,East,9,15.02,31.63,25.62,21.0,0.79,30.89,25.3,73.3,0.89,40,Good,CO
Mumbai,West,3,25.99,80.72,37.04,3.42,0.75,16.52,26.2,68.6,2.3,81,Satisfactory,PM10
Mumbai,West,4,67.92,87.01,21.62,12.76,0.68,47.3,32.5,49.1,3.0,125,Moderate,PM2.5
Bengaluru,South,2,83.34,148.68,54.88,10.54,2.05,20.67,14.0,26.4,2.72,177,Moderate,PM2.5
Delhi,North,8,23.07,23.07,22.56,14.26,0.62,31.44,25.3,77.7,3.47,38,Good,PM2.5
Chennai,South,3,46.46,57.82,24.15,15.06,0.62,26.5,25.8,59.2,1.67,77,Satisfactory,PM2.5
Guwahati,Northeast,9,23.94,44.38,12.95,13.77,1.19,33.01,25.7,70.5,2.89,56,Satisfactory,CO
Hyderabad,South,7,20.93,32.56,18.91,14.03,1.03,29.69,27.3,91.4,2.1,35,Good,PM2.5
Mumbai,West,12,52.02,158.59,65.76,10.59,2.4,31.94,15.4,49.0,4.07,139,Moderate,PM10
Bengaluru,South,12,44.08,114.03,50.93,9.56,2.73,29.96,17.8,61.5,2.39,110,Moderate,PM10
Mumbai,West,3,18.73,66.09,36.81,19.54,0.69,20.53,28.7,55.0,2.5,66,Satisfactory,PM10
Guwahati,Northeast,6,16.39,16.39,17.07,12.05,0.4,25.5,22.8,91.1,5.22,27,Good,PM2.5
Guwahati,Northeast,12,99.52,185.65,51.7,7.39,1.45,43.15,16.6,49.7,0.87,230,Poor,PM2.5
Bengaluru,South,3,5.0,66.34,27.61,8.83,1.13,38.1,22.8,76.7,1.21,66,Satisfactory,PM10
Guwahati,Northeast,6,21.31,29.22,24.56,11.84,0.96,20.27,26.3,71.8,1.44,48,Good,CO
Chennai,South,4,26.89,66.86,31.63,12.58,1.43,14.15,32.4,60.1,3.71,69,Satisfactory,CO
Bengaluru,South,9,19.08,36.21,21.75,14.95,0.39,34.53,26.9,74.1,2.54,36,Good,PM10
Mumbai,West,2,101.78,234.44,65.57,9.29,1.9,33.66,15.2,41.9,2.73,238,Poor,PM2.5
Lucknow,North,1,69.74,213.17,56.25,12.2,2.28,16.14,25.1,39.7,0.26,176,Moderate,PM10
Mumbai,West,8,12.21,34.02,27.38,11.06,0.67,31.63,26.0,86.8,2.6,34,Good,NO2
Bengaluru,South,8,8.29,32.65,17.34,5.52,1.04,13.07,31.2,79.3,2.75,33,Good,PM10
Kolkata,East,3,57.04,76.43,22.24,12.96,0.45,14.26,23.6,62.8,2.8,95,Satisfactory,PM2.5
Delhi,North,10,30.51,89.69,27.04,7.47,1.0,27.45,25.1,60.3,2.65,90,Satisfactory,PM10
Patna,East,7,17.33,20.95,28.63,8.15,0.62,25.98,29.2,79.5,2.21,36,Good,NO2
Chennai,South,6,24.76,24.76,34.7,3.0,0.52,23.68,33.5,91.4,3.59,43,Good,NO2
Bengaluru,South,7,7.05,36.04,23.39,8.08,0.94,24.04,29.6,62.5,2.88,47,Good,CO
Delhi,North,2,137.06,296.86,31.91,12.79,1.5,22.45,16.6,50.8,0.97,313,Very Poor,PM2.5
Bengaluru,South,8,18.28,28.11,41.35,13.99,0.8,29.23,23.9,74.5,2.44,51,Satisfactory,NO2
Kolkata,East,9,23.0,29.2,25.01,9.27,1.7,22.43,20.8,65.2,3.65,84,Satisfactory,CO
Hyderabad,South,10,34.26,105.85,34.23,11.09,0.83,29.52,29.6,63.2,2.04,104,Moderate,PM10
Kolkata,East,8,34.29,37.02,35.3,14.59,0.97,28.91,29.7,83.7,3.1,57,Satisfactory,PM2.5
Patna,East,3,51.07,74.96,25.41,24.86,0.48,36.05,24.4,61.0,5.68,85,Satisfactory,PM2.5
Kolkata,East,1,119.46,270.57,35.8,16.24,1.34,33.49,14.0,37.5,1.27,298,Poor,PM2.5
Mumbai,West,9,31.01,31.01,19.28,13.99,0.74,15.25,33.1,70.0,2.58,51,Satisfactory,PM2.5
Chennai,South,1,87.4,135.51,36.09,10.44,1.49,34.29,14.5,68.1,1.95,191,Moderate,PM2.5
Delhi,North,7,12.03,21.02,20.65,7.34,0.79,19.78,29.1,71.7,1.8,39,Good,CO
Hyderabad,South,5,60.64,81.43,27.16,5.12,0.59,25.89,34.9,64.2,1.83,81,Satisfactory,PM10
Hyderabad,South,4,32.0,56.17,31.87,10.62,1.46,57.75,34.9,65.4,2.33,71,Satisfactory,CO
Hyderabad,South,7,17.78,51.26,31.4,13.26,0.93,42.62,22.7,92.7,2.59,51,Satisfactory,PM10
Delhi,North,6,14.92,17.38,33.49,7.02,0.95,37.53,25.0,75.9,1.34,47,Good,CO
Chennai,South,1,133.06,146.77,44.19,9.06,1.58,29.09,16.7,56.2,1.73,310,Very Poor,PM2.5
Hyderabad,South,10,50.83,50.83,34.12,11.93,0.41,28.92,21.9,65.5,2.52,84,Satisfactory,PM2.5
Delhi,North,9,27.84,27.84,11.03,8.38,0.57,43.34,27.0,85.5,2.48,46,Good,PM2.5
Lucknow,North,4,44.49,101.9,30.62,6.92,1.34,38.31,29.6,37.4,3.51,102,Moderate,PM10
Kolkata,East,7,20.96,30.26,23.17,10.23,1.03,33.37,26.3,85.6,2.71,35,Good,PM2.5
Kolkata,East,12,171.11,171.11,51.35,4.6,1.11,11.04,17.5,64.9,1.33,340,Very Poor,PM2.5
Bengaluru,South,1,127.63,133.42,36.98,8.99,1.6,22.68,16.3,59.9,3.95,306,Very Poor,PM2.5
Hyderabad,South,9,14.45,29.63,33.03,17.49,1.63,24.09,25.8,82.7,2.04,80,Satisfactory,CO
Lucknow,North,7,17.31,17.31,29.04,11.12,1.24,28.05,23.2,75.9,0.46,59,Satisfactory,CO
Patna,East,2,195.59,251.82,61.28,2.56,1.48,24.01,20.9,57.4,1.76,358,Very Poor,PM2.5
Hyderabad,South,8,17.64,48.21,19.23,6.81,1.1,15.36,28.7,78.8,4.0,51,Satisfactory,CO
Bengaluru,South,5,45.88,88.19,22.43,8.61,1.03,41.63,29.8,59.3,4.59,88,Satisfactory,PM10
Ahmedabad,West,11,58.44,58.44,47.39,15.15,2.0,28.91,20.9,57.8,4.05,97,Satisfactory,PM2.5
Ahmedabad,West,9,31.38,32.67,16.85,15.19,1.11,41.19,30.8,93.6,3.49,52,Satisfactory,PM2.5
Ahmedabad,West,8,10.43,37.61,23.36,13.02,0.91,31.96,26.7,85.5,0.28,46,Good,CO
Lucknow,North,2,227.34,424.6,58.54,20.09,1.68,28.02,19.6,52.0,0.96,393,Very Poor,PM10
Bengaluru,South,12,42.75,137.86,48.16,10.27,1.33,32.24,20.3,43.0,1.36,126,Moderate,PM10
Mumbai,West,10,23.34,89.06,41.58,19.77,1.1,33.95,33.8,41.3,2.28,89,Satisfactory,PM10
Lucknow,North,1,141.11,373.17,47.43,12.63,1.47,23.61,16.4,54.2,0.97,329,Very Poor,PM10
Bengaluru,South,9,24.88,45.78,18.52,3.84,0.9,52.35,30.8,73.6,3.28,52,Satisfactory,O3
Hyderabad,South,4,23.45,107.93,26.59,11.56,0.91,56.42,28.7,46.3,3.16,106,Moderate,PM10
Chennai,South,2,62.62,161.37,56.34,17.0,1.9,48.25,16.2,55.2,2.31,141,Moderate,PM10
Kolkata,East,10,44.03,115.95,23.54,18.75,1.06,27.73,28.6,62.1,3.2,111,Moderate,PM10
Lucknow,North,10,33.95,68.81,13.86,16.04,0.57,26.17,28.9,66.7,0.81,69,Satisfactory,PM10
Delhi,North,8,23.51,34.96,39.29,8.06,0.35,34.81,25.4,63.9,2.62,49,Good,NO2
Delhi,North,6,11.3,58.55,20.96,12.42,0.57,28.35,26.6,66.1,5.96,58,Satisfactory,PM10
Lucknow,North,3,37.21,98.74,43.24,17.41,0.58,29.8,21.4,67.2,0.97,99,Satisfactory,PM10
Delhi,North,2,159.82,308.31,44.24,19.29,1.95,33.42,14.3,65.6,0.95,331,Very Poor,PM2.5
Guwahati,Northeast,5,76.85,88.27,36.67,1.2,0.85,55.89,33.8,50.2,2.47,155,Moderate,PM2.5
Mumbai,West,5,51.5,51.5,37.5,17.68,0.77,48.57,30.3,61.9,1.52,86,Satisfactory,PM2.5
Kolkata,East,3,19.15,34.5,26.98,10.99,0.97,22.54,32.7,61.3,3.06,49,Good,CO
Bengaluru,South,4,60.8,89.72,31.71,15.53,0.41,19.49,30.8,58.4,3.45,90,Satisfactory,PM10
Patna,East,11,192.58,192.58,47.85,5.56,1.79,12.22,19.0,40.2,1.19,356,Very Poor,PM2.5
Chennai,South,7,21.86,21.86,22.35,4.79,0.44,28.99,28.7,81.5,3.47,36,Good,PM2.5
Bengaluru,South,1,63.3,80.69,41.66,5.66,1.19,28.75,17.6,76.5,1.29,109,Moderate,PM2.5
Lucknow,North,11,80.27,240.36,43.0,16.06,1.38,26.39,16.7,40.8,1.03,194,Moderate,PM10
Guwahati,Northeast,7,20.77,40.2,26.03,10.79,0.44,32.53,24.9,84.0,4.27,40,Good,PM10
Chennai,South,7,13.0,34.25,30.93,10.49,0.75,32.73,28.5,75.2,0.95,39,Good,NO2
Guwahati,Northeast,9,14.81,36.64,29.27,2.93,0.92,32.32,28.9,78.9,0.59,46,Good,CO
Bengaluru,South,12,80.07,80.07,36.66,13.11,1.93,23.9,20.5,37.7,1.63,166,Moderate,PM2.5
Chennai,South,5,30.87,111.11,45.29,13.13,0.73,39.21,32.4,47.5,2.16,108,Moderate,PM10
Delhi,North,1,101.44,210.88,48.19,13.36,1.3,28.65,19.8,67.7,1.33,237,Poor,PM2.5
Ahmedabad,West,11,107.42,107.42,28.93,13.2,2.12,31.03,17.7,40.4,2.73,257,Poor,PM2.5
Chennai,South,10,25.56,70.88,24.75,8.65,0.97,31.72,28.3,52.2,0.96,71,Satisfactory,PM10
Lucknow,North,11,131.67,422.01,75.14,21.56,1.15,32.78,20.6,58.1,1.2,390,Very Poor,PM10
Delhi,North,7,20.25,35.75,15.08,15.09,0.83,31.9,27.7,79.4,2.75,42,Good,CO
Ahmedabad,West,4,41.87,43.1,32.78,8.12,0.54,29.12,31.8,59.2,0.41,69,Satisfactory,PM2.5
Chennai,South,8,28.54,29.76,26.61,17.01,1.11,36.58,18.7,91.9,3.51,52,Satisfactory,CO
Guwahati,Northeast,2,116.19,128.1,48.1,10.68,1.91,37.03,17.7,50.1,1.69,287,Poor,PM2.5
Patna,East,10,39.65,100.3,38.58,17.2,0.85,10.03,26.6,53.9,2.65,66,Satisfactory,PM2.5
Bengaluru,South,6,20.1,23.69,17.24,17.87,0.64,28.0,29.9,85.3,3.69,34,Good,PM2.5
Kolkata,East,9,25.38,48.61,31.57,3.18,0.76,33.85,25.1,91.0,2.73,49,Good,PM10
Ahmedabad,West,10,62.71,72.3,29.48,16.32,0.5,25.6,29.5,60.5,4.44,107,Moderate,PM2.5
Lucknow,North,5,18.38,94.16,35.27,11.07,1.01,51.39,28.6,54.3,3.01,94,Satisfactory,PM10
Patna,East,4,26.64,71.96,25.95,14.01,0.9,35.12,34.7,55.7,2.47,72,Satisfactory,PM10
Delhi,North,3,33.76,88.34,30.69,14.88,1.05,45.54,24.8,47.0,1.62,88,Satisfactory,PM10
Kolkata,East,5,29.65,78.65,38.52,19.39,1.04,68.98,29.9,46.9,3.98,79,Satisfactory,PM10
Lucknow,North,12,117.72,314.44,46.53,11.08,1.03,27.91,21.0,52.2,0.94,292,Poor,PM2.5
Patna,East,5,32.25,85.5,30.89,8.16,0.3,47.29,28.3,65.5,1.95,86,Satisfactory,PM10
Bengaluru,South,8,21.34,58.77,34.29,12.65,1.0,13.29,23.6,57.9,4.74,59,Satisfactory,PM10
Delhi,North,11,182.0,283.03,25.66,10.95,2.46,29.1,16.3,37.9,2.17,348,Very Poor,PM2.5
Hyderabad,South,1,26.96,86.0,29.6,11.37,1.7,23.77,20.3,52.6,3.99,86,Satisfactory,PM10
Guwahati,Northeast,12,330.54,330.54,34.99,7.07,1.5,13.56,18.9,36.8,1.49,433,Severe,PM2.5
Ahmedabad,West,11,60.66,140.58,81.18,6.83,1.53,21.92,15.4,46.3,3.72,127,Moderate,PM10
Hyderabad,South,9,36.19,38.72,19.52,10.24,0.68,34.72,22.1,67.3,2.14,60,Satisfactory,PM2.5
Chennai,South,6,28.99,48.68,32.45,11.6,1.11,18.39,21.5,81.5,1.67,52,Satisfactory,CO
Chennai,South,4,46.88,82.19,35.88,15.99,0.95,36.43,31.3,55.2,2.58,82,Satisfactory,PM10
Patna,East,8,21.54,39.07,22.07,16.9,1.11,34.45,27.6,86.3,4.22,51,Satisfactory,CO
Bengaluru,South,5,43.19,97.03,20.41,8.55,0.89,20.06,33.5,52.3,2.27,97,Satisfactory,PM10
Bengaluru,South,4,45.62,68.61,27.43,11.71,0.78,32.26,34.2,43.2,2.57,76,Satisfactory,PM2.5
Chennai,South,9,23.22,23.22,23.8,11.51,1.19,30.79,23.4,74.1,3.79,56,Satisfactory,CO
Ahmedabad,West,8,19.69,34.33,24.76,24.94,0.79,31.78,24.7,82.2,3.78,39,Good,CO
Delhi,North,4,44.14,55.95,18.39,16.98,0.75,11.59,36.3,53.6,2.52,73,Satisfactory,PM2.5
Hyderabad,South,6,19.25,32.74,17.68,4.15,0.86,31.05,27.9,74.1,2.82,43,Good,CO
Ahmedabad,West,12,81.27,124.76,76.42,12.04,1.15,27.57,17.0,55.5,2.83,170,Moderate,PM2.5
Lucknow,North,3,19.24,82.53,39.62,12.38,1.12,36.51,27.8,53.5,3.02,82,Satisfactory,PM10
Mumbai,West,12,82.98,145.71,41.34,11.03,1.54,27.57,21.5,33.2,2.83,176,Moderate,PM2.5
Ahmedabad,West,4,23.4,91.92,21.91,10.29,1.4,54.73,32.7,63.0,2.62,92,Satisfactory,PM10
Mumbai,West,5,57.63,59.3,16.24,14.72,0.88,24.0,32.3,57.8,3.39,96,Satisfactory,PM2.5
Delhi,North,7,15.94,40.96,23.82,9.92,0.76,37.5,26.2,89.0,4.8,41,Good,PM10
Kolkata,East,11,16.0,357.23,43.08,7.84,1.32,24.52,21.9,53.3,2.12,309,Very Poor,PM10
Ahmedabad,West,1,62.42,105.06,56.09,15.94,2.08,25.8,18.5,56.7,2.37,106,Moderate,PM2.5
Kolkata,East,6,14.54,31.94,33.56,18.04,0.53,22.98,25.9,84.4,2.21,42,Good,NO2
Mumbai,West,3,22.76,87.59,26.64,8.86,0.83,37.47,24.0,53.3,4.2,88,Satisfactory,PM10
Ahmedabad,West,7,25.0,38.57,27.7,10.33,1.12,37.76,30.3,68.5,4.26,52,Satisfactory,CO
Hyderabad,South,7,14.9,32.68,34.98,14.59,0.83,35.04,27.4,73.4,2.01,44,Good,NO2
Patna,East,5,43.7,44.93,35.12,9.69,1.33,24.32,30.5,54.4,1.71,72,Satisfactory,PM2.5
Mumbai,West,10,72.89,79.79,21.35,3.22,0.44,23.49,25.1,58.2,0.28,142,Moderate,PM2.5
Bengaluru,South,10,61.19,113.74,12.09,8.15,0.67,29.22,23.3,73.5,2.85,110,Moderate,PM10
Mumbai,West,2,109.02,118.43,53.76,8.4,0.94,22.87,24.6,57.1,3.11,262,Poor,PM2.5
Hyderabad,South,7,26.71,26.71,14.84,9.32,1.43,43.94,25.6,72.6,0.96,69,Satisfactory,CO
Kolkata,East,8,21.4,42.58,35.65,11.05,1.05,22.11,28.6,73.9,3.31,45,Good,NO2
Hyderabad,South,12,71.69,147.37,25.39,6.89,1.47,15.88,16.8,49.0,4.27,138,Moderate,PM2.5
Hyderabad,South,2,95.22,129.77,40.29,12.64,1.95,38.02,17.6,38.8,0.88,215,Poor,PM2.5
Kolkata,East,10,8.18,117.7,33.01,8.95,0.6,36.64,23.7,51.9,1.94,112,Moderate,PM10
Delhi,North,10,54.78,103.87,36.78,12.0,1.18,22.36,21.5,54.6,1.9,103,Moderate,PM10
Patna,East,11,106.28,234.37,56.93,20.23,0.77,17.18,15.6,58.1,1.29,253,Poor,PM2.5
Guwahati,Northeast,2,200.14,350.04,47.73,8.08,1.73,26.04,17.3,47.9,1.92,362,Very Poor,PM2.5
Delhi,North,7,27.59,48.23,31.86,9.57,1.18,31.91,34.8,80.5,3.58,55,Satisfactory,CO
Guwahati,Northeast,4,43.44,70.56,30.47,14.5,1.21,45.89,29.6,57.4,1.32,72,Satisfactory,PM2.5
Guwahati,Northeast,12,129.69,350.94,51.98,13.46,1.54,21.38,15.1,65.8,1.46,308,Very Poor,PM2.5
Bengaluru,South,6,30.07,30.18,31.56,12.22,0.59,26.44,28.8,74.0,2.44,39,Good,NO2
Ahmedabad,West,7,35.22,35.22,32.21,10.78,0.73,25.67,29.0,83.8,3.01,58,Satisfactory,PM2.5
Hyderabad,South,6,29.24,42.86,23.41,14.37,1.03,21.15,22.3,61.8,2.88,49,Good,PM2.5
Mumbai,West,4,26.39,100.51,29.28,18.48,1.0,28.56,32.4,65.4,2.19,44,Good,PM2.5
Delhi,North,5,46.58,53.53,37.42,10.05,1.37,15.24,31.4,71.4,1.8,77,Satisfactory,PM2.5
Delhi,North,2,137.43,216.2,51.52,5.78,1.55,32.33,17.4,44.0,1.98,314,Very Poor,PM2.5
Mumbai,West,4,28.6,46.8,20.0,14.62,0.97,51.96,30.0,52.6,3.83,52,Satisfactory,O3
Guwahati,Northeast,12,170.45,170.45,39.79,16.85,1.26,34.84,11.0,47.5,1.3,339,Very Poor,PM2.5
Lucknow,North,5,26.59,91.9,36.88,8.54,0.8,43.78,26.6,56.4,4.23,92,Satisfactory,PM10
Ahmedabad,West,6,19.14,35.59,32.88,15.71,0.75,40.89,30.9,83.4,1.86,41,Good,NO2
Ahmedabad,West,9,17.94,35.05,13.14,14.37,1.25,32.84,25.0,71.6,3.14,59,Satisfactory,CO
Bengaluru,South,7,23.39,40.64,37.17,6.57,0.96,24.95,26.7,84.9,3.89,48,Good,CO
Mumbai,West,6,23.27,33.29,25.88,3.67,1.26,25.3,28.5,83.4,1.41,60,Satisfactory,CO
Lucknow,North,12,246.63,295.7,39.64,11.39,2.12,35.85,13.6,65.1,1.94,397,Very Poor,PM2.5
Mumbai,West,10,26.23,100.69,32.0,5.0,0.84,54.26,27.0,54.1,1.67,54,Satisfactory,O3
Delhi,North,3,58.35,108.8,30.08,18.02,0.67,29.37,27.9,71.1,3.16,106,Moderate,PM10
Hyderabad,South,4,46.01,46.01,8.5,15.99,0.8,38.71,33.5,71.2,3.4,76,Satisfactory,PM2.5
Bengaluru,South,8,23.81,37.55,30.02,5.83,1.16,7.46,25.2,78.2,1.92,54,Satisfactory,CO
Patna,East,8,33.29,45.83,22.24,9.75,0.56,33.92,26.3,62.3,2.91,55,Satisfactory,PM2.5
Guwahati,Northeast,10,60.17,74.82,24.87,21.53,0.9,34.04,25.4,65.5,1.17,75,Satisfactory,PM10
Hyderabad,South,6,11.69,28.18,38.5,9.06,1.09,40.75,26.9,86.0,3.39,48,Good,NO2
Hyderabad,South,10,56.82,118.73,22.65,7.4,0.63,36.35,30.4,55.7,0.41,113,Moderate,PM10
Chennai,South,9,24.13,33.74,29.51,9.49,1.17,30.88,28.8,79.3,3.39,55,Satisfactory,CO
Ahmedabad,West,5,30.38,85.06,34.65,17.54,1.01,29.84,28.6,56.5,3.01,85,Satisfactory,PM10
Lucknow,North,2,97.07,179.81,17.78,1.2,1.54,47.49,23.4,44.2,1.48,222,Poor,PM2.5
Bengaluru,South,11,37.85,76.25,44.75,11.12,1.72,33.57,17.0,52.3,1.57,85,Satisfactory,CO
Lucknow,North,9,9.63,41.13,25.16,3.02,0.88,17.51,32.0,73.4,3.56,44,Good,CO
Lucknow,North,12,106.52,278.21,55.97,12.55,1.77,16.83,19.7,48.1,1.6,254,Poor,PM2.5
Hyderabad,South,3,55.53,84.5,33.39,15.3,1.3,27.71,27.5,67.5,2.25,92,Satisfactory,PM2.5
Mumbai,West,11,82.08,111.64,30.61,14.4,2.29,14.31,21.1,31.7,2.35,173,Moderate,PM2.5
Ahmedabad,West,8,17.92,35.35,34.41,3.76,0.92,28.54,32.6,68.1,2.37,46,Good,CO
Bengaluru,South,4,28.71,102.37,28.22,9.33,0.76,34.9,29.6,49.9,2.51,102,Moderate,PM10
Chennai,South,3,33.06,80.06,30.02,9.33,0.86,46.13,33.4,51.6,1.78,80,Satisfactory,PM10
Guwahati,Northeast,12,219.2,239.48,51.45,21.59,1.59,33.93,19.6,47.3,1.99,376,Very Poor,PM2.5
Mumbai,West,4,66.1,66.1,23.99,6.78,0.65,36.62,23.7,58.1,2.23,118,Moderate,PM2.5
Ahmedabad,West,10,51.66,60.26,24.15,10.87,1.3,21.09,24.8,51.0,1.14,86,Satisfactory,PM2.5
Kolkata,East,3,48.2,105.94,36.75,23.51,0.88,25.81,23.1,65.6,2.93,104,Moderate,PM10
Mumbai,West,6,21.98,22.66,30.95,12.98,0.94,22.26,30.6,94.4,1.56,47,Good,CO
Bengaluru,South,4,5.0,91.84,12.29,9.48,0.55,39.28,33.5,45.1,2.4,92,Satisfactory,PM10
Kolkata,East,12,248.54,307.23,31.05,9.74,2.35,34.0,15.2,49.9,1.27,399,Very Poor,PM2.5
Bengaluru,South,9,8.13,27.43,39.67,10.17,0.87,29.18,33.7,78.1,4.03,50,Good,NO2
Delhi,North,1,145.47,273.02,36.85,11.02,2.03,21.28,18.0,57.7,0.94,320,Very Poor,PM2.5
Patna,East,8,20.77,32.72,11.13,10.21,1.0,42.66,28.7,87.0,1.45,43,Good,O3
Chennai,South,7,28.9,28.9,36.11,15.52,0.97,25.24,24.0,92.2,3.51,49,Good,CO
Chennai,South,5,38.5,77.37,29.38,13.92,1.1,32.14,26.6,60.7,0.84,77,Satisfactory,PM10
Delhi,North,1,131.49,312.13,76.55,2.67,2.69,26.04,19.0,40.7,1.96,309,Very Poor,PM2.5
Delhi,North,7,19.81,19.81,28.62,16.06,0.84,37.86,30.4,72.9,4.59,42,Good,CO
Chennai,South,11,71.22,122.53,49.0,1.2,1.51,16.54,22.9,64.7,3.75,136,Moderate,PM2.5
Mumbai,West,4,29.12,61.41,44.32,8.68,0.26,54.98,35.5,73.3,3.96,61,Satisfactory,PM10
Ahmedabad,West,6,20.63,20.63,28.23,14.98,0.86,26.48,24.1,70.0,4.86,43,Good,CO
Patna,East,6,20.23,37.33,19.76,15.08,1.38,15.15,28.4,82.3,3.39,66,Satisfactory,CO
Patna,East,5,77.07,77.07,33.65,12.4,0.73,45.41,33.0,61.7,1.81,156,Moderate,PM2.5
Guwahati,Northeast,9,17.02,25.72,30.63,14.01,1.16,20.8,25.3,90.4,2.62,54,Satisfactory,CO
Hyderabad,South,2,65.71,159.45,64.87,17.34,1.61,20.67,23.8,58.9,2.29,140,Moderate,PM10
Lucknow,North,12,130.01,387.11,69.29,7.58,1.88,34.57,25.8,46.1,2.2,346,Very Poor,PM10
Guwahati,Northeast,11,90.48,262.21,48.04,6.92,1.75,36.05,18.7,47.7,1.32,212,Poor,PM10
Ahmedabad,West,11,75.32,158.62,51.92,5.27,1.33,29.39,21.4,62.4,4.79,150,Moderate,PM2.5
Delhi,North,1,202.75,202.75,54.19,6.84,1.57,53.45,18.9,45.1,1.63,364,Very Poor,PM2.5
Bengaluru,South,1,46.46,194.08,63.36,13.66,1.41,25.39,22.6,54.5,0.28,163,Moderate,PM10
Hyderabad,South,6,21.55,37.97,37.13,14.23,1.1,24.44,23.3,80.2,4.4,51,Satisfactory,CO
Mumbai,West,1,52.16,162.59,41.42,10.03,1.42,27.45,13.3,47.7,3.06,142,Moderate,PM10
Bengaluru,South,12,98.37,184.67,69.78,16.39,1.53,22.77,18.1,56.7,3.72,226,Poor,PM2.5
Mumbai,West,10,43.09,94.56,38.59,16.22,0.89,21.0,24.4,54.6,3.09,95,Satisfactory,PM10
Mumbai,West,4,22.72,64.93,30.04,7.68,1.02,38.13,28.8,60.4,3.24,65,Satisfactory,PM10
Guwahati,Northeast,9,18.53,39.25,21.6,4.04,0.49,24.49,23.0,75.2,4.66,39,Good,PM10
Kolkata,East,9,18.25,56.45,31.43,10.23,0.86,31.61,32.1,73.8,1.95,56,Satisfactory,PM10
Hyderabad,South,5,46.62,46.62,24.1,7.64,1.19,35.59,32.2,47.2,2.95,77,Satisfactory,PM2.5
Lucknow,North,10,38.3,127.25,35.83,11.38,1.76,20.31,30.5,47.7,2.53,118,Moderate,PM10
Kolkata,East,1,174.41,276.57,43.57,17.24,1.33,30.75,20.5,40.1,0.98,342,Very Poor,PM2.5
Kolkata,East,10,54.92,109.12,26.19,10.48,0.66,30.77,26.1,57.8,2.69,106,Moderate,PM10
Bengaluru,South,9,16.25,26.45,31.63,1.2,0.74,18.33,30.6,74.5,2.17,40,Good,NO2
Guwahati,Northeast,1,126.66,239.14,49.4,9.97,1.39,19.51,14.5,52.5,1.57,305,Very Poor,PM2.5
Guwahati,Northeast,5,56.97,94.03,36.19,13.44,1.07,69.53,30.1,51.6,1.08,95,Satisfactory,PM2.5
Bengaluru,South,8,32.79,32.79,21.89,10.44,1.23,17.19,21.1,95.3,3.15,58,Satisfactory,CO
Guwahati,Northeast,1,148.51,310.01,26.2,7.96,1.65,8.92,17.1,49.1,1.23,322,Very Poor,PM2.5
Lucknow,North,7,13.19,15.61,29.22,10.56,0.53,28.53,26.1,74.3,0.38,36,Good,NO2
Ahmedabad,West,8,11.51,35.08,21.21,10.13,1.21,32.47,30.4,80.6,3.24,57,Satisfactory,CO
Ahmedabad,West,11,62.22,110.97,65.62,9.57,1.73,29.9,21.5,50.9,3.73,108,Moderate,PM10
Lucknow,North,9,8.81,10.84,34.6,15.23,1.14,22.31,25.3,77.0,4.42,53,Satisfactory,CO
Guwahati,Northeast,5,57.5,84.1,39.22,10.77,0.79,40.37,28.1,58.6,1.55,96,Satisfactory,PM2.5
Ahmedabad,West,9,24.1,49.19,14.31,21.13,0.48,17.93,25.1,88.5,3.05,49,Good,PM10
Bengaluru,South,2,50.58,69.88,64.31,15.83,2.25,31.33,10.1,42.0,3.32,103,Moderate,CO
Hyderabad,South,10,36.2,51.18,35.96,14.19,1.04,22.68,27.5,49.3,2.65,60,Satisfactory,PM2.5
Ahmedabad,West,11,31.58,107.49,82.2,3.36,1.0,29.82,23.3,53.6,3.59,105,Moderate,PM10
Guwahati,Northeast,6,16.63,35.27,22.47,15.48,0.47,35.48,27.1,76.3,0.96,36,Good,O3
Guwahati,Northeast,3,63.88,71.71,30.34,7.78,0.89,16.47,27.3,63.0,3.16,111,Moderate,PM2.5
Delhi,North,11,140.85,315.84,44.96,10.62,2.51,20.01,21.2,42.8,1.77,316,Very Poor,PM2.5
Delhi,North,10,36.96,48.56,11.45,9.05,1.04,18.95,27.3,48.2,2.54,61,Satisfactory,PM2.5
Delhi,North,6,19.7,29.25,18.0,8.84,0.65,16.96,30.2,75.1,0.33,33,Good,PM2.5
Mumbai,West,8,26.73,26.73,40.58,7.89,1.04,36.71,28.4,67.0,1.74,45,Good,PM2.5
Lucknow,North,3,32.33,98.89,24.39,12.68,0.53,22.89,24.4,61.8,2.9,99,Satisfactory,PM10
Mumbai,West,9,16.77,24.82,29.53,7.06,1.19,27.04,26.0,81.7,2.71,56,Satisfactory,CO
Hyderabad,South,3,28.28,100.77,28.7,3.93,1.0,23.3,24.4,50.8,3.92,50,Good,CO
Chennai,South,11,49.48,123.29,70.73,14.66,1.19,40.85,13.9,54.1,3.35,116,Moderate,PM10
Hyderabad,South,11,87.09,100.65,58.01,3.17,1.76,24.54,21.4,51.6,4.2,190,Moderate,PM2.5
Lucknow,North,6,19.35,42.56,34.67,14.27,0.28,19.75,31.2,68.0,3.79,43,Good,NO2
Patna,East,11,119.36,119.36,39.81,21.97,1.19,21.33,15.0,61.7,1.26,298,Poor,PM2.5
Lucknow,North,1,239.15,319.29,34.76,6.13,2.16,28.14,13.4,37.7,0.78,392,Very Poor,PM2.5
Mumbai,West,10,12.77,51.27,20.28,9.78,1.36,25.76,26.5,64.1,2.53,65,Satisfactory,CO
Mumbai,West,2,76.88,123.38,87.84,16.37,1.08,31.11,15.6,55.6,1.26,155,Moderate,PM2.5
Chennai,South,5,50.42,99.4,32.22,16.1,1.0,44.17,29.5,66.5,3.95,99,Satisfactory,PM10
Delhi,North,10,43.16,113.02,27.83,12.36,1.03,27.18,24.5,63.0,2.76,109,Moderate,PM10
Guwahati,Northeast,5,57.42,62.83,34.12,13.48,1.25,35.39,31.6,59.2,2.87,96,Satisfactory,PM2.5
Guwahati,Northeast,4,54.07,86.09,38.8,11.95,0.79,51.95,28.6,68.7,4.01,90,Satisfactory,PM2.5
Mumbai,West,5,50.93,65.33,28.92,13.82,0.75,58.8,32.7,52.9,4.91,85,Satisfactory,PM2.5
Mumbai,West,7,12.5,25.85,40.5,20.76,1.17,39.08,30.6,82.5,3.17,55,Satisfactory,CO
Kolkata,East,3,56.59,59.48,34.15,19.0,0.84,25.37,28.4,54.8,1.33,94,Satisfactory,PM2.5
Guwahati,Northeast,3,37.9,76.92,22.87,18.13,1.13,25.98,23.5,57.2,3.44,77,Satisfactory,PM10
Delhi,North,8,21.02,36.61,34.37,11.8,1.02,19.71,34.7,75.7,3.03,43,Good,NO2
Kolkata,East,3,38.53,76.68,27.96,7.61,1.02,14.15,32.3,66.3,3.52,77,Satisfactory,PM10
Chennai,South,8,14.63,48.77,62.87,17.73,1.18,32.41,24.5,86.0,1.57,78,Satisfactory,NO2
Ahmedabad,West,1,38.8,153.83,47.17,12.48,1.59,18.54,16.0,47.0,1.23,136,Moderate,PM10
Bengaluru,South,8,12.59,40.39,33.55,5.79,0.82,43.59,24.1,81.4,2.92,44,Good,O3
Kolkata,East,6,22.34,29.97,28.56,12.39,0.88,16.92,30.7,86.5,1.63,44,Good,CO
Kolkata,East,4,41.45,49.96,12.32,8.78,0.8,23.84,31.5,69.3,3.74,69,Satisfactory,PM2.5
Mumbai,West,4,16.01,92.93,29.23,14.04,1.42,31.61,22.4,51.6,3.34,93,Satisfactory,PM10
Ahmedabad,West,10,25.85,43.92,25.02,6.02,1.04,24.54,25.1,53.9,3.09,44,Good,PM10
Bengaluru,South,8,21.68,36.29,27.39,7.04,0.7,24.68,33.2,67.2,2.33,36,Good,PM10
Chennai,South,8,18.1,45.52,25.41,10.87,1.12,43.21,31.2,76.9,2.74,52,Satisfactory,CO
Delhi,North,2,168.23,202.86,61.49,12.99,1.58,17.32,18.2,36.9,1.07,337,Very Poor,PM2.5
Ahmedabad,West,4,49.52,119.64,32.8,18.95,1.07,56.18,36.6,54.1,1.91,113,Moderate,PM10
Ahmedabad,West,6,20.22,36.7,25.91,9.14,1.34,18.76,29.1,82.2,1.03,64,Satisfactory,CO
Hyderabad,South,3,34.56,89.46,24.92,11.59,0.51,47.54,27.2,64.0,2.19,90,Satisfactory,PM10
Ahmedabad,West,5,75.12,75.12,30.34,6.18,0.79,33.96,28.0,60.3,0.28,149,Moderate,PM2.5
Chennai,South,11,67.79,70.47,69.79,9.15,1.49,23.03,17.8,62.5,5.57,124,Moderate,PM2.5
Delhi,North,11,220.93,412.06,51.58,19.54,1.98,29.21,19.1,37.4,1.56,378,Very Poor,PM2.5
Kolkata,East,6,8.73,36.42,18.64,11.97,0.94,29.54,24.3,85.2,2.7,47,Good,CO
Kolkata,East,7,11.77,32.58,37.22,16.66,0.68,23.42,24.0,72.7,1.23,46,Good,NO2
Lucknow,North,5,54.97,58.48,27.24,10.94,1.18,34.29,29.3,53.2,1.53,92,Satisfactory,PM2.5
Lucknow,North,11,152.43,276.47,66.35,18.39,0.81,33.44,18.7,48.3,1.58,325,Very Poor,PM2.5
Guwahati,Northeast,12,241.91,314.02,35.54,9.19,0.78,25.36,16.6,41.4,1.83,394,Very Poor,PM2.5
Kolkata,East,12,158.47,247.06,54.26,11.91,1.08,22.52,17.1,54.0,1.41,330,Very Poor,PM2.5
Lucknow,North,2,74.61,326.28,48.05,24.25,1.41,30.72,26.5,53.6,1.36,276,Poor,PM10
Guwahati,Northeast,2,245.58,245.58,54.15,9.73,1.51,16.04,22.0,49.8,0.72,397,Very Poor,PM2.5
Delhi,North,2,131.77,299.3,60.12,14.28,0.55,33.84,17.7,49.4,1.34,309,Very Poor,PM2.5
Chennai,South,9,21.61,21.61,25.6,12.75,1.19,21.12,31.4,85.6,2.32,56,Satisfactory,CO
Patna,East,1,79.15,294.18,37.38,17.76,1.27,20.43,18.7,46.5,1.4,244,Poor,PM10
Delhi,North,10,46.85,79.28,29.72,3.87,1.01,29.34,29.7,64.8,2.57,79,Satisfactory,PM10
Patna,East,3,40.39,82.17,25.39,14.22,0.8,41.84,33.1,67.0,4.53,82,Satisfactory,PM10
Hyderabad,South,2,35.18,107.52,48.59,11.05,0.81,37.67,24.5,62.2,4.02,105,Moderate,PM10
Guwahati,Northeast,4,31.72,78.16,45.69,10.31,0.78,55.95,34.5,53.2,2.51,78,Satisfactory,PM10
Lucknow,North,4,46.1,101.83,21.25,17.23,0.93,71.31,32.0,59.2,3.44,102,Moderate,PM10
Mumbai,West,2,26.02,110.41,44.31,4.36,1.56,10.64,17.0,53.9,2.91,107,Moderate,PM10
Hyderabad,South,7,19.64,26.33,28.09,12.28,0.66,30.25,27.8,76.7,5.51,35,Good,NO2
Bengaluru,South,4,40.67,70.09,24.45,7.34,1.09,33.35,29.3,55.7,1.7,70,Satisfactory,PM10
Chennai,South,12,58.66,150.18,50.84,19.49,1.96,32.4,23.6,51.2,2.87,134,Moderate,PM10
Chennai,South,11,107.82,119.09,38.66,14.82,1.21,32.48,19.2,50.5,3.43,258,Poor,PM2.5
Ahmedabad,West,12,73.99,102.48,89.22,12.75,1.31,16.42,21.9,49.2,1.91,145,Moderate,PM2.5
Bengaluru,South,7,24.85,40.97,28.17,12.76,0.96,30.83,28.3,86.8,2.86,48,Good,CO
Lucknow,North,4,42.73,93.8,12.99,3.45,1.15,61.15,27.2,60.8,2.35,94,Satisfactory,PM10
Chennai,South,1,77.49,77.49,32.06,10.55,1.53,18.54,20.4,48.7,2.33,157,Moderate,PM2.5
Bengaluru,South,7,19.34,43.07,20.16,5.29,0.82,28.51,23.3,66.9,3.0,43,Good,PM10
Mumbai,West,12,34.41,153.46,38.9,17.52,1.61,30.48,17.4,30.8,1.53,136,Moderate,PM10
Bengaluru,South,2,78.94,78.94,47.23,6.61,1.71,27.84,20.2,60.5,3.31,162,Moderate,PM2.5
Guwahati,Northeast,5,39.48,141.29,17.76,9.47,1.14,51.48,32.5,65.4,0.47,128,Moderate,PM10
Hyderabad,South,6,18.8,47.29,10.92,13.23,0.75,32.81,28.0,80.9,1.61,47,Good,PM10
Guwahati,Northeast,4,42.16,87.87,36.31,12.72,0.56,43.36,38.8,73.2,0.28,88,Satisfactory,PM10
Guwahati,Northeast,11,212.2,257.12,41.37,10.72,1.87,18.35,21.6,51.6,0.88,371,Very Poor,PM2.5
Lucknow,North,8,9.3,28.69,23.2,22.29,0.72,9.9,25.3,81.6,3.68,36,Good,CO
Lucknow,North,8,30.22,36.37,20.51,19.8,0.8,22.47,25.7,68.0,2.28,40,Good,CO
Bengaluru,South,1,87.9,105.15,29.75,4.3,1.7,28.61,16.3,48.3,3.24,193,Moderate,PM2.5
Ahmedabad,West,4,32.71,78.54,36.05,8.27,0.9,41.52,27.1,61.3,2.84,78,Satisfactory,PM10
Mumbai,West,1,40.92,119.36,67.9,21.97,2.21,18.11,19.4,48.1,3.12,113,Moderate,PM10
Lucknow,North,12,64.05,243.89,58.41,13.38,1.79,29.82,19.2,56.2,1.25,196,Moderate,PM10
Delhi,North,8,32.61,35.89,28.36,12.49,0.84,24.34,27.6,74.0,2.64,54,Satisfactory,PM2.5
Ahmedabad,West,3,46.7,89.91,26.22,2.36,1.06,29.01,24.0,66.2,1.23,90,Satisfactory,PM10
Ahmedabad,West,9,19.84,19.84,29.5,10.05,0.75,21.8,26.6,74.1,0.72,38,Good,CO
Mumbai,West,6,18.52,26.87,18.52,15.7,0.55,29.13,25.2,73.8,1.56,31,Good,PM2.5
Lucknow,North,7,20.31,36.86,21.4,11.56,1.14,14.03,27.0,70.4,1.62,53,Satisfactory,CO
Guwahati,Northeast,10,36.41,48.57,39.12,16.42,0.38,15.61,28.8,57.7,4.48,60,Satisfactory,PM2.5
Chennai,South,9,22.37,23.87,32.13,5.88,1.25,31.55,24.5,84.4,5.31,59,Satisfactory,CO
Patna,East,8,24.15,29.97,28.72,4.77,0.9,28.37,32.4,63.6,2.49,45,Good,CO
Mumbai,West,12,64.08,112.88,36.0,7.52,0.72,22.71,15.0,52.9,1.92,112,Moderate,PM2.5
Chennai,South,1,58.92,117.28,40.39,6.9,1.64,36.97,18.4,47.1,2.66,112,Moderate,PM10
Bengaluru,South,9,19.26,30.29,20.16,8.39,0.79,36.34,30.3,70.6,2.22,40,Good,CO
Delhi,North,2,205.33,283.87,49.34,14.57,1.31,39.46,18.0,45.2,1.27,366,Very Poor,PM2.5
Hyderabad,South,12,59.58,152.9,39.0,8.32,1.92,20.66,20.5,54.8,1.82,136,Moderate,PM10
Bengaluru,South,10,36.36,84.51,43.86,10.22,1.04,28.21,27.1,58.7,1.84,84,Satisfactory,PM10
Ahmedabad,West,5,40.45,55.73,36.52,12.48,0.84,58.88,25.5,70.2,1.81,67,Satisfactory,PM2.5
Hyderabad,South,3,35.74,55.32,39.04,20.91,0.84,30.82,27.2,73.8,0.43,59,Satisfactory,PM2.5
Bengaluru,South,5,33.55,33.55,24.97,20.87,0.72,51.96,34.6,59.9,2.93,55,Satisfactory,PM2.5
Delhi,North,4,33.72,97.32,28.51,13.76,0.94,69.62,29.7,72.8,2.95,97,Satisfactory,PM10
Lucknow,North,9,11.57,36.33,24.69,12.67,1.23,31.18,30.7,72.6,1.88,58,Satisfactory,CO
Ahmedabad,West,10,44.39,72.23,19.95,17.75,0.8,39.98,27.0,65.2,3.42,74,Satisfactory,PM2.5
Ahmedabad,West,10,50.78,120.76,30.11,16.33,1.09,30.58,27.6,64.4,3.65,114,Moderate,PM10
Lucknow,North,8,22.0,32.52,24.71,18.22,0.7,16.28,29.4,66.6,0.64,37,Good,PM2.5
Hyderabad,South,8,21.37,39.31,24.28,5.35,0.58,25.71,23.2,80.5,2.28,39,Good,PM10
Lucknow,North,11,168.69,303.56,55.19,10.35,1.69,29.98,10.7,57.2,1.48,338,Very Poor,PM2.5
Delhi,North,6,11.13,31.16,18.83,15.57,0.52,20.2,28.6,73.0,1.76,31,Good,PM10
Lucknow,North,6,26.97,41.88,35.13,10.89,0.84,22.56,27.5,73.8,2.31,45,Good,PM2.5
Delhi,North,3,63.66,85.64,43.07,8.61,0.4,34.0,24.7,57.8,0.82,110,Moderate,PM2.5
Mumbai,West,6,9.6,29.94,24.69,12.43,1.23,33.69,22.1,82.9,2.93,58,Satisfactory,CO
Delhi,North,10,57.62,75.98,29.72,8.68,0.85,37.95,24.9,51.8,2.73,96,Satisfactory,PM2.5
Kolkata,East,10,17.87,68.59,40.17,11.81,0.95,10.11,28.3,60.7,2.06,69,Satisfactory,PM10
Patna,East,4,47.68,52.18,30.79,17.75,0.84,31.07,30.5,66.8,1.43,79,Satisfactory,PM2.5
Ahmedabad,West,2,114.34,139.65,38.24,13.16,1.33,23.24,22.6,40.7,3.34,281,Poor,PM2.5
Ahmedabad,West,12,86.8,86.8,29.55,8.39,1.68,29.9,14.2,45.0,1.89,189,Moderate,PM2.5
Patna,East,1,271.14,271.14,33.93,6.56,1.91,27.65,15.3,49.1,0.96,409,Severe,PM2.5
Delhi,North,10,87.28,89.14,27.22,8.81,0.54,34.16,29.0,56.3,4.16,191,Moderate,PM2.5
Hyderabad,South,2,88.98,129.57,45.45,7.42,1.53,35.07,16.5,55.5,1.59,196,Moderate,PM2.5
Patna,East,4,49.93,49.93,26.12,16.47,0.56,28.51,30.8,77.1,2.05,83,Satisfactory,PM2.5
Bengaluru,South,9,22.09,28.34,29.35,9.85,0.8,14.05,26.9,85.2,2.86,40,Good,CO
Lucknow,North,11,210.76,319.35,47.14,8.99,1.37,15.65,17.2,53.2,2.36,370,Very Poor,PM2.5
Kolkata,East,12,111.57,154.55,45.03,15.9,1.49,32.55,17.5,57.7,0.51,271,Poor,PM2.5
Patna,East,12,97.7,336.77,44.08,11.44,1.48,30.15,19.4,60.5,2.19,287,Poor,PM10
Ahmedabad,West,2,111.99,122.32,63.52,14.06,1.34,29.52,19.5,51.7,3.26,273,Poor,PM2.5
Guwahati,Northeast,4,44.63,44.63,42.1,10.57,0.68,27.84,30.0,55.5,1.97,74,Satisfactory,PM2.5
Bengaluru,South,10,53.34,123.1,34.89,17.39,0.8,28.88,28.3,54.7,2.32,116,Moderate,PM10
Mumbai,West,7,27.98,35.12,17.96,10.58,0.51,28.63,27.8,75.8,3.07,47,Good,PM2.5
Bengaluru,South,3,49.05,49.05,25.87,13.97,1.33,25.72,28.7,67.0,2.58,82,Satisfactory,PM2.5
Lucknow,North,4,63.93,108.18,31.85,23.33,0.73,68.76,33.3,70.7,2.44,111,Moderate,PM2.5
Hyderabad,South,6,30.36,30.36,26.63,1.72,0.85,21.15,26.3,99.0,4.72,43,Good,CO
Delhi,North,9,24.19,42.68,25.16,12.86,0.97,16.69,23.9,79.4,2.91,49,Good,CO
Kolkata,East,4,32.49,74.44,35.44,11.63,1.34,33.23,31.6,57.2,3.46,74,Satisfactory,PM10
Hyderabad,South,3,75.36,75.36,42.41,12.43,1.05,39.21,29.6,54.2,3.47,150,Moderate,PM2.5
Chennai,South,6,13.96,56.3,31.24,9.92,0.66,26.12,21.1,74.7,2.51,56,Satisfactory,PM10
Kolkata,East,8,25.55,32.17,22.66,10.44,1.0,28.62,24.9,79.0,2.74,50,Good,CO
Hyderabad,South,3,40.46,89.8,32.81,10.9,1.08,19.77,24.2,58.0,4.48,90,Satisfactory,PM10
Kolkata,East,10,40.66,111.94,25.59,22.73,0.76,19.5,26.5,58.0,1.9,108,Moderate,PM10
Hyderabad,South,11,77.81,135.57,41.35,9.23,2.09,13.92,14.6,50.0,4.31,158,Moderate,PM2.5
Mumbai,West,11,80.2,119.99,66.67,4.39,1.95,26.33,20.8,45.4,2.83,166,Moderate,PM2.5
Patna,East,11,103.86,167.52,39.64,12.62,1.24,25.23,12.3,49.0,1.97,245,Poor,PM2.5
Bengaluru,South,8,19.63,36.94,21.04,19.8,1.46,29.38,34.8,72.6,1.4,70,Satisfactory,CO
Hyderabad,South,6,18.69,58.3,25.64,7.87,0.66,37.58,30.0,74.1,0.7,58,Satisfactory,PM10
Mumbai,West,6,32.45,41.54,28.55,20.97,1.43,27.7,26.9,73.3,2.48,69,Satisfactory,CO
Patna,East,8,9.69,16.63,37.11,4.51,1.43,21.86,32.2,75.1,1.05,69,Satisfactory,CO
Delhi,North,8,30.19,30.19,25.21,7.65,0.87,28.91,25.9,63.4,2.15,43,Good,CO
Kolkata,East,7,18.77,31.04,20.18,9.07,1.28,18.43,29.2,78.4,3.07,61,Satisfactory,CO
Lucknow,North,10,39.46,76.37,23.63,13.59,1.02,46.25,27.8,44.7,4.1,76,Satisfactory,PM10
Lucknow,North,10,76.69,110.26,23.76,15.47,0.74,28.02,29.0,68.9,3.8,155,Moderate,PM2.5
Delhi,North,2,299.07,299.07,24.86,5.21,2.31,27.36,18.5,47.7,1.15,420,Severe,PM2.5
Guwahati,Northeast,3,52.42,74.27,31.65,13.63,0.79,15.75,22.4,84.2,4.46,87,Satisfactory,PM2.5
Bengaluru,South,5,34.37,76.72,21.15,5.7,0.74,58.71,33.5,52.2,2.45,77,Satisfactory,PM10
Mumbai,West,12,56.01,121.84,53.79,13.88,1.72,22.51,16.3,42.9,1.05,115,Moderate,PM10
Patna,East,8,26.04,26.04,30.29,15.77,0.4,25.73,31.9,82.4,0.71,43,Good,PM2.5
Chennai,South,3,33.22,92.37,22.2,11.75,0.75,28.03,25.3,58.2,1.48,92,Satisfactory,PM10
Mumbai,West,2,74.29,74.29,62.3,11.15,1.68,34.42,19.0,61.3,2.47,146,Moderate,PM2.5
Bengaluru,South,6,21.12,39.67,31.39,17.96,1.09,24.28,25.1,77.6,1.95,40,Good,PM10
Hyderabad,South,4,11.48,40.94,44.68,8.85,1.41,47.08,30.9,48.0,2.81,68,Satisfactory,CO
Ahmedabad,West,5,69.53,82.79,18.35,7.41,0.67,58.1,35.9,61.6,2.46,130,Moderate,PM2.5
Lucknow,North,2,105.2,276.23,54.67,7.86,1.29,22.0,22.3,67.3,1.46,250,Poor,PM2.5
Chennai,South,5,35.55,76.54,23.38,11.53,1.01,36.89,30.4,58.5,2.44,76,Satisfactory,PM10
Lucknow,North,11,202.68,202.68,70.67,12.65,1.89,34.09,15.9,44.7,0.82,364,Very Poor,PM2.5
Guwahati,Northeast,7,25.21,28.4,33.11,1.2,0.8,37.8,26.5,71.4,2.06,42,Good,PM2.5
Delhi,North,9,13.08,45.34,23.11,9.77,0.27,14.3,30.6,82.9,1.35,45,Good,PM10
Chennai,South,2,69.29,76.3,19.14,11.24,1.87,32.97,20.6,39.6,2.86,129,Moderate,PM2.5
Hyderabad,South,2,67.86,111.44,38.49,1.2,2.16,30.77,13.5,55.8,2.3,124,Moderate,PM2.5
Guwahati,Northeast,11,116.97,315.81,36.48,6.74,2.14,26.5,17.6,57.5,1.03,290,Poor,PM2.5
Ahmedabad,West,10,49.82,49.82,29.86,8.37,1.13,32.59,28.2,47.1,2.68,83,Satisfactory,PM2.5
Kolkata,East,4,44.42,44.42,15.06,17.71,1.0,37.54,28.3,51.3,3.02,74,Satisfactory,PM2.5
Chennai,South,8,31.21,32.52,28.49,5.34,0.8,29.49,25.9,74.1,3.17,51,Satisfactory,PM2.5
Patna,East,12,168.12,365.37,56.95,17.2,1.31,26.26,17.4,56.4,1.84,337,Very Poor,PM2.5
Bengaluru,South,1,91.48,98.89,60.75,16.88,1.93,29.13,20.1,44.8,3.02,203,Poor,PM2.5
Delhi,North,10,24.06,87.39,17.51,9.95,0.91,21.86,27.2,60.5,1.88,87,Satisfactory,PM10
Bengaluru,South,6,14.83,58.05,27.08,6.38,0.63,37.64,25.8,67.1,3.76,58,Satisfactory,PM10
Lucknow,North,2,196.59,348.34,51.95,23.5,0.77,21.13,17.2,70.1,2.41,359,Very Poor,PM2.5
Mumbai,West,10,32.49,60.95,21.04,8.24,1.3,25.95,26.7,66.2,0.94,62,Satisfactory,CO
Hyderabad,South,5,27.72,69.74,23.07,8.94,0.96,44.79,30.3,63.0,1.83,70,Satisfactory,PM10
Chennai,South,12,64.95,101.73,36.56,10.84,2.5,27.47,14.6,59.4,2.27,114,Moderate,PM2.5
Chennai,South,8,15.96,47.65,23.04,18.71,0.62,25.54,31.2,79.3,5.34,48,Good,PM10
Delhi,North,1,179.41,250.04,51.7,21.14,0.87,14.24,15.6,58.5,0.5,346,Very Poor,PM2.5
Hyderabad,South,3,53.3,122.73,36.78,13.75,1.27,32.53,25.6,50.8,2.16,115,Moderate,PM10
Delhi,North,11,169.8,169.8,44.84,12.14,1.86,41.67,18.6,44.7,0.38,338,Very Poor,PM2.5
Delhi,North,12,111.33,342.73,68.12,4.59,1.87,38.86,21.1,35.2,0.92,293,Poor,PM10
Guwahati,Northeast,4,53.24,85.99,5.34,10.56,1.12,43.86,31.4,57.1,1.61,89,Satisfactory,PM2.5
Ahmedabad,West,2,71.28,140.96,58.03,12.41,2.13,24.85,13.7,55.8,2.94,136,Moderate,PM2.5
Delhi,North,10,25.08,117.6,33.97,10.62,0.65,37.05,23.7,78.1,2.11,112,Moderate,PM10
Patna,East,3,42.09,112.78,21.83,12.09,1.12,33.56,30.3,56.1,2.89,109,Moderate,PM10
Mumbai,West,12,52.72,139.44,44.84,12.99,1.64,21.38,17.2,53.2,2.68,126,Moderate,PM10
Delhi,North,12,216.56,295.66,37.01,8.04,2.55,19.52,18.3,54.9,1.23,374,Very Poor,PM2.5
Patna,East,9,14.69,28.78,22.04,18.37,0.9,23.6,27.3,83.3,2.41,45,Good,CO
Kolkata,East,10,24.98,103.38,27.92,11.77,0.71,17.69,22.0,53.9,3.46,103,Moderate,PM10
Ahmedabad,West,7,9.28,25.04,24.77,10.34,0.87,36.67,30.7,94.0,0.98,43,Good,CO
Patna,East,8,25.2,29.74,35.23,12.99,1.33,36.76,30.2,74.7,2.69,63,Satisfactory,CO
Patna,East,11,75.67,392.1,58.73,10.34,2.23,22.7,12.5,60.1,0.68,352,Very Poor,PM10
Kolkata,East,4,48.25,85.35,35.13,14.79,1.05,32.04,31.9,48.0,4.55,85,Satisfactory,PM10
Kolkata,East,9,17.79,20.8,21.87,12.06,0.76,37.61,27.7,74.3,2.65,38,Good,CO
Ahmedabad,West,11,92.27,92.27,38.2,14.28,1.77,19.18,20.2,44.9,4.26,205,Poor,PM2.5
Bengaluru,South,4,27.17,64.36,23.41,12.77,0.84,27.57,26.8,64.4,3.12,64,Satisfactory,PM10
Kolkata,East,7,22.17,28.03,29.55,24.18,1.22,25.58,25.4,55.1,4.0,57,Satisfactory,CO
Mumbai,West,1,56.68,67.89,31.36,14.13,1.56,33.81,18.3,59.7,3.21,94,Satisfactory,PM2.5
Kolkata,East,6,5.44,21.68,24.94,17.18,1.41,26.62,25.2,62.4,3.77,68,Satisfactory,CO
Ahmedabad,West,10,91.59,91.59,45.68,15.59,0.62,29.95,29.3,58.2,3.74,203,Poor,PM2.5
Kolkata,East,12,193.39,270.66,31.08,11.63,1.68,12.24,18.5,51.2,0.67,357,Very Poor,PM2.5
Delhi,North,5,40.09,120.8,29.85,16.97,0.87,18.39,33.0,54.7,2.42,114,Moderate,PM10
Delhi,North,3,46.15,100.95,35.84,19.61,1.37,10.81,23.4,45.5,3.51,77,Satisfactory,PM2.5
Ahmedabad,West,12,58.02,111.27,53.51,4.87,1.0,28.01,21.6,51.8,1.91,108,Moderate,PM10
Hyderabad,South,3,60.0,60.0,18.36,3.77,0.51,19.93,26.3,50.3,3.01,60,Satisfactory,PM10
Mumbai,West,1,124.44,124.44,50.33,12.84,1.11,28.8,20.3,52.8,4.35,304,Very Poor,PM2.5
Mumbai,West,2,49.37,171.66,61.13,14.59,2.19,11.9,20.4,60.5,2.06,148,Moderate,PM10
Hyderabad,South,2,74.81,74.81,53.49,8.54,2.16,32.6,16.2,64.0,3.85,148,Moderate,PM2.5
Chennai,South,12,66.27,137.45,42.75,10.39,1.62,19.05,11.3,53.9,0.57,125,Moderate,PM10
Mumbai,West,9,7.69,17.4,31.58,10.93,0.83,16.95,25.0,81.0,2.74,42,Good,CO
Chennai,South,11,93.64,110.0,21.33,8.37,1.55,21.48,14.8,52.6,5.52,210,Poor,PM2.5
Patna,East,7,20.23,20.87,38.44,16.2,1.12,39.42,25.7,75.6,4.72,52,Satisfactory,CO
Hyderabad,South,4,10.05,86.94,23.11,16.31,1.01,20.07,31.8,61.7,3.21,87,Satisfactory,PM10
Kolkata,East,8,30.85,38.7,28.19,17.51,1.51,35.69,27.6,81.5,3.09,73,Satisfactory,CO
Lucknow,North,11,281.25,281.25,64.63,11.4,0.89,26.42,16.4,56.6,1.45,413,Severe,PM2.5
Kolkata,East,11,242.38,360.95,70.84,13.14,1.58,33.91,16.3,53.0,1.3,394,Very Poor,PM2.5
Kolkata,East,3,47.01,66.38,25.96,13.75,1.24,20.87,26.0,53.9,1.87,78,Satisfactory,PM2.5
Guwahati,Northeast,8,18.86,40.48,30.69,6.93,1.25,35.93,24.3,87.8,3.17,59,Satisfactory,CO
Lucknow,North,7,22.79,34.16,32.58,12.9,0.81,10.98,28.6,75.0,3.67,41,Good,NO2
Mumbai,West,2,61.48,155.52,50.95,12.79,1.53,42.14,15.9,49.4,1.41,137,Moderate,PM10
Chennai,South,9,16.12,29.57,23.66,12.3,0.56,9.16,28.4,61.1,3.76,30,Good,PM10
Chennai,South,2,65.98,165.39,47.65,19.68,1.38,8.13,17.8,65.7,3.4,144,Moderate,PM10
Delhi,North,7,22.58,44.45,27.28,24.61,0.76,36.42,29.3,72.4,2.32,44,Good,PM10
Guwahati,Northeast,2,93.7,355.08,50.08,13.62,0.81,33.51,18.9,51.5,1.6,306,Very Poor,PM10
Mumbai,West,4,35.68,70.95,24.1,22.47,1.15,29.8,37.1,56.5,2.83,71,Satisfactory,PM10
Delhi,North,7,6.29,31.98,23.18,12.98,1.0,27.35,26.6,86.5,3.14,50,Good,CO
Kolkata,East,10,47.33,118.63,29.45,9.53,0.38,15.95,25.6,59.1,2.18,113,Moderate,PM10
Delhi,North,12,128.16,197.38,56.82,18.57,1.07,30.05,12.3,40.2,1.07,306,Very Poor,PM2.5
Kolkata,East,7,14.73,26.0,28.3,12.18,0.69,44.68,26.2,78.9,2.35,45,Good,O3
Hyderabad,South,4,64.45,114.68,21.6,17.28,1.05,54.28,30.7,58.5,3.85,113,Moderate,PM2.5
Bengaluru,South,4,69.66,81.06,27.1,1.2,0.46,37.03,27.7,66.5,1.33,131,Moderate,PM2.5
Lucknow,North,1,134.13,370.31,39.24,14.17,1.69,35.59,20.6,51.7,0.45,325,Very Poor,PM10
Kolkata,East,5,44.69,83.06,21.8,17.48,0.9,30.4,29.6,75.4,3.54,83,Satisfactory,PM10
Bengaluru,South,9,12.87,27.31,22.28,12.89,0.85,23.89,25.9,71.6,2.6,43,Good,CO
Bengaluru,South,12,32.93,131.37,67.87,11.12,1.35,35.76,15.0,51.8,1.64,121,Moderate,PM10
Mumbai,West,12,66.28,73.9,47.83,17.35,2.49,28.79,21.1,55.2,2.37,119,Moderate,PM2.5
Delhi,North,3,70.62,70.62,39.62,14.58,0.64,30.62,33.4,72.3,2.23,134,Moderate,PM2.5
Ahmedabad,West,12,72.46,113.09,65.28,15.55,0.79,31.85,17.5,52.3,3.08,140,Moderate,PM2.5
Bengaluru,South,5,60.4,60.4,27.51,9.85,0.45,40.62,36.5,46.3,2.77,60,Satisfactory,PM10
Delhi,North,5,49.53,54.41,16.03,5.38,1.26,29.62,29.5,76.8,1.98,82,Satisfactory,PM2.5
Mumbai,West,7,27.79,44.91,16.81,8.58,0.98,44.2,24.7,74.1,3.27,49,Good,CO
Lucknow,North,4,55.71,57.08,23.53,13.03,1.24,39.0,30.9,51.8,4.89,93,Satisfactory,PM2.5
Chennai,South,2,96.4,120.07,49.23,4.8,0.57,38.52,18.2,53.7,1.4,220,Poor,PM2.5
Bengaluru,South,9,27.78,52.4,22.78,15.22,0.95,26.99,32.6,74.4,4.19,52,Satisfactory,PM10
Hyderabad,South,6,13.73,38.36,27.86,18.59,0.98,27.19,31.1,88.0,4.15,49,Good,CO
Chennai,South,6,24.08,29.82,31.7,13.02,0.89,33.12,27.8,83.4,2.5,44,Good,CO
Ahmedabad,West,2,89.08,138.37,55.11,17.55,2.09,27.05,21.0,53.4,4.95,197,Moderate,PM2.5
Patna,East,12,124.97,462.19,17.73,15.06,1.27,43.81,18.8,45.6,1.25,419,Severe,PM10
Patna,East,6,18.08,31.03,21.69,13.3,1.01,19.63,22.0,80.5,3.4,31,Good,PM10
Chennai,South,11,83.5,175.15,62.36,24.86,3.09,13.23,11.4,51.9,3.36,178,Moderate,PM2.5
Chennai,South,7,25.24,31.63,22.17,9.39,0.85,35.09,25.5,75.7,3.44,42,Good,CO
Hyderabad,South,4,62.59,62.59,18.45,13.46,1.01,31.1,35.0,75.4,2.1,106,Moderate,PM2.5
Mumbai,West,6,5.0,45.54,20.79,16.69,0.64,27.42,24.6,76.3,4.85,46,Good,PM10
Mumbai,West,4,78.24,78.24,40.53,4.2,0.82,35.25,35.6,61.5,0.46,160,Moderate,PM2.5
Lucknow,North,11,103.29,348.22,59.59,10.56,1.34,34.02,14.6,55.7,1.61,298,Poor,PM10
Bengaluru,South,11,79.74,122.64,55.16,5.6,1.89,36.62,19.0,56.8,2.68,165,Moderate,PM2.5
Mumbai,West,2,71.6,78.02,59.81,4.16,1.74,24.77,16.7,53.4,2.01,137,Moderate,PM2.5
Kolkata,East,4,45.89,62.33,39.24,12.98,1.07,59.85,35.2,64.6,2.46,76,Satisfactory,PM2.5
Guwahati,Northeast,12,171.57,361.32,53.1,1.2,2.02,35.82,17.1,59.9,1.75,340,Very Poor,PM2.5
Bengaluru,South,6,29.26,29.26,27.52,11.25,0.68,30.55,30.9,88.0,3.61,49,Good,PM2.5
Chennai,South,8,10.78,36.14,27.71,9.61,1.41,28.89,28.6,85.9,2.86,68,Satisfactory,CO
Patna,East,6,13.59,28.17,20.08,19.5,1.12,23.43,24.4,89.1,3.21,52,Satisfactory,CO
Kolkata,East,11,156.63,313.74,52.32,9.0,1.53,18.05,19.5,58.1,1.95,328,Very Poor,PM2.5
Guwahati,Northeast,3,42.98,112.12,35.5,18.67,1.29,26.94,28.2,66.2,1.51,108,Moderate,PM10
Bengaluru,South,5,24.54,74.02,25.2,5.11,0.94,40.8,34.5,76.1,3.31,74,Satisfactory,PM10
Bengaluru,South,12,85.84,119.33,44.54,7.86,1.38,26.51,20.4,56.1,4.84,186,Moderate,PM2.5
Guwahati,Northeast,1,183.76,247.01,33.06,9.26,1.26,6.49,15.0,64.8,1.61,349,Very Poor,PM2.5
Mumbai,West,7,23.07,23.07,30.37,18.13,0.87,13.12,25.8,88.2,3.09,43,Good,CO
Bengaluru,South,3,82.29,82.29,25.96,7.02,0.62,24.2,28.9,70.3,2.37,174,Moderate,PM2.5
Mumbai,West,8,23.64,39.67,30.02,13.32,0.87,28.82,26.5,86.6,5.3,44,Good,CO
Kolkata,East,1,159.63,292.88,38.53,15.67,1.81,24.47,20.7,52.2,0.86,331,Very Poor,PM2.5
Guwahati,Northeast,2,173.27,350.37,59.97,11.48,1.37,28.01,19.1,55.9,1.57,341,Very Poor,PM2.5
Patna,East,8,27.31,27.46,48.83,15.66,0.6,29.56,29.3,75.2,1.13,61,Satisfactory,NO2
Ahmedabad,West,7,24.09,24.09,15.83,14.58,0.84,22.16,25.5,66.2,3.34,42,Good,CO
Guwahati,Northeast,9,16.45,38.01,25.84,8.62,0.36,31.09,27.2,73.9,1.64,38,Good,PM10
Kolkata,East,2,186.91,279.98,71.59,15.38,1.55,34.2,18.1,52.4,2.13,352,Very Poor,PM2.5
Delhi,North,5,45.37,103.8,30.6,10.23,0.44,13.39,37.2,62.5,2.15,103,Moderate,PM10
Mumbai,West,12,46.78,107.18,34.45,5.22,0.59,14.58,21.1,44.1,3.4,105,Moderate,PM10
Bengaluru,South,10,45.26,69.65,29.12,10.0,1.23,43.76,31.3,42.8,2.31,75,Satisfactory,PM2.5
Mumbai,West,2,81.34,81.34,22.89,18.27,1.33,15.51,14.7,55.1,1.88,170,Moderate,PM2.5
Bengaluru,South,1,46.02,56.73,68.51,13.91,1.44,23.62,22.4,56.7,4.08,86,Satisfactory,NO2
Ahmedabad,West,8,20.61,38.58,23.38,11.54,0.74,31.35,23.0,82.6,3.15,39,Good,PM10
Hyderabad,South,2,81.01,105.97,38.35,14.61,1.88,23.74,16.2,50.5,2.18,169,Moderate,PM2.5
Kolkata,East,11,177.72,273.19,34.57,15.55,1.31,22.52,20.3,55.1,0.2,344,Very Poor,PM2.5
Bengaluru,South,11,73.08,106.88,50.31,3.31,0.24,19.81,18.8,26.2,1.86,142,Moderate,PM2.5
Delhi,North,6,18.53,54.65,26.18,11.48,1.13,28.18,26.4,85.4,3.33,55,Satisfactory,PM10
Mumbai,West,8,19.27,30.85,35.7,10.38,1.23,19.2,31.3,81.8,1.72,58,Satisfactory,CO
Hyderabad,South,10,34.76,77.27,23.91,11.36,1.15,32.36,23.6,51.5,3.1,77,Satisfactory,PM10
Kolkata,East,4,34.38,113.02,34.83,9.0,0.7,39.13,30.0,70.0,3.9,109,Moderate,PM10
Lucknow,North,11,197.96,339.15,48.84,13.93,1.89,32.1,15.7,46.6,1.24,360,Very Poor,PM2.5
Lucknow,North,10,21.8,92.01,30.91,5.57,0.83,26.45,27.5,51.3,1.28,92,Satisfactory,PM10
Delhi,North,10,20.84,71.16,25.26,11.41,0.97,41.43,22.2,67.0,0.28,71,Satisfactory,PM10
Mumbai,West,3,12.82,132.42,24.73,18.19,1.19,24.33,25.9,53.3,3.68,122,Moderate,PM10
Bengaluru,South,8,14.45,39.97,20.46,10.42,0.93,22.6,25.5,90.3,2.57,46,Good,CO
Kolkata,East,11,150.19,309.08,33.11,14.05,1.72,12.98,23.4,63.7,0.95,323,Very Poor,PM2.5
Mumbai,West,12,75.59,75.59,67.65,9.75,2.38,21.08,17.7,62.1,2.44,151,Moderate,PM2.5
Ahmedabad,West,4,62.21,63.74,17.4,5.0,1.06,46.9,34.2,57.8,1.2,105,Moderate,PM2.5
Chennai,South,9,40.58,40.58,29.15,13.34,0.51,21.32,32.2,83.3,1.94,67,Satisfactory,PM2.5
Guwahati,Northeast,10,36.88,69.26,45.21,11.1,0.58,27.51,27.8,49.8,3.25,69,Satisfactory,PM10
Bengaluru,South,9,21.23,26.19,23.56,4.04,0.86,30.61,24.3,93.5,3.69,43,Good,CO
Patna,East,8,7.69,24.26,41.21,16.28,1.34,28.09,26.4,68.0,3.19,64,Satisfactory,CO
Mumbai,West,7,18.59,51.14,26.94,18.39,0.47,50.58,25.9,83.7,3.77,51,Satisfactory,PM10
Chennai,South,6,26.05,43.42,22.01,8.63,0.91,27.03,31.2,83.6,2.72,46,Good,CO
Chennai,South,12,19.86,97.03,52.14,17.35,1.7,40.25,20.6,48.1,2.64,97,Satisfactory,PM10
Kolkata,East,9,17.07,50.24,18.69,13.52,1.1,25.37,25.4,77.4,3.71,28,Good,PM2.5
Guwahati,Northeast,1,100.14,365.89,53.75,16.84,1.96,46.31,21.3,46.2,1.66,320,Very Poor,PM10
Lucknow,North,1,134.57,156.74,43.88,14.62,1.57,18.77,13.4,68.9,1.58,311,Very Poor,PM2.5
Lucknow,North,9,23.52,57.03,33.21,1.2,1.62,12.47,26.4,68.9,1.97,79,Satisfactory,CO
Kolkata,East,4,12.38,74.43,37.64,7.95,0.52,40.24,30.0,55.2,1.47,74,Satisfactory,PM10
Patna,East,10,54.38,54.38,20.21,12.66,0.64,29.5,31.4,59.5,1.44,90,Satisfactory,PM2.5
Hyderabad,South,10,42.2,73.05,31.99,15.32,0.91,27.49,33.2,69.6,3.73,73,Satisfactory,PM10
Lucknow,North,1,185.83,189.93,64.23,12.69,1.32,25.96,15.1,60.5,1.78,351,Very Poor,PM2.5
Kolkata,East,10,44.33,60.88,10.11,5.22,0.7,20.5,27.9,66.5,2.66,74,Satisfactory,PM2.5
Delhi,North,6,14.7,33.03,27.57,17.24,0.93,29.12,22.0,70.8,4.03,46,Good,CO
Ahmedabad,West,8,29.77,39.59,21.72,8.01,1.41,39.86,26.6,79.1,2.08,68,Satisfactory,CO
Chennai,South,1,53.49,116.2,74.07,11.54,1.1,16.52,18.4,45.9,3.08,111,Moderate,PM10
Kolkata,East,5,55.87,55.87,28.39,10.38,1.36,44.16,36.8,64.5,4.4,93,Satisfactory,PM2.5
Delhi,North,11,179.35,371.44,61.03,14.55,1.44,26.67,21.4,62.8,1.07,346,Very Poor,PM2.5
Mumbai,West,1,47.85,148.62,34.62,15.92,1.86,23.42,22.7,40.3,4.66,133,Moderate,PM10
Bengaluru,South,2,19.2,175.83,62.0,9.94,1.14,14.82,25.2,44.6,1.38,151,Moderate,PM10
Guwahati,Northeast,6,8.64,24.29,36.36,14.23,0.8,28.15,25.7,77.5,1.95,45,Good,NO2
Kolkata,East,4,35.38,59.84,36.77,15.7,0.65,26.95,30.5,77.2,1.65,60,Satisfactory,PM10
Guwahati,Northeast,10,46.4,74.01,24.15,17.54,1.02,35.1,28.8,67.2,4.57,77,Satisfactory,PM2.5
Hyderabad,South,6,36.73,47.0,22.38,16.07,1.09,44.13,24.1,82.5,2.04,61,Satisfactory,PM2.5
Guwahati,Northeast,10,41.62,87.5,16.15,15.81,0.96,29.28,32.9,56.9,3.18,88,Satisfactory,PM10
Guwahati,Northeast,4,48.12,127.49,28.54,9.28,1.41,38.12,26.2,54.1,1.4,119,Moderate,PM10
Patna,East,6,17.68,33.7,37.92,15.02,1.06,20.5,29.7,89.1,3.24,47,Good,NO2
Bengaluru,South,4,25.08,100.7,42.96,13.55,0.74,39.96,29.7,57.1,3.53,54,Satisfactory,NO2
Delhi,North,7,27.37,38.26,20.74,9.6,0.75,26.43,32.4,93.6,3.74,46,Good,PM2.5
Mumbai,West,10,23.55,81.55,21.36,19.83,0.47,31.23,24.4,59.9,3.55,82,Satisfactory,PM10
Delhi,North,3,44.04,93.97,22.44,13.18,1.17,30.79,25.4,57.8,3.94,94,Satisfactory,PM10
Kolkata,East,9,13.56,40.64,24.31,5.03,1.26,18.76,26.4,73.0,2.47,60,Satisfactory,CO
Bengaluru,South,9,25.31,35.57,36.26,9.08,1.48,12.0,22.2,92.0,3.33,72,Satisfactory,CO
Delhi,North,2,184.15,318.61,52.32,7.36,1.99,33.55,22.3,66.1,1.59,350,Very Poor,PM2.5
Guwahati,Northeast,10,72.92,72.92,30.84,10.77,0.78,34.42,27.7,64.1,1.89,142,Moderate,PM2.5
Kolkata,East,10,32.88,71.93,27.0,20.85,0.83,10.14,31.2,63.6,2.65,72,Satisfactory,PM10
Kolkata,East,9,13.54,54.44,28.44,3.66,0.99,38.13,27.5,70.8,1.69,54,Satisfactory,PM10
Ahmedabad,West,3,68.97,74.86,13.9,13.84,0.94,24.23,23.9,51.5,4.02,128,Moderate,PM2.5
Delhi,North,7,23.64,36.95,30.75,9.75,0.84,37.79,31.2,68.2,2.57,42,Good,CO
Hyderabad,South,7,33.59,52.83,21.32,18.12,0.92,36.77,29.4,67.9,3.42,55,Satisfactory,PM2.5
Patna,East,3,44.68,70.85,14.8,15.28,0.96,20.25,26.0,61.2,2.17,74,Satisfactory,PM2.5
Patna,East,8,26.29,34.45,13.3,18.48,0.9,18.77,19.6,86.2,3.43,45,Good,CO
Chennai,South,10,58.6,96.26,29.63,10.78,0.79,31.54,31.2,59.2,4.45,98,Satisfactory,PM2.5
Guwahati,Northeast,10,51.0,131.7,41.88,20.06,0.68,46.41,26.8,58.2,0.38,121,Moderate,PM10
Hyderabad,South,1,43.46,133.57,31.27,20.63,1.86,47.15,14.9,64.4,0.78,123,Moderate,PM10
Guwahati,Northeast,11,124.63,235.45,40.56,7.61,1.0,24.28,18.3,61.3,1.57,304,Very Poor,PM2.5
Kolkata,East,10,21.72,66.56,33.97,13.65,0.67,35.85,25.4,53.8,3.35,67,Satisfactory,PM10
Lucknow,North,7,16.54,28.67,19.01,10.1,1.2,30.05,29.9,82.1,2.11,56,Satisfactory,CO
Mumbai,West,2,47.29,95.04,37.22,16.71,2.07,46.58,15.7,64.8,4.58,95,Satisfactory,PM10
Lucknow,North,10,52.46,104.97,27.51,11.35,0.73,8.18,27.2,54.3,1.6,104,Moderate,PM10
Delhi,North,8,9.96,42.75,32.06,10.08,0.88,18.0,29.3,79.5,3.09,44,Good,CO
Hyderabad,South,1,54.26,64.77,61.79,15.31,1.34,31.44,21.8,61.1,2.17,90,Satisfactory,PM2.5
Ahmedabad,West,10,24.25,69.35,40.28,8.5,0.74,22.82,25.4,59.9,1.37,69,Satisfactory,PM10
Mumbai,West,2,66.45,207.51,31.1,19.63,2.27,24.54,16.8,44.6,1.78,172,Moderate,PM10
Guwahati,Northeast,10,45.33,45.33,47.27,10.75,0.92,22.74,26.2,57.1,2.8,75,Satisfactory,PM2.5
Guwahati,Northeast,7,25.95,36.77,33.92,11.95,0.96,25.97,30.0,80.6,2.62,48,Good,CO
Bengaluru,South,8,19.48,34.74,27.53,9.32,1.11,34.96,32.4,73.2,3.55,51,Satisfactory,CO
Guwahati,Northeast,8,26.13,26.13,19.73,13.59,0.73,21.63,25.5,83.8,1.76,44,Good,PM2.5
Kolkata,East,10,39.04,95.32,35.12,3.19,1.18,22.87,27.7,52.5,3.22,95,Satisfactory,PM10
Kolkata,East,6,21.15,29.68,26.05,4.95,1.29,30.63,23.9,69.9,2.82,61,Satisfactory,CO
Delhi,North,1,95.54,362.85,46.68,7.53,1.38,42.69,13.8,46.1,1.93,316,Very Poor,PM10
Lucknow,North,12,115.69,350.73,62.58,13.59,1.31,24.15,18.9,41.5,2.14,285,Poor,PM2.5
Hyderabad,South,9,18.58,38.1,37.96,21.39,1.32,13.42,26.1,82.0,2.25,63,Satisfactory,CO
Guwahati,Northeast,3,70.66,70.66,26.64,8.4,0.85,26.11,29.9,52.9,0.28,134,Moderate,PM2.5
Bengaluru,South,9,12.96,27.65,29.57,6.82,0.57,20.19,23.7,73.6,2.13,37,Good,NO2
Ahmedabad,West,12,45.76,106.23,40.15,15.88,1.53,36.83,14.5,51.6,2.16,104,Moderate,PM10
Delhi,North,3,43.94,116.27,20.84,11.39,0.55,15.74,24.6,56.4,2.35,111,Moderate,PM10
Ahmedabad,West,7,8.57,27.96,32.21,5.48,0.8,30.46,24.7,80.7,1.1,40,Good,NO2
Delhi,North,2,180.48,276.54,64.2,10.42,1.3,39.53,23.5,46.5,1.34,347,Very Poor,PM2.5
Delhi,North,9,19.7,40.57,34.56,9.3,1.01,27.95,23.3,70.1,2.07,43,Good,NO2
Patna,East,9,27.06,42.17,31.7,13.98,0.97,31.42,28.4,66.8,1.91,49,Good,CO
Delhi,North,3,62.44,114.46,9.78,19.51,0.92,36.51,28.5,71.5,3.03,110,Moderate,PM10
Delhi,North,10,43.34,88.33,26.19,15.16,0.88,23.0,23.7,56.9,3.03,88,Satisfactory,PM10
Hyderabad,South,3,32.71,32.71,22.82,17.75,0.58,33.91,35.5,71.6,2.95,54,Satisfactory,PM2.5
Patna,East,6,10.54,18.18,28.24,13.91,1.2,23.22,27.6,79.3,2.65,56,Satisfactory,CO
Delhi,North,11,112.14,294.82,50.81,9.89,1.92,36.63,20.0,43.7,1.46,273,Poor,PM2.5
Bengaluru,South,5,46.52,55.67,38.73,15.76,1.21,55.25,30.2,56.6,4.75,77,Satisfactory,PM2.5
Bengaluru,South,7,10.65,44.83,29.21,19.23,0.97,27.83,31.6,65.7,2.14,48,Good,CO
Bengaluru,South,5,10.43,96.54,23.32,16.35,1.01,49.65,29.6,53.9,2.9,96,Satisfactory,PM10
Kolkata,East,1,157.18,214.72,30.73,12.98,1.33,27.4,17.3,48.4,1.56,329,Very Poor,PM2.5
Ahmedabad,West,10,75.95,93.9,41.39,8.07,0.47,27.88,29.6,65.6,4.16,152,Moderate,PM2.5
Delhi,North,8,29.13,37.89,15.03,15.47,0.95,31.2,30.0,81.4,1.15,49,Good,PM2.5
Mumbai,West,4,19.52,91.4,39.74,6.04,0.72,30.88,29.6,63.3,2.3,91,Satisfactory,PM10
Hyderabad,South,9,27.8,45.8,18.61,18.65,1.3,41.04,26.5,72.0,1.7,62,Satisfactory,CO
Bengaluru,South,3,45.18,95.96,38.98,9.67,0.89,27.12,25.1,65.9,3.21,96,Satisfactory,PM10
Chennai,South,7,22.79,40.78,33.09,7.98,1.14,30.15,25.7,79.9,3.19,53,Satisfactory,CO
Delhi,North,8,12.84,48.11,28.19,9.57,0.76,19.59,21.8,83.4,5.02,48,Good,PM10
Ahmedabad,West,9,13.51,42.19,27.62,16.01,0.87,23.12,26.3,58.9,1.52,44,Good,CO
Kolkata,East,1,226.75,386.74,54.35,1.2,1.3,39.13,22.9,62.9,1.27,382,Very Poor,PM2.5
Lucknow,North,5,44.36,76.84,41.15,13.09,0.9,42.93,32.2,65.0,1.99,77,Satisfactory,PM10
Delhi,North,7,29.96,29.96,41.76,2.83,0.74,36.16,27.0,67.5,3.28,52,Satisfactory,NO2
Hyderabad,South,2,64.71,96.73,47.5,9.21,2.77,25.98,16.9,47.7,4.79,114,Moderate,PM2.5
Delhi,North,9,22.8,31.95,16.04,8.07,0.99,20.74,27.8,91.8,2.99,49,Good,CO
Ahmedabad,West,3,31.66,69.95,25.04,12.73,0.98,42.54,27.0,50.8,4.09,70,Satisfactory,PM10
Mumbai,West,3,48.66,70.85,33.23,10.99,0.34,32.73,29.7,71.5,1.98,81,Satisfactory,PM2.5
Hyderabad,South,8,22.01,35.31,28.96,12.18,0.96,34.22,30.7,71.9,2.61,48,Good,CO
Mumbai,West,1,56.14,61.31,48.35,14.3,1.53,27.92,19.3,63.3,2.33,94,Satisfactory,PM2.5
Lucknow,North,8,19.61,53.88,18.25,15.12,1.21,8.13,28.2,82.8,2.5,57,Satisfactory,CO
Kolkata,East,12,126.92,245.19,43.65,9.64,1.43,38.0,14.4,38.0,2.08,306,Very Poor,PM2.5
Kolkata,East,10,38.89,73.95,29.76,9.48,1.04,19.92,26.1,42.3,4.11,74,Satisfactory,PM10
Chennai,South,8,25.0,39.35,32.62,11.96,1.0,19.93,23.5,77.2,2.04,42,Good,PM2.5
Guwahati,Northeast,2,181.01,213.54,44.09,12.64,1.57,30.28,18.2,40.9,0.2,347,Very Poor,PM2.5
Chennai,South,11,83.73,106.06,65.81,11.77,2.25,37.68,21.2,42.4,2.82,179,Moderate,PM2.5
Hyderabad,South,12,76.67,138.79,28.01,21.21,1.22,11.25,16.9,32.4,1.58,154,Moderate,PM2.5
Delhi,North,11,138.72,155.49,48.36,7.69,2.01,20.53,18.8,42.8,2.86,315,Very Poor,PM2.5
Kolkata,East,6,19.22,31.4,23.35,8.35,0.69,42.1,25.3,61.0,1.49,42,Good,O3
Guwahati,Northeast,7,18.46,33.04,37.83,8.27,1.07,22.39,28.7,74.9,2.53,47,Good,NO2
Mumbai,West,10,56.78,72.7,24.04,19.68,1.06,24.71,25.0,68.2,2.93,95,Satisfactory,PM2.5
Bengaluru,South,7,21.06,37.91,27.52,17.78,1.24,32.47,31.1,78.1,3.57,59,Satisfactory,CO
Patna,East,2,217.07,346.75,57.09,21.39,1.34,26.7,17.4,49.1,0.29,375,Very Poor,PM2.5
Guwahati,Northeast,3,28.84,80.4,16.06,14.98,0.69,18.46,27.6,54.4,2.16,80,Satisfactory,PM10
Ahmedabad,West,5,57.6,57.72,19.67,12.11,1.05,60.43,27.8,57.5,4.12,96,Satisfactory,PM2.5
Patna,East,9,13.21,26.79,31.2,9.23,0.7,30.05,31.6,67.5,4.48,39,Good,NO2
Ahmedabad,West,2,78.47,175.79,52.68,10.57,1.94,26.55,19.6,50.4,3.76,161,Moderate,PM2.5
Guwahati,Northeast,5,29.04,44.17,27.53,4.66,0.71,28.05,35.4,52.1,1.36,48,Good,PM2.5
Delhi,North,1,254.46,262.53,47.44,18.2,2.02,31.57,16.3,55.6,0.64,402,Severe,PM2.5
Hyderabad,South,12,105.07,165.48,54.3,2.74,1.02,22.29,17.5,42.0,2.52,249,Poor,PM2.5
Hyderabad,South,12,79.82,126.81,33.35,4.13,1.01,13.89,18.2,55.1,1.72,165,Moderate,PM2.5
Ahmedabad,West,8,30.66,54.64,34.47,11.16,1.1,39.36,21.0,89.9,2.19,55,Satisfactory,PM10
Patna,East,12,140.12,298.12,32.0,10.63,1.85,29.84,19.1,49.4,1.79,316,Very Poor,PM2.5
Hyderabad,South,9,27.31,38.84,35.89,16.18,1.62,38.23,26.7,70.7,2.51,80,Satisfactory,CO
Mumbai,West,10,53.05,60.43,38.01,5.33,0.46,26.87,24.5,49.9,2.09,88,Satisfactory,PM2.5
Guwahati,Northeast,10,45.16,62.26,23.47,11.98,1.17,40.35,27.4,61.8,2.59,75,Satisfactory,PM2.5
Kolkata,East,12,181.85,380.19,20.8,10.87,1.76,27.78,15.2,41.6,1.85,348,Very Poor,PM2.5
Guwahati,Northeast,8,7.81,43.27,31.86,11.44,0.65,27.05,30.6,65.1,1.05,43,Good,PM10
Kolkata,East,4,44.58,65.11,33.4,17.23,0.98,49.06,31.8,60.1,1.35,74,Satisfactory,PM2.5
Lucknow,North,3,23.72,73.09,29.95,5.04,0.92,20.65,23.8,55.0,1.55,73,Satisfactory,PM10
Kolkata,East,6,19.06,42.84,24.27,10.05,1.41,14.37,30.9,91.2,3.66,68,Satisfactory,CO
Bengaluru,South,7,30.36,31.1,22.07,10.14,0.75,20.05,30.3,71.8,2.77,37,Good,CO
Chennai,South,6,20.47,22.49,18.08,11.48,1.19,31.7,28.5,77.0,2.42,56,Satisfactory,CO
Ahmedabad,West,9,16.26,43.04,38.38,7.96,0.71,23.42,22.6,74.2,4.26,48,Good,NO2
Guwahati,Northeast,12,234.21,236.63,78.44,8.73,1.53,20.35,15.9,62.7,1.67,388,Very Poor,PM2.5
Patna,East,9,10.93,41.19,19.84,5.58,0.96,29.92,27.2,83.7,3.78,48,Good,CO
Chennai,South,12,40.84,172.62,75.11,10.24,0.8,16.38,16.6,68.1,2.82,149,Moderate,PM10
Delhi,North,6,16.67,27.35,16.89,16.2,0.88,45.64,28.9,84.6,2.53,46,Good,O3
Delhi,North,1,111.08,160.27,61.11,10.15,2.06,29.14,17.1,42.6,1.57,270,Poor,PM2.5
Guwahati,Northeast,10,59.21,60.08,33.18,19.88,0.97,34.6,28.7,75.2,3.22,99,Satisfactory,PM2.5
Patna,East,6,19.99,26.43,17.85,18.08,0.63,34.27,28.2,85.3,2.22,34,Good,O3
Bengaluru,South,1,79.27,108.56,30.27,21.3,1.22,19.65,17.3,62.0,0.37,163,Moderate,PM2.5
Guwahati,Northeast,1,108.96,293.59,38.27,21.56,1.66,22.05,17.1,52.7,1.5,262,Poor,PM2.5
Delhi,North,4,44.98,44.98,25.14,14.91,0.72,50.48,31.1,58.3,4.14,75,Satisfactory,PM2.5
Patna,East,9,15.46,47.15,43.37,22.97,0.91,31.85,29.5,88.2,3.15,54,Satisfactory,NO2
Guwahati,Northeast,11,185.75,314.61,34.78,10.42,1.35,18.01,13.0,48.6,1.25,351,Very Poor,PM2.5
Hyderabad,South,4,53.75,80.82,25.84,7.61,1.14,40.72,29.7,58.5,1.98,89,Satisfactory,PM2.5
Bengaluru,South,1,56.22,108.74,57.44,13.95,2.34,38.18,23.9,56.5,3.41,106,Moderate,PM10
Ahmedabad,West,7,26.1,27.65,15.65,19.33,0.56,31.69,24.4,87.0,4.21,44,Good,PM2.5
Guwahati,Northeast,3,64.63,76.67,46.77,15.58,0.66,28.58,26.5,58.0,0.94,113,Moderate,PM2.5
Guwahati,Northeast,3,23.17,23.17,25.11,8.37,0.67,5.0,24.4,58.6,2.09,39,Good,PM2.5
Ahmedabad,West,10,66.93,88.35,36.62,17.32,0.62,31.69,30.0,56.5,1.91,121,Moderate,PM2.5
Hyderabad,South,12,33.7,80.16,38.4,14.16,1.71,36.67,15.2,44.2,3.39,84,Satisfactory,CO
Mumbai,West,4,35.49,35.49,30.44,19.4,0.62,54.87,30.8,45.9,1.8,59,Satisfactory,PM2.5
Bengaluru,South,3,40.01,86.13,43.53,5.13,0.77,20.47,23.2,60.8,2.8,86,Satisfactory,PM10
Lucknow,North,9,20.38,21.98,28.1,18.09,1.03,29.49,25.4,78.5,3.43,35,Good,NO2
Lucknow,North,3,43.44,81.49,16.94,8.48,1.09,35.07,27.3,71.8,3.37,82,Satisfactory,PM10
Ahmedabad,West,2,40.12,170.36,59.09,20.63,2.64,17.19,14.1,29.1,3.83,147,Moderate,PM10
Delhi,North,7,20.94,21.76,27.25,12.89,1.11,30.29,29.0,77.0,4.12,52,Satisfactory,CO
Ahmedabad,West,3,26.31,108.38,38.29,14.23,0.98,41.93,22.1,69.9,2.27,106,Moderate,PM10
Kolkata,East,1,166.74,170.58,40.85,16.9,1.5,22.78,16.1,57.1,2.38,336,Very Poor,PM2.5
Guwahati,Northeast,12,316.84,316.84,56.36,9.91,1.6,29.62,14.9,45.6,2.06,427,Severe,PM2.5
Chennai,South,12,80.81,105.77,34.17,21.47,1.14,18.51,17.4,45.9,2.81,169,Moderate,PM2.5
Hyderabad,South,5,53.75,81.89,26.96,8.63,1.07,40.59,29.5,71.8,2.66,89,Satisfactory,PM2.5
Guwahati,Northeast,3,64.32,106.05,33.81,12.0,0.88,25.95,20.5,65.8,3.07,112,Moderate,PM2.5
Patna,East,9,19.42,41.29,16.43,6.39,0.23,26.87,24.7,70.8,3.17,41,Good,PM10
Kolkata,East,8,10.09,60.71,27.69,6.8,0.72,26.55,26.5,88.4,2.71,61,Satisfactory,PM10
Patna,East,8,17.19,38.83,36.58,17.74,1.25,25.72,27.0,58.2,2.58,59,Satisfactory,CO
Guwahati,Northeast,9,26.61,33.53,42.27,10.16,0.71,24.07,23.6,83.0,3.12,53,Satisfactory,NO2
Ahmedabad,West,6,17.31,33.83,9.7,13.81,0.93,18.76,26.7,75.9,4.78,46,Good,CO
Ahmedabad,West,4,50.22,51.47,23.31,13.33,0.84,41.92,32.0,56.1,3.79,84,Satisfactory,PM2.5
Kolkata,East,8,19.56,38.16,29.91,15.09,0.99,31.94,26.0,69.4,1.2,49,Good,CO
Kolkata,East,4,72.76,72.76,38.03,8.06,1.22,14.25,30.3,71.6,3.6,141,Moderate,PM2.5
Delhi,North,11,51.19,164.08,68.0,10.33,1.57,30.38,14.1,55.3,1.17,143,Moderate,PM10
Ahmedabad,West,10,35.9,40.4,24.41,15.08,1.01,28.26,29.7,58.4,2.86,59,Satisfactory,PM2.5
Ahmedabad,West,8,27.03,37.44,23.32,4.85,1.2,21.75,27.2,96.8,3.7,56,Satisfactory,CO
Patna,East,8,16.44,45.49,28.22,13.76,1.45,25.66,27.1,70.8,3.8,70,Satisfactory,CO
Lucknow,North,11,217.27,217.27,55.9,8.91,1.95,27.89,16.4,48.9,0.92,375,Very Poor,PM2.5
Chennai,South,10,28.48,70.37,30.9,19.74,0.9,25.96,27.8,43.4,1.46,70,Satisfactory,PM10
Ahmedabad,West,6,15.2,17.89,35.21,13.25,0.94,22.17,27.2,82.1,2.5,47,Good,CO
Mumbai,West,1,50.5,122.48,64.45,17.91,2.24,30.4,18.1,48.4,0.78,115,Moderate,PM10
Mumbai,West,12,65.88,115.13,68.34,18.31,1.27,34.87,16.6,57.5,3.7,118,Moderate,PM2.5
Patna,East,3,37.24,99.78,12.27,18.22,0.89,27.97,20.9,56.9,4.32,100,Satisfactory,PM10
Lucknow,North,8,25.31,34.78,36.93,12.92,0.65,28.47,31.8,82.0,2.67,46,Good,NO2
Kolkata,East,9,28.47,42.86,30.67,15.51,1.11,9.66,28.2,76.7,2.24,51,Satisfactory,CO
Lucknow,North,10,20.5,35.08,38.47,14.22,0.25,23.16,29.6,57.8,4.19,48,Good,NO2
Ahmedabad,West,1,36.76,113.88,41.55,5.33,0.9,21.23,16.1,54.3,3.97,110,Moderate,PM10
Bengaluru,South,11,88.38,109.48,56.68,11.29,1.39,43.94,11.0,37.0,3.23,194,Moderate,PM2.5
Chennai,South,12,34.79,81.35,34.69,16.28,2.18,41.77,13.2,41.1,1.19,102,Moderate,CO
Lucknow,North,3,51.57,78.34,29.93,11.73,0.6,32.31,26.4,50.4,3.44,86,Satisfactory,PM2.5
Delhi,North,2,172.74,261.8,60.84,13.06,1.18,30.7,19.1,56.1,1.98,341,Very Poor,PM2.5
Kolkata,East,1,197.4,197.4,46.27,10.68,2.29,26.69,19.8,37.9,1.2,360,Very Poor,PM2.5
Chennai,South,9,37.8,37.8,28.62,12.61,0.47,23.58,28.2,78.7,0.28,62,Satisfactory,PM2.5
Hyderabad,South,4,61.08,90.0,38.23,7.27,1.25,41.44,35.8,60.0,0.51,101,Moderate,PM2.5
Mumbai,West,12,59.13,105.57,27.08,19.79,1.35,41.23,16.7,44.6,4.28,104,Moderate,PM10
Chennai,South,8,19.8,21.19,24.16,14.06,0.55,23.47,25.7,78.5,4.46,33,Good,PM2.5
Guwahati,Northeast,4,34.12,139.53,24.36,11.08,0.8,38.51,31.2,67.4,3.25,127,Moderate,PM10
Mumbai,West,12,95.58,126.45,53.42,17.32,1.07,48.98,16.5,49.2,1.44,217,Poor,PM2.5
Guwahati,Northeast,9,27.15,57.87,23.24,13.67,0.96,36.4,33.7,90.2,2.53,58,Satisfactory,PM10
Delhi,North,5,54.89,76.04,18.79,8.17,1.21,57.77,30.4,62.1,4.14,91,Satisfactory,PM2.5
Bengaluru,South,9,17.09,55.26,30.51,6.58,0.93,36.58,19.4,79.4,2.38,55,Satisfactory,PM10
Mumbai,West,10,46.29,73.37,27.8,10.33,0.62,15.78,24.9,66.9,3.06,77,Satisfactory,PM2.5
Bengaluru,South,7,12.88,30.56,34.19,14.42,0.77,6.06,25.0,74.1,1.78,43,Good,NO2
Lucknow,North,10,57.86,75.64,36.31,4.76,0.82,11.71,25.7,51.6,4.24,96,Satisfactory,PM2.5
Bengaluru,South,8,27.44,29.99,19.43,6.95,0.97,43.21,28.2,75.0,2.59,49,Good,CO
Mumbai,West,8,34.61,47.17,30.18,12.53,0.98,32.15,25.8,71.2,3.96,57,Satisfactory,PM2.5
Bengaluru,South,11,93.24,177.77,55.5,13.72,3.14,29.74,14.7,49.8,4.54,209,Poor,PM2.5
Ahmedabad,West,11,51.56,158.5,44.09,11.47,2.12,21.98,13.6,40.9,3.45,139,Moderate,PM10
Guwahati,Northeast,8,15.34,22.46,25.73,17.36,0.67,22.43,23.4,75.1,3.18,34,Good,CO
Ahmedabad,West,11,75.34,117.08,60.43,15.34,1.32,47.34,17.9,53.9,3.42,150,Moderate,PM2.5
Hyderabad,South,2,107.37,107.37,59.28,12.79,2.07,26.19,16.9,57.9,3.2,257,Poor,PM2.5
Lucknow,North,1,235.35,331.77,46.93,9.75,1.77,33.55,13.2,55.0,1.77,389,Very Poor,PM2.5
Kolkata,East,3,48.09,92.44,32.88,15.85,0.81,19.26,21.6,68.7,3.59,92,Satisfactory,PM10
Mumbai,West,6,15.11,42.73,15.38,7.83,0.93,33.57,32.0,76.1,1.83,47,Good,CO
Hyderabad,South,12,53.15,198.29,58.9,17.34,1.49,27.99,20.1,48.0,2.47,166,Moderate,PM10
Guwahati,Northeast,4,37.95,77.62,21.1,13.37,0.98,39.74,28.5,60.8,2.23,78,Satisfactory,PM10
Hyderabad,South,2,96.9,96.9,79.3,11.65,1.8,21.68,21.4,51.0,2.36,221,Poor,PM2.5
Lucknow,North,4,40.77,86.1,29.45,11.81,0.71,32.31,29.6,63.7,3.54,86,Satisfactory,PM10
Mumbai,West,1,69.96,132.69,45.57,3.64,1.5,24.85,14.9,47.5,2.95,132,Moderate,PM2.5
Guwahati,Northeast,2,120.2,398.31,24.92,11.12,1.04,21.69,17.4,44.1,1.72,360,Very Poor,PM10
Kolkata,East,6,26.22,45.01,16.41,10.83,1.03,35.32,32.3,86.6,3.8,45,Good,PM10
Lucknow,North,8,20.93,31.44,29.49,7.61,0.92,13.49,25.4,77.1,3.86,46,Good,CO
Kolkata,East,5,29.82,124.14,29.25,13.15,0.46,34.19,34.1,61.4,2.92,116,Moderate,PM10
Delhi,North,7,10.02,33.43,39.83,17.22,0.87,41.13,23.2,70.2,4.89,50,Good,NO2
Bengaluru,South,6,18.2,33.85,21.22,13.33,0.95,28.17,23.5,80.1,2.21,48,Good,CO
Kolkata,East,10,64.95,126.3,44.32,15.12,0.83,27.41,28.2,56.6,4.28,118,Moderate,PM10
Kolkata,East,5,40.34,94.88,20.9,10.85,1.06,61.13,27.1,49.1,1.74,95,Satisfactory,PM10
Hyderabad,South,3,21.9,54.18,38.36,10.5,0.91,19.97,28.9,75.0,1.81,54,Satisfactory,PM10
Patna,East,12,180.41,273.38,53.76,13.87,2.49,32.37,19.6,48.6,1.87,347,Very Poor,PM2.5
Lucknow,North,4,46.72,142.67,6.96,13.12,0.97,39.13,30.4,60.7,2.52,129,Moderate,PM10
Kolkata,East,11,132.69,437.03,44.37,14.73,1.28,35.84,20.2,55.4,0.82,404,Severe,PM10
Bengaluru,South,7,32.2,32.2,33.38,7.47,1.17,22.23,24.1,72.3,2.18,55,Satisfactory,CO
Patna,East,4,46.09,51.37,27.77,6.51,1.07,52.42,30.9,62.2,4.76,76,Satisfactory,PM2.5
Patna,East,7,13.56,40.41,18.49,10.99,0.74,22.1,26.2,85.2,4.04,40,Good,PM10
Delhi,North,10,50.3,70.59,8.19,13.76,0.28,11.84,26.5,62.1,2.29,84,Satisfactory,PM2.5
Guwahati,Northeast,2,152.54,309.71,44.41,18.65,2.35,32.31,15.7,47.6,0.59,325,Very Poor,PM2.5
Bengaluru,South,10,28.46,68.95,30.19,2.48,0.56,23.74,26.8,56.0,2.5,69,Satisfactory,PM10
Bengaluru,South,12,34.49,99.91,44.93,10.51,1.65,31.52,20.0,46.9,1.04,100,Satisfactory,PM10
Kolkata,East,3,51.07,54.59,30.33,17.13,1.37,30.11,30.2,50.3,2.76,85,Satisfactory,PM2.5
Bengaluru,South,4,50.4,113.48,30.1,7.5,0.56,62.74,32.5,63.6,2.42,109,Moderate,PM10
Guwahati,Northeast,7,13.25,38.42,18.13,10.28,0.73,5.0,26.0,70.8,2.56,38,Good,PM10
Hyderabad,South,5,72.84,83.49,30.81,14.38,1.14,47.72,31.8,65.7,0.28,141,Moderate,PM2.5
Mumbai,West,9,31.52,36.67,16.13,17.81,0.71,32.48,23.2,95.8,1.18,52,Satisfactory,PM2.5
Lucknow,North,7,5.21,34.0,24.43,17.46,0.79,37.56,23.9,75.7,2.51,39,Good,CO
Hyderabad,South,10,50.8,93.08,30.24,15.17,0.66,31.27,31.8,46.6,3.35,93,Satisfactory,PM10
Mumbai,West,12,105.8,144.92,49.44,14.06,1.25,24.74,14.0,63.9,3.3,252,Poor,PM2.5
Delhi,North,12,175.2,366.6,62.3,7.55,0.16,31.32,15.3,57.0,1.93,343,Very Poor,PM2.5
Mumbai,West,10,72.48,104.87,42.7,18.62,1.3,27.66,23.1,79.9,2.87,140,Moderate,PM2.5
Chennai,South,7,16.35,44.38,7.46,10.03,0.87,31.89,30.2,69.2,3.54,44,Good,PM10
Hyderabad,South,2,127.47,144.23,41.38,5.9,2.48,34.19,17.9,39.0,1.76,306,Very Poor,PM2.5
Hyderabad,South,8,22.76,22.76,33.31,4.47,1.27,29.75,25.6,85.9,3.2,60,Satisfactory,CO
Bengaluru,South,2,71.97,123.96,43.89,13.26,2.42,23.78,19.9,45.0,0.49,138,Moderate,PM2.5
Ahmedabad,West,5,50.83,73.97,15.43,13.46,0.97,30.8,26.9,58.0,3.53,84,Satisfactory,PM2.5
Chennai,South,11,33.03,133.87,35.32,12.66,2.03,18.15,18.2,62.7,1.37,123,Moderate,PM10
Ahmedabad,West,1,109.67,111.07,43.06,16.96,1.51,8.23,17.7,55.8,3.63,265,Poor,PM2.5
Bengaluru,South,12,63.39,153.88,47.14,4.66,2.19,26.2,21.3,40.8,2.66,136,Moderate,PM10
Hyderabad,South,4,43.63,49.35,7.95,19.31,0.97,56.7,33.8,64.8,2.44,72,Satisfactory,PM2.5
Mumbai,West,5,67.56,78.41,43.97,4.8,0.47,54.45,28.5,76.3,4.3,123,Moderate,PM2.5
Ahmedabad,West,5,58.93,58.93,14.06,19.18,0.5,61.97,33.0,59.4,3.3,98,Satisfactory,PM2.5
Delhi,North,10,41.81,109.22,39.69,12.75,0.74,38.97,20.9,63.6,3.63,106,Moderate,PM10
Bengaluru,South,12,93.86,118.06,40.14,16.62,1.08,35.3,12.1,54.3,2.85,211,Poor,PM2.5
Guwahati,Northeast,3,51.14,74.67,36.86,14.69,1.02,30.45,25.6,57.6,3.08,85,Satisfactory,PM2.5
Delhi,North,7,28.13,35.39,31.16,5.27,1.15,23.12,23.9,91.2,3.58,54,Satisfactory,CO
Lucknow,North,3,52.16,74.36,25.65,15.74,1.21,27.43,33.2,58.4,1.24,87,Satisfactory,PM2.5
Ahmedabad,West,12,28.65,104.23,44.66,15.28,1.59,35.08,18.1,52.1,2.15,103,Moderate,PM10
Hyderabad,South,3,20.88,83.42,26.47,15.75,0.89,28.07,26.2,71.1,2.8,83,Satisfactory,PM10
Patna,East,3,49.29,77.0,26.78,14.71,0.74,29.22,27.0,62.6,3.19,82,Satisfactory,PM2.5
Chennai,South,7,20.92,50.63,31.55,24.51,0.91,36.05,24.8,89.2,2.01,46,Good,CO
Hyderabad,South,10,40.84,86.87,26.03,8.21,0.83,40.95,28.4,49.7,4.03,87,Satisfactory,PM10
Lucknow,North,6,25.52,40.14,33.18,20.9,0.68,33.13,30.8,72.9,1.96,42,Good,PM2.5
Patna,East,2,178.19,178.19,55.94,5.24,2.22,32.32,23.7,57.4,1.23,345,Very Poor,PM2.5
Kolkata,East,7,21.94,34.11,37.96,7.54,1.45,38.71,26.4,92.4,1.92,70,Satisfactory,CO
Delhi,North,4,24.9,118.88,14.16,5.09,0.73,58.66,33.9,61.0,3.94,113,Moderate,PM10
Hyderabad,South,8,23.24,51.48,25.93,8.32,1.03,34.22,27.3,86.0,2.57,52,Satisfactory,PM10
Bengaluru,South,11,79.18,129.26,71.23,13.77,1.45,32.44,21.0,58.2,3.61,163,Moderate,PM2.5
Ahmedabad,West,11,8.93,164.53,54.32,11.9,1.93,44.19,22.2,59.7,1.81,143,Moderate,PM10
Guwahati,Northeast,5,7.41,91.04,37.31,17.71,1.08,40.06,29.3,53.4,2.62,91,Satisfactory,PM10
Chennai,South,12,113.02,113.02,45.16,2.71,1.74,27.98,16.9,44.5,2.8,276,Poor,PM2.5
Ahmedabad,West,7,19.28,54.64,29.45,14.56,0.77,21.41,26.9,98.0,2.48,55,Satisfactory,PM10
Guwahati,Northeast,8,14.38,14.38,21.37,23.43,1.06,41.78,26.0,59.1,1.56,42,Good,O3
Kolkata,East,1,173.31,271.15,40.36,16.51,1.36,30.59,18.6,49.1,0.91,341,Very Poor,PM2.5
Kolkata,East,10,74.51,102.03,36.57,8.22,0.51,37.21,29.7,61.1,2.38,147,Moderate,PM2.5
Delhi,North,3,58.66,103.72,22.3,8.34,1.24,22.61,32.3,59.1,2.37,103,Moderate,PM10
Hyderabad,South,1,60.53,159.21,60.76,17.22,1.69,24.17,18.0,48.6,4.44,140,Moderate,PM10
Lucknow,North,9,19.6,24.86,40.94,12.66,0.86,41.02,25.5,75.4,2.54,43,Good,CO
Patna,East,12,177.68,209.79,39.78,8.62,1.32,20.95,18.7,50.8,1.43,344,Very Poor,PM2.5
Patna,East,5,42.55,90.38,34.04,11.7,0.97,42.26,31.6,55.3,2.25,90,Satisfactory,PM10
Delhi,North,11,49.57,394.08,79.12,12.82,1.92,37.08,14.0,59.4,1.16,355,Very Poor,PM10
Lucknow,North,8,18.92,43.8,26.5,22.54,0.76,37.79,28.9,81.2,3.06,44,Good,PM10
Bengaluru,South,3,5.0,101.16,23.89,17.61,0.99,38.08,29.4,40.3,3.49,101,Moderate,PM10
Lucknow,North,11,225.24,320.24,56.68,10.69,1.16,24.36,12.6,47.3,0.58,381,Very Poor,PM2.5
Patna,East,1,166.52,315.58,47.54,9.61,1.15,25.34,15.5,51.5,0.55,336,Very Poor,PM2.5
Kolkata,East,5,36.07,85.14,35.45,13.57,1.12,15.96,29.5,68.8,3.37,85,Satisfactory,PM10
Delhi,North,12,255.45,296.45,44.37,7.4,1.37,24.57,16.2,44.7,1.62,403,Severe,PM2.5
Kolkata,East,12,131.03,348.15,43.36,16.87,1.77,27.66,17.7,50.4,1.76,309,Very Poor,PM2.5
Bengaluru,South,7,15.09,26.4,30.57,14.06,0.82,18.49,30.8,86.3,0.57,41,Good,CO
Patna,East,8,18.77,36.39,37.56,19.93,1.17,30.02,22.9,61.8,3.78,55,Satisfactory,CO
Mumbai,West,5,32.17,70.31,23.32,9.2,1.19,44.75,30.3,81.3,1.19,70,Satisfactory,PM10
Bengaluru,South,11,44.3,113.38,50.14,16.05,1.47,24.92,17.2,43.4,3.51,109,Moderate,PM10
Bengaluru,South,4,51.85,74.9,26.38,17.64,1.18,59.83,32.1,70.8,2.33,86,Satisfactory,PM2.5
Delhi,North,10,63.82,95.86,25.56,6.98,0.84,22.25,32.2,66.1,1.94,111,Moderate,PM2.5
Mumbai,West,12,50.93,99.05,45.6,17.35,1.14,47.23,15.2,40.7,4.69,99,Satisfactory,PM10
Guwahati,Northeast,9,18.96,38.36,31.42,12.66,0.55,7.15,24.5,92.5,4.88,39,Good,NO2
Bengaluru,South,5,29.91,82.88,31.69,14.88,0.22,81.79,34.4,58.4,2.0,83,Satisfactory,PM10
Delhi,North,9,23.76,35.38,31.85,11.46,1.01,34.1,28.0,80.3,4.36,40,Good,NO2
Ahmedabad,West,5,32.43,77.11,21.87,10.1,1.25,40.12,25.5,56.6,2.87,77,Satisfactory,PM10
Delhi,North,7,24.19,39.32,26.83,6.27,0.78,22.77,26.1,83.5,3.25,40,Good,PM2.5
Lucknow,North,6,17.53,50.0,33.65,12.54,1.06,22.32,20.7,73.1,3.64,42,Good,NO2
Kolkata,East,11,152.34,202.82,19.84,18.84,1.5,24.39,16.0,62.0,1.89,325,Very Poor,PM2.5
Bengaluru,South,1,98.53,113.82,39.21,10.59,1.22,16.9,20.3,50.2,3.49,227,Poor,PM2.5
Hyderabad,South,10,53.64,53.64,20.72,14.73,0.56,31.13,22.8,60.1,4.6,89,Satisfactory,PM2.5
Guwahati,Northeast,6,7.13,43.19,43.31,25.43,1.03,16.54,28.3,90.8,2.59,54,Satisfactory,NO2
Bengaluru,South,11,49.43,132.29,12.15,7.44,1.6,24.95,14.1,48.0,3.17,122,Moderate,PM10
Patna,East,2,163.41,331.73,43.06,18.52,1.13,44.2,21.3,49.2,1.24,334,Very Poor,PM2.5
Bengaluru,South,7,24.49,45.73,16.74,14.1,0.33,26.51,31.4,66.7,1.01,46,Good,PM10
Mumbai,West,4,66.85,83.97,12.0,3.92,0.93,27.14,31.4,61.6,2.25,121,Moderate,PM2.5
Ahmedabad,West,8,24.43,46.94,35.73,11.28,0.85,25.5,29.0,72.8,4.73,47,Good,PM10
Guwahati,Northeast,2,172.01,253.31,41.51,22.43,1.39,25.44,16.0,52.3,1.34,340,Very Poor,PM2.5
Kolkata,East,6,17.24,40.72,36.63,12.12,0.92,24.97,25.5,70.6,1.06,46,Good,NO2
Bengaluru,South,12,92.15,103.85,43.02,10.25,2.2,20.2,18.8,51.5,2.88,205,Poor,PM2.5
Lucknow,North,8,20.66,42.61,27.75,20.37,0.91,13.69,28.9,81.1,2.84,46,Good,CO
Kolkata,East,5,11.69,31.82,41.84,9.19,1.16,21.8,27.9,65.4,2.69,54,Satisfactory,CO
Chennai,South,12,69.67,111.59,38.21,6.27,2.27,41.17,14.9,43.2,2.41,131,Moderate,PM2.5
Guwahati,Northeast,5,42.14,87.96,27.59,11.45,1.55,35.38,35.9,71.6,3.36,88,Satisfactory,PM10
Mumbai,West,3,45.49,64.69,28.17,6.9,1.1,36.27,30.5,56.9,1.61,76,Satisfactory,PM2.5
Lucknow,North,10,72.66,78.09,31.8,10.87,0.76,33.53,26.7,63.2,3.37,141,Moderate,PM2.5
Kolkata,East,4,53.79,56.92,20.32,11.8,0.89,35.42,31.7,67.3,4.13,90,Satisfactory,PM2.5
Chennai,South,11,102.07,102.07,31.25,10.61,1.64,26.0,16.3,49.6,3.34,239,Poor,PM2.5
Guwahati,Northeast,9,36.86,36.86,36.83,9.22,1.06,28.84,29.6,76.4,4.54,61,Satisfactory,PM2.5
Kolkata,East,11,213.16,281.69,33.34,21.37,2.49,10.58,18.5,57.6,1.65,372,Very Poor,PM2.5
Kolkata,East,2,233.23,293.64,80.79,16.5,1.43,23.36,21.7,45.7,1.17,387,Very Poor,PM2.5
Bengaluru,South,8,22.77,32.43,16.94,17.58,0.79,44.97,27.9,88.1,3.51,45,Good,O3
Lucknow,North,7,24.29,36.85,37.18,23.93,0.83,34.68,27.0,82.0,2.85,46,Good,NO2
Chennai,South,11,65.1,154.68,36.98,16.42,1.69,26.39,20.7,57.4,3.27,137,Moderate,PM10
Kolkata,East,8,17.98,44.92,29.71,4.11,0.8,12.84,29.0,85.2,3.85,45,Good,PM10
Hyderabad,South,11,93.71,93.71,46.45,5.21,1.43,41.58,21.3,57.3,2.6,210,Poor,PM2.5
Patna,East,12,170.47,362.63,53.9,4.39,1.65,11.93,20.4,46.5,0.72,339,Very Poor,PM2.5
Patna,East,3,53.81,81.83,46.41,15.05,0.73,32.36,26.1,70.1,3.11,90,Satisfactory,PM2.5
Bengaluru,South,6,10.03,35.06,27.53,7.08,0.84,31.66,27.0,66.7,2.49,42,Good,CO
Mumbai,West,10,48.05,78.46,24.54,9.84,0.92,36.09,27.8,71.4,4.07,80,Satisfactory,PM2.5
Guwahati,Northeast,8,29.95,50.57,18.31,15.11,1.23,39.75,24.7,83.3,2.88,58,Satisfactory,CO
Kolkata,East,5,23.15,58.84,12.79,12.69,1.51,41.44,31.3,64.4,2.67,73,Satisfactory,CO
Lucknow,North,12,181.96,203.0,46.65,15.56,2.05,38.91,19.0,54.8,1.82,348,Very Poor,PM2.5
Guwahati,Northeast,6,15.74,33.14,17.29,13.95,1.18,22.04,28.3,73.0,1.66,56,Satisfactory,CO
Kolkata,East,11,103.87,167.61,51.09,13.29,1.92,44.81,15.7,47.4,2.3,245,Poor,PM2.5
Bengaluru,South,12,89.6,97.94,64.21,15.86,1.69,23.09,18.3,65.2,1.57,199,Moderate,PM2.5
Bengaluru,South,10,35.11,67.07,27.87,16.6,1.02,28.51,27.8,65.0,0.92,67,Satisfactory,PM10
Lucknow,North,11,113.72,235.81,52.9,11.64,1.83,29.19,17.1,64.2,1.8,279,Poor,PM2.5
Delhi,North,7,25.16,27.14,46.27,6.78,0.93,25.59,26.0,74.4,1.94,58,Satisfactory,NO2
Ahmedabad,West,11,40.48,154.11,57.34,10.17,1.86,26.67,14.7,43.3,3.53,136,Moderate,PM10
Bengaluru,South,1,75.93,105.02,45.26,10.44,0.76,28.51,19.6,52.5,4.78,152,Moderate,PM2.5
Ahmedabad,West,9,15.56,35.8,30.05,2.87,1.06,30.09,20.6,77.1,1.89,38,Good,NO2
Lucknow,North,1,85.07,305.96,73.37,13.27,0.56,30.4,17.4,43.2,1.6,256,Poor,PM10
Bengaluru,South,6,15.51,17.45,11.1,8.8,0.86,23.67,25.0,82.5,3.32,43,Good,CO
Guwahati,Northeast,4,57.86,61.44,18.81,9.49,0.74,16.15,29.4,68.8,3.7,96,Satisfactory,PM2.5
Hyderabad,South,9,21.18,49.39,19.09,7.37,1.2,28.23,25.0,82.4,2.31,57,Satisfactory,CO
Kolkata,East,1,111.54,298.24,50.96,19.28,1.46,25.42,22.3,59.9,1.48,271,Poor,PM2.5
Patna,East,2,114.54,185.99,48.52,9.56,2.37,14.8,14.5,54.0,1.69,281,Poor,PM2.5
Chennai,South,6,7.95,31.7,39.39,21.06,0.79,26.57,24.5,83.1,4.51,49,Good,NO2
Ahmedabad,West,9,20.04,25.77,28.07,18.63,0.79,12.75,25.9,75.8,0.76,40,Good,CO
Ahmedabad,West,4,52.97,119.18,16.81,15.51,1.16,48.55,28.0,51.5,2.91,113,Moderate,PM10
Delhi,North,11,128.67,377.4,42.23,2.91,1.49,32.03,19.0,54.7,2.24,334,Very Poor,PM10
Delhi,North,1,136.27,398.08,19.67,11.74,2.19,38.2,20.0,57.5,0.82,360,Very Poor,PM10
Delhi,North,5,26.1,50.33,31.26,9.63,0.96,47.43,36.3,63.5,2.11,48,Good,CO
Mumbai,West,7,14.35,43.86,28.54,13.92,0.42,9.09,22.5,92.0,1.51,44,Good,PM10
Patna,East,1,124.05,252.41,47.36,19.89,1.88,31.23,21.9,46.9,2.0,303,Very Poor,PM2.5
Chennai,South,12,91.8,113.47,41.7,7.82,1.21,20.3,19.1,50.2,3.28,204,Poor,PM2.5
Kolkata,East,4,28.31,51.49,26.08,8.28,0.66,63.37,26.4,76.2,3.12,63,Satisfactory,O3
Kolkata,East,12,208.63,322.34,71.93,6.8,1.52,20.84,12.9,46.7,2.45,368,Very Poor,PM2.5
Ahmedabad,West,1,118.6,193.46,91.13,21.15,2.73,30.73,18.7,54.4,2.8,295,Poor,PM2.5
Kolkata,East,4,56.85,65.81,16.43,13.75,0.71,34.58,30.6,57.0,4.04,95,Satisfactory,PM2.5
Lucknow,North,12,224.99,288.81,46.73,12.76,0.98,30.84,20.5,59.9,0.64,381,Very Poor,PM2.5
Kolkata,East,3,36.55,108.28,29.86,8.28,0.51,22.25,24.7,67.5,3.93,106,Moderate,PM10
Mumbai,West,6,25.59,41.15,18.09,11.6,0.99,29.37,21.9,79.0,3.51,50,Good,CO
Ahmedabad,West,9,15.51,28.79,26.25,13.4,0.93,33.08,23.6,81.2,1.97,46,Good,CO
Patna,East,4,71.9,71.9,25.65,5.88,0.94,55.21,31.5,59.1,4.29,138,Moderate,PM2.5
Lucknow,North,12,205.9,330.37,6.58,11.63,1.08,21.03,22.4,49.0,2.46,366,Very Poor,PM2.5
Delhi,North,11,99.31,334.21,43.08,13.48,1.55,26.8,17.1,53.4,1.76,284,Poor,PM10
Delhi,North,2,148.66,239.88,40.48,19.05,1.93,12.05,12.2,45.4,1.53,322,Very Poor,PM2.5
Ahmedabad,West,10,53.11,72.47,39.74,15.71,0.92,37.62,22.1,59.3,2.95,88,Satisfactory,PM2.5
Chennai,South,9,8.09,31.74,31.36,14.29,1.22,34.4,26.8,83.4,2.57,58,Satisfactory,CO
Chennai,South,2,89.47,117.38,53.21,16.61,1.94,38.36,25.0,57.6,2.28,198,Moderate,PM2.5
Mumbai,West,4,52.38,90.58,40.56,3.92,1.31,65.32,32.7,64.7,2.53,91,Satisfactory,PM10
Lucknow,North,2,199.09,323.7,58.38,15.01,2.03,34.61,14.9,58.7,2.44,361,Very Poor,PM2.5
Guwahati,Northeast,8,30.88,30.88,27.75,8.92,1.27,41.78,26.7,87.4,4.65,60,Satisfactory,CO
Ahmedabad,West,8,21.17,42.0,20.92,12.53,1.48,23.8,29.6,82.2,2.62,72,Satisfactory,CO
Kolkata,East,8,32.67,40.14,33.96,19.68,0.82,19.21,32.3,79.1,3.8,54,Satisfactory,PM2.5
Mumbai,West,1,79.52,79.84,48.92,8.89,1.18,25.45,11.1,42.7,3.68,164,Moderate,PM2.5
Delhi,North,3,28.08,89.07,20.62,15.47,0.87,25.27,26.7,80.5,1.95,89,Satisfactory,PM10
Ahmedabad,West,10,57.31,57.31,14.61,9.11,1.11,25.13,26.3,67.3,1.9,95,Satisfactory,PM2.5
Chennai,South,1,32.91,130.45,51.3,15.82,1.05,26.39,14.2,50.0,4.46,121,Moderate,PM10
Bengaluru,South,6,10.57,27.4,14.47,5.78,1.08,15.85,27.9,78.2,2.2,27,Good,PM10
Guwahati,Northeast,10,30.23,95.8,22.13,10.15,0.76,33.79,28.6,39.0,3.08,96,Satisfactory,PM10
Mumbai,West,5,39.62,74.02,25.04,14.4,1.09,32.25,28.6,59.7,1.07,74,Satisfactory,PM10
Lucknow,North,10,66.23,66.23,25.14,9.16,1.44,23.48,25.6,51.8,2.81,119,Moderate,PM2.5
Patna,East,4,31.05,99.19,30.28,16.09,0.81,45.06,30.4,71.7,2.93,99,Satisfactory,PM10
Delhi,North,8,17.0,29.1,30.0,15.93,0.72,29.06,27.6,80.9,0.89,38,Good,NO2
Ahmedabad,West,1,36.54,120.17,35.03,9.62,1.03,24.61,14.6,58.1,3.34,114,Moderate,PM10
Lucknow,North,4,40.24,40.24,24.15,8.35,0.97,49.81,32.0,70.1,2.16,67,Satisfactory,PM2.5
Mumbai,West,7,27.61,36.14,25.93,20.86,1.06,26.4,24.9,88.6,3.03,46,Good,PM2.5
Bengaluru,South,7,25.04,43.51,32.62,16.24,1.02,32.66,24.8,92.5,1.42,44,Good,PM10
Guwahati,Northeast,9,10.78,33.41,23.2,12.65,0.99,19.97,26.9,89.1,1.33,50,Good,CO
Mumbai,West,4,58.56,78.28,29.27,16.91,0.69,35.46,29.1,57.2,4.3,98,Satisfactory,PM2.5
Chennai,South,2,40.74,70.25,68.18,9.05,1.44,14.44,17.2,58.9,3.08,85,Satisfactory,NO2
Bengaluru,South,4,20.35,68.97,29.23,7.24,1.08,53.15,29.4,65.8,2.68,69,Satisfactory,PM10
Patna,East,9,34.67,34.67,34.46,18.26,0.64,23.17,25.2,76.9,2.4,57,Satisfactory,PM2.5
Kolkata,East,1,206.93,206.93,33.98,15.22,1.87,19.11,19.7,62.6,1.37,367,Very Poor,PM2.5
Delhi,North,12,209.0,412.6,35.24,12.19,2.12,28.97,12.8,55.5,0.85,378,Very Poor,PM10
Kolkata,East,12,63.25,369.14,35.98,13.6,1.88,29.36,18.9,55.0,1.48,324,Very Poor,PM10
Lucknow,North,11,112.44,263.43,46.18,14.06,2.13,30.89,15.6,34.6,0.97,274,Poor,PM2.5
Mumbai,West,8,15.07,36.93,28.71,20.92,1.03,44.04,29.1,86.7,2.4,44,Good,O3
Mumbai,West,9,17.07,34.3,22.72,7.19,1.01,19.55,22.4,69.0,2.54,34,Good,PM10
Chennai,South,1,64.41,140.44,56.27,8.83,0.97,23.16,20.0,59.1,3.2,127,Moderate,PM10
Kolkata,East,12,256.84,256.84,69.41,10.75,2.09,33.95,12.1,44.3,0.72,403,Severe,PM2.5
Patna,East,3,58.85,123.98,25.84,16.1,1.3,29.75,26.9,58.0,3.4,116,Moderate,PM10
Delhi,North,2,185.86,306.88,47.26,4.35,2.03,17.21,19.9,58.0,0.76,351,Very Poor,PM2.5
Delhi,North,6,35.29,35.29,17.75,15.84,0.69,11.87,28.6,70.7,3.16,58,Satisfactory,PM2.5
Hyderabad,South,1,87.33,125.55,10.72,13.83,1.46,39.9,19.2,58.0,2.0,191,Moderate,PM2.5
Chennai,South,9,20.07,30.7,39.24,11.26,0.57,21.05,29.9,76.7,2.55,49,Good,NO2
Delhi,North,1,108.77,108.77,35.72,13.16,1.48,14.89,21.0,53.3,1.62,262,Poor,PM2.5
Mumbai,West,12,38.19,129.81,61.07,17.47,1.95,32.31,12.8,51.9,1.73,120,Moderate,PM10
Kolkata,East,11,223.3,223.3,47.34,13.19,2.03,13.92,11.4,52.3,0.2,380,Very Poor,PM2.5
Kolkata,East,5,54.33,104.87,22.77,12.77,1.08,27.19,33.7,62.2,2.12,104,Moderate,PM10
Delhi,North,11,152.2,335.65,42.81,13.09,1.3,20.12,18.5,44.8,1.85,325,Very Poor,PM2.5
Hyderabad,South,2,51.25,126.63,36.92,4.3,1.31,27.58,19.6,53.2,3.82,118,Moderate,PM10
Patna,East,6,17.58,51.41,11.78,9.83,0.61,26.36,25.7,82.8,3.09,51,Satisfactory,PM10
Bengaluru,South,7,16.08,34.42,34.21,23.68,1.09,19.5,26.7,79.4,2.22,43,Good,NO2
Bengaluru,South,7,5.0,40.14,24.0,11.47,1.3,17.4,27.8,84.4,2.99,62,Satisfactory,CO
Guwahati,Northeast,12,235.62,254.75,40.4,10.51,1.42,18.0,18.5,47.2,1.78,389,Very Poor,PM2.5
Mumbai,West,9,31.77,32.24,21.25,4.95,1.49,33.56,24.9,91.5,4.32,72,Satisfactory,CO
Kolkata,East,6,14.91,33.06,19.01,11.54,1.09,16.46,27.9,87.3,3.25,33,Good,PM10
Chennai,South,10,34.48,95.57,18.11,13.17,0.91,37.46,25.3,56.0,1.41,96,Satisfactory,PM10
Mumbai,West,6,17.25,25.52,21.56,14.58,0.6,19.48,29.7,76.7,3.87,30,Good,CO
Delhi,North,9,20.24,36.04,39.65,18.27,1.21,22.72,24.0,84.1,4.34,57,Satisfactory,CO
Ahmedabad,West,12,70.32,144.98,58.73,12.71,1.69,28.82,15.6,46.5,2.01,133,Moderate,PM2.5
Patna,East,12,168.0,268.69,58.97,18.05,2.24,39.92,15.7,40.5,1.92,337,Very Poor,PM2.5
Chennai,South,3,69.51,87.63,11.23,13.75,1.05,38.52,31.3,67.3,2.14,130,Moderate,PM2.5
Bengaluru,South,9,24.03,26.24,40.39,3.82,1.05,30.68,26.4,70.6,0.49,40,Good,PM2.5
Delhi,North,8,16.61,45.91,21.42,14.17,0.55,32.03,20.3,94.8,2.64,46,Good,PM10
Hyderabad,South,6,15.16,25.38,22.49,10.25,0.72,21.14,23.5,84.6,4.15,36,Good,CO
Chennai,South,1,69.57,78.79,49.02,13.1,1.49,31.33,18.9,43.6,4.14,130,Moderate,PM2.5
Chennai,South,7,32.13,38.77,44.56,17.64,0.96,21.93,24.9,82.3,2.96,56,Satisfactory,NO2
Delhi,North,10,58.12,77.39,35.05,7.32,1.17,32.21,30.6,67.8,2.7,97,Satisfactory,PM2.5
Lucknow,North,8,32.89,32.89,34.29,10.17,0.4,17.69,28.2,83.6,3.26,54,Satisfactory,PM2.5
Lucknow,North,2,95.43,365.51,53.63,8.28,1.89,29.42,16.3,55.8,1.44,319,Very Poor,PM10
Guwahati,Northeast,4,42.2,108.94,39.6,12.9,0.92,23.94,36.2,68.3,3.64,106,Moderate,PM10
Chennai,South,6,20.54,33.11,33.74,9.84,0.84,33.2,24.7,73.4,3.02,42,Good,NO2
Mumbai,West,11,89.81,157.39,48.91,19.18,0.76,44.99,24.5,55.7,3.73,199,Moderate,PM2.5
Kolkata,East,8,18.76,28.12,27.59,14.67,1.01,44.69,27.3,66.1,4.64,45,Good,O3
Chennai,South,6,23.33,28.65,30.28,14.0,0.51,21.73,22.6,83.0,4.13,39,Good,PM2.5
Delhi,North,8,27.31,44.04,22.46,2.48,0.61,23.0,31.6,77.1,1.67,46,Good,PM2.5
Patna,East,11,87.46,313.97,33.92,8.0,1.78,42.7,24.6,43.7,1.07,264,Poor,PM10
Hyderabad,South,10,63.41,63.41,28.73,9.66,0.38,16.77,25.3,60.5,3.93,109,Moderate,PM2.5
Guwahati,Northeast,5,59.92,77.11,22.08,11.12,1.09,55.01,30.6,52.6,3.18,100,Satisfactory,PM2.5
Hyderabad,South,4,64.42,64.42,22.39,15.63,0.79,36.33,34.8,49.0,5.1,113,Moderate,PM2.5
Lucknow,North,3,58.65,74.0,30.28,10.74,1.13,25.08,25.3,74.5,2.83,98,Satisfactory,PM2.5
Delhi,North,4,21.53,119.32,23.36,21.9,1.01,43.8,31.5,77.7,0.34,113,Moderate,PM10
Kolkata,East,1,145.15,254.61,50.15,10.72,1.69,27.8,14.1,55.1,1.8,320,Very Poor,PM2.5
Patna,East,12,264.6,380.98,60.15,15.99,1.61,37.59,22.7,58.5,1.08,406,Severe,PM2.5
Hyderabad,South,8,24.32,43.08,27.35,9.28,1.33,18.99,24.2,67.4,1.74,63,Satisfactory,CO
Delhi,North,5,65.17,74.8,32.17,11.95,0.58,69.95,35.1,62.8,1.84,115,Moderate,PM2.5
Chennai,South,5,34.09,78.74,30.6,10.36,0.51,68.86,31.7,63.7,2.33,79,Satisfactory,PM10
Bengaluru,South,11,67.96,107.46,58.22,16.35,1.97,36.3,23.4,55.1,4.03,125,Moderate,PM2.5
Hyderabad,South,3,15.07,72.95,20.71,13.11,0.69,33.09,29.9,69.6,4.61,73,Satisfactory,PM10
Lucknow,North,3,26.12,143.69,36.48,13.08,0.91,27.52,21.2,53.8,2.67,129,Moderate,PM10
Mumbai,West,9,16.1,60.85,25.89,13.33,0.97,32.95,25.6,88.0,3.3,61,Satisfactory,PM10
Lucknow,North,9,19.49,32.65,26.17,14.44,1.07,32.34,28.0,78.7,0.39,33,Good,NO2
Mumbai,West,6,23.71,24.25,30.36,15.11,1.22,32.29,28.0,85.6,2.46,57,Satisfactory,CO
Patna,East,7,15.85,45.89,14.48,15.92,0.9,36.11,24.7,78.7,2.87,46,Good,PM10
Hyderabad,South,9,12.83,41.0,12.49,8.79,0.48,34.96,28.2,81.6,4.45,41,Good,PM10
Chennai,South,2,84.93,121.36,46.76,18.27,2.6,24.38,20.5,54.6,3.17,183,Moderate,PM2.5
Chennai,South,10,39.75,39.75,40.89,8.67,0.83,26.15,24.6,61.9,2.75,66,Satisfactory,PM2.5
Bengaluru,South,7,21.31,34.08,35.79,5.57,0.68,34.09,25.1,70.8,2.14,45,Good,NO2
Bengaluru,South,11,67.62,111.5,33.19,15.71,2.24,11.95,13.3,60.0,4.56,124,Moderate,PM2.5
Lucknow,North,12,205.66,405.65,35.58,19.58,1.51,30.64,15.8,60.0,1.87,370,Very Poor,PM10
Chennai,South,11,105.29,118.67,92.76,18.48,1.86,19.62,13.4,40.4,1.75,250,Poor,PM2.5
Lucknow,North,11,187.28,221.95,46.04,10.76,1.98,20.62,19.0,54.4,0.92,352,Very Poor,PM2.5
Guwahati,Northeast,6,18.16,24.17,35.16,12.26,1.01,18.05,29.4,95.4,1.39,44,Good,NO2
Delhi,North,7,14.68,62.2,38.41,13.35,0.57,19.72,29.2,67.1,1.31,62,Satisfactory,PM10
Lucknow,North,4,47.1,85.22,24.31,16.42,0.67,49.9,31.6,64.8,4.12,85,Satisfactory,PM10
Chennai,South,10,34.59,37.75,11.04,11.16,0.87,18.88,24.4,72.2,3.78,57,Satisfactory,PM2.5
Patna,East,11,135.23,305.13,38.98,8.12,1.44,37.16,21.5,46.1,1.66,312,Very Poor,PM2.5
Patna,East,11,103.54,247.76,29.8,17.58,2.35,24.55,16.1,60.4,2.08,244,Poor,PM2.5
Bengaluru,South,3,42.67,75.15,21.53,13.85,0.71,23.46,26.7,48.1,0.5,75,Satisfactory,PM10
Chennai,South,8,15.0,56.47,44.56,9.57,1.53,35.88,25.1,57.3,3.57,74,Satisfactory,CO
Chennai,South,8,23.31,32.06,18.39,9.95,1.09,25.02,25.9,65.8,2.9,39,Good,PM2.5
Mumbai,West,3,59.47,59.65,25.52,22.39,0.82,24.3,28.8,45.7,4.2,99,Satisfactory,PM2.5
Hyderabad,South,3,53.26,53.26,25.82,5.89,1.2,36.84,28.2,50.4,4.47,89,Satisfactory,PM2.5
Bengaluru,South,12,114.23,128.47,55.3,9.79,2.28,33.11,22.3,53.4,2.75,280,Poor,PM2.5
Mumbai,West,5,67.72,99.83,29.16,3.09,1.12,23.87,31.1,59.1,1.21,124,Moderate,PM2.5
Hyderabad,South,12,122.78,122.78,59.03,23.31,2.01,22.58,18.7,55.8,4.41,302,Very Poor,PM2.5
Kolkata,East,11,16.0,202.13,46.99,7.13,0.16,21.9,18.0,47.8,0.84,168,Moderate,PM10
Ahmedabad,West,1,78.41,102.27,67.75,12.28,1.18,18.55,17.4,60.9,1.88,160,Moderate,PM2.5
Delhi,North,6,20.92,55.01,31.28,8.65,1.1,34.47,25.8,68.7,3.4,55,Satisfactory,PM10
Kolkata,East,2,75.07,292.77,38.83,4.73,1.43,38.78,21.6,59.6,1.55,243,Poor,PM10
Bengaluru,South,2,72.42,79.55,34.96,9.09,2.27,37.04,14.8,52.4,2.35,140,Moderate,PM2.5
Kolkata,East,8,16.45,48.94,27.84,13.04,0.96,19.37,27.3,86.5,4.45,49,Good,PM10
Patna,East,3,21.08,77.93,37.32,13.73,1.08,16.57,25.3,42.4,2.64,78,Satisfactory,PM10
Mumbai,West,8,29.7,50.48,29.18,4.74,1.0,43.62,28.4,87.5,2.26,50,Good,PM2.5
Bengaluru,South,4,43.88,43.88,47.02,12.67,1.13,36.18,26.4,71.4,1.54,73,Satisfactory,PM2.5
Hyderabad,South,4,51.98,78.2,21.41,11.28,0.64,52.2,32.7,59.8,2.16,86,Satisfactory,PM2.5
Guwahati,Northeast,2,87.08,145.96,46.82,10.76,2.13,33.43,18.1,56.0,1.67,190,Moderate,PM2.5
Delhi,North,3,48.99,60.87,29.67,1.2,0.89,37.18,28.8,62.4,3.53,81,Satisfactory,PM2.5
Patna,East,7,30.35,39.05,25.34,1.2,1.16,32.33,27.5,72.5,3.88,54,Satisfactory,CO
Hyderabad,South,7,20.01,33.85,31.78,6.49,1.05,21.94,24.9,85.1,1.69,40,Good,NO2
Delhi,North,4,46.6,46.6,39.46,13.49,1.01,54.69,35.5,61.6,3.49,77,Satisfactory,PM2.5
Delhi,North,12,140.8,142.79,51.09,18.62,1.88,19.03,21.3,49.5,0.23,316,Very Poor,PM2.5
Kolkata,East,8,13.55,52.82,37.64,10.91,1.02,48.36,30.0,79.9,6.04,53,Satisfactory,PM10
Patna,East,8,24.37,24.76,13.93,10.62,0.91,30.77,22.7,83.3,1.87,46,Good,CO
Guwahati,Northeast,1,212.36,239.73,34.12,19.41,2.02,29.28,22.4,52.7,1.05,371,Very Poor,PM2.5
Bengaluru,South,10,43.3,94.21,39.67,12.11,1.23,26.2,24.7,49.5,2.23,94,Satisfactory,PM10
Mumbai,West,12,119.23,134.68,46.62,20.27,0.97,26.85,24.0,50.8,5.54,297,Poor,PM2.5
Guwahati,Northeast,3,65.57,107.14,28.01,9.66,0.87,19.71,26.8,60.0,4.69,117,Moderate,PM2.5
Hyderabad,South,11,127.88,127.88,30.47,10.29,2.32,27.08,13.6,50.0,1.46,306,Very Poor,PM2.5
Delhi,North,2,271.93,271.93,50.49,11.55,1.48,20.94,17.1,54.7,2.19,409,Severe,PM2.5
Mumbai,West,4,25.8,99.19,31.99,9.0,0.95,49.21,31.1,63.8,1.83,99,Satisfactory,PM10
Ahmedabad,West,9,6.58,40.39,31.08,15.09,0.71,37.82,26.7,68.5,1.57,40,Good,PM10
Lucknow,North,7,8.93,53.02,36.81,20.77,1.36,25.04,24.4,56.6,2.35,65,Satisfactory,CO
Guwahati,Northeast,3,31.96,71.68,23.34,13.8,1.25,15.07,23.0,71.9,3.62,72,Satisfactory,PM10
Mumbai,West,1,111.82,111.82,61.41,11.67,1.89,7.95,17.2,57.9,2.73,272,Poor,PM2.5
Bengaluru,South,9,28.91,28.91,34.92,7.24,0.91,33.51,24.5,84.3,2.23,48,Good,PM2.5
Mumbai,West,1,87.31,89.16,35.23,17.0,1.65,15.79,20.6,48.7,1.23,191,Moderate,PM2.5
Bengaluru,South,9,26.65,26.65,17.55,15.07,1.12,21.39,29.7,94.4,4.31,52,Satisfactory,CO
Ahmedabad,West,3,49.95,66.32,27.53,14.12,0.56,21.54,22.7,61.9,2.89,83,Satisfactory,PM2.5
Bengaluru,South,2,90.1,90.1,38.07,15.75,2.05,21.32,18.7,45.8,2.58,90,Satisfactory,PM10
Hyderabad,South,8,24.22,37.7,30.29,6.82,1.0,32.63,29.1,72.2,3.83,40,Good,PM2.5
Hyderabad,South,11,59.44,109.16,29.82,10.6,1.71,12.66,16.8,38.0,5.09,106,Moderate,PM10
Hyderabad,South,5,46.98,81.83,33.08,16.7,0.48,58.51,34.7,59.5,2.67,82,Satisfactory,PM10
Delhi,North,3,25.41,88.41,38.09,15.5,0.88,44.18,30.0,56.8,5.24,88,Satisfactory,PM10
Lucknow,North,4,21.82,66.84,21.63,10.25,1.12,41.57,31.0,60.5,0.28,67,Satisfactory,PM10
Guwahati,Northeast,6,17.52,25.72,26.05,18.74,0.88,16.89,24.6,91.7,4.52,44,Good,CO
Patna,East,8,9.18,37.59,31.22,12.12,0.75,24.95,25.1,68.8,4.33,39,Good,NO2
Chennai,South,1,63.02,131.57,53.61,23.25,2.02,35.01,18.1,48.5,4.35,121,Moderate,PM10
Guwahati,Northeast,8,10.78,25.86,31.81,16.02,0.33,20.25,28.1,62.6,0.82,40,Good,NO2
Hyderabad,South,8,23.73,39.98,41.29,12.39,0.8,17.02,25.8,83.7,3.64,51,Satisfactory,NO2
Ahmedabad,West,2,83.4,164.57,49.08,18.56,1.25,27.38,16.6,58.3,1.66,178,Moderate,PM2.5
Patna,East,4,15.71,90.14,38.47,16.37,1.12,52.58,33.1,64.9,3.56,90,Satisfactory,PM10
Guwahati,Northeast,9,18.83,35.15,25.18,4.48,0.57,29.93,29.7,78.1,5.9,35,Good,PM10
Patna,East,5,52.01,106.13,36.95,15.14,1.19,42.7,36.0,70.3,1.85,104,Moderate,PM10
Bengaluru,South,1,32.09,173.33,51.23,18.47,1.55,12.41,25.9,53.0,1.68,149,Moderate,PM10
Patna,East,8,34.68,34.68,27.17,13.14,0.6,22.2,32.3,76.9,1.86,57,Satisfactory,PM2.5
Guwahati,Northeast,1,220.08,220.08,51.67,23.82,2.57,32.81,21.9,62.5,1.33,377,Very Poor,PM2.5
Chennai,South,4,73.17,73.17,32.84,13.74,0.93,42.18,31.7,62.5,4.05,142,Moderate,PM2.5
Hyderabad,South,7,18.99,25.75,24.03,13.25,0.71,35.95,28.3,87.1,2.08,36,Good,O3
Kolkata,East,4,62.89,79.48,26.3,15.35,1.08,26.18,35.2,56.7,4.7,108,Moderate,PM2.5
Delhi,North,5,50.0,72.24,11.41,15.16,0.38,38.32,34.3,55.8,1.79,83,Satisfactory,PM2.5
Bengaluru,South,4,41.07,67.2,38.71,6.4,0.78,52.92,27.3,74.2,2.56,68,Satisfactory,PM2.5
Ahmedabad,West,11,91.37,113.56,41.1,11.79,1.94,19.71,14.4,63.9,1.98,202,Poor,PM2.5
Guwahati,Northeast,1,148.68,259.12,68.6,11.59,1.43,25.73,16.5,46.6,1.12,322,Very Poor,PM2.5
Patna,East,2,199.84,243.83,62.14,4.38,2.26,38.88,24.7,60.1,1.64,362,Very Poor,PM2.5
Patna,East,10,35.14,67.43,27.46,18.57,0.67,19.92,27.7,65.7,2.01,67,Satisfactory,PM10
Patna,East,6,29.95,46.82,30.97,11.57,1.37,28.13,29.8,93.7,3.74,66,Satisfactory,CO
Delhi,North,10,25.49,69.67,33.96,14.13,1.5,31.65,26.0,50.9,4.12,73,Satisfactory,CO
Bengaluru,South,10,21.28,77.01,19.64,9.96,0.9,20.4,25.5,54.0,2.0,77,Satisfactory,PM10
Delhi,North,1,132.97,198.99,56.45,12.96,2.17,43.85,20.0,55.6,1.81,310,Very Poor,PM2.5
Chennai,South,10,45.79,75.83,19.42,16.03,0.89,40.18,29.7,55.0,4.2,76,Satisfactory,PM2.5
Guwahati,Northeast,6,33.93,33.93,32.16,14.05,1.2,25.24,20.6,75.4,2.55,57,Satisfactory,CO
Guwahati,Northeast,6,20.57,23.31,33.45,10.82,1.43,25.85,28.3,76.3,0.98,69,Satisfactory,CO
Hyderabad,South,10,56.87,90.32,25.54,5.01,1.07,31.52,29.5,57.8,0.91,95,Satisfactory,PM2.5
Guwahati,Northeast,5,44.86,108.44,28.24,11.78,1.01,34.48,29.1,59.2,1.77,106,Moderate,PM10
Patna,East,11,268.62,357.08,52.44,19.45,1.2,48.92,16.6,68.0,2.52,408,Severe,PM2.5
Chennai,South,5,68.11,69.98,23.23,14.52,0.63,48.33,28.2,61.4,4.3,125,Moderate,PM2.5
Hyderabad,South,11,61.19,138.33,27.75,7.97,1.39,34.61,19.2,56.3,2.77,126,Moderate,PM10
Mumbai,West,3,68.44,68.44,31.52,11.46,1.05,22.91,30.2,71.0,3.91,126,Moderate,PM2.5
Patna,East,2,135.63,502.28,33.72,16.23,1.76,27.47,18.6,47.9,1.64,443,Severe,PM10
Chennai,South,2,135.6,157.23,55.43,14.76,2.48,19.85,17.5,36.7,3.43,312,Very Poor,PM2.5
Delhi,North,11,104.25,389.1,37.65,10.36,1.66,41.39,15.4,54.3,1.83,349,Very Poor,PM10
Mumbai,West,10,54.54,93.98,23.34,20.1,0.87,25.95,31.0,55.0,3.16,94,Satisfactory,PM10
Ahmedabad,West,10,84.68,129.48,27.07,14.5,0.9,25.07,27.4,59.7,1.1,182,Moderate,PM2.5
Delhi,North,10,44.33,83.67,27.35,10.27,1.14,32.48,31.2,64.0,2.58,84,Satisfactory,PM10
Mumbai,West,3,13.81,124.78,30.3,22.49,0.67,18.61,28.1,62.9,3.18,117,Moderate,PM10
Kolkata,East,10,35.11,42.41,30.38,5.84,0.53,24.8,28.3,75.9,3.9,58,Satisfactory,PM2.5
Kolkata,East,3,55.3,84.92,49.05,5.65,0.79,25.18,29.7,52.2,3.66,92,Satisfactory,PM2.5
Delhi,North,8,26.01,42.64,40.92,11.76,1.04,21.81,24.1,92.1,1.89,43,Good,PM2.5
Ahmedabad,West,7,24.01,46.56,14.07,16.28,0.88,22.96,26.2,86.3,3.62,47,Good,PM10
Hyderabad,South,4,27.06,51.98,34.33,5.87,0.87,75.78,32.4,65.9,1.61,76,Satisfactory,O3
Chennai,South,4,57.53,70.02,37.86,12.69,1.86,36.05,32.2,53.6,4.07,96,Satisfactory,PM2.5
Lucknow,North,9,14.15,32.18,40.36,18.49,0.55,24.93,32.8,77.5,3.12,32,Good,PM10
Mumbai,West,12,39.81,89.02,44.78,18.26,2.14,34.89,17.9,61.8,2.74,102,Moderate,CO
Kolkata,East,1,216.67,418.62,48.63,10.74,2.27,40.36,16.7,44.0,2.14,386,Very Poor,PM10
Hyderabad,South,12,30.98,112.99,49.48,6.91,1.71,30.24,16.6,68.3,3.28,109,Moderate,PM10
Guwahati,Northeast,4,22.06,42.88,31.86,20.9,0.63,43.81,27.3,54.3,3.02,44,Good,O3
Chennai,South,12,38.01,71.59,20.84,14.29,1.89,32.98,15.3,60.0,3.59,94,Satisfactory,CO
Lucknow,North,5,42.53,61.6,29.61,19.76,1.21,38.77,32.6,51.2,3.62,70,Satisfactory,PM2.5
Lucknow,North,1,198.65,514.28,39.79,26.03,1.84,21.7,15.6,70.9,1.68,450,Severe,PM10
Lucknow,North,7,18.81,38.87,27.93,13.66,1.38,18.53,28.9,77.4,2.24,66,Satisfactory,CO
Patna,East,12,78.16,78.9,51.23,11.34,0.95,13.63,23.8,55.7,1.41,160,Moderate,PM2.5
Delhi,North,6,27.49,52.7,18.09,6.16,1.07,31.48,30.7,65.0,3.59,53,Satisfactory,PM10
Delhi,North,12,212.43,238.81,55.47,8.28,1.46,19.24,15.7,50.1,1.13,371,Very Poor,PM2.5
Mumbai,West,11,38.16,189.01,40.79,13.58,0.76,39.4,18.5,48.4,2.31,160,Moderate,PM10
Lucknow,North,3,5.0,57.58,27.0,11.37,1.58,25.16,30.0,74.5,3.55,77,Satisfactory,CO
Patna,East,4,24.77,93.61,41.82,14.62,1.23,74.66,33.5,51.2,2.86,94,Satisfactory,PM10
Hyderabad,South,9,18.49,49.98,27.44,13.6,0.81,29.34,27.6,65.1,2.31,50,Good,PM10
Patna,East,8,17.36,26.21,36.5,16.91,1.05,17.35,26.7,67.2,2.64,46,Good,NO2
Kolkata,East,4,60.63,87.35,38.57,13.25,0.84,53.01,33.7,55.8,3.22,87,Satisfactory,PM10
Patna,East,7,6.01,38.97,17.13,13.58,0.49,21.95,25.7,87.6,2.2,39,Good,PM10
Delhi,North,6,22.83,32.18,34.64,7.14,0.96,48.74,26.3,79.5,0.94,49,Good,O3
Delhi,North,3,52.24,68.93,33.16,14.04,0.54,36.53,23.3,53.9,3.06,87,Satisfactory,PM2.5
Bengaluru,South,10,29.19,79.89,29.31,15.16,1.22,24.61,30.0,70.6,4.8,80,Satisfactory,PM10
Chennai,South,3,47.48,65.61,15.74,10.67,0.93,27.08,28.8,48.4,2.6,79,Satisfactory,PM2.5
Kolkata,East,8,27.31,40.79,31.28,10.25,0.43,31.84,19.7,75.4,2.8,46,Good,PM2.5
Lucknow,North,11,281.6,420.87,62.87,7.56,2.52,33.2,15.2,52.3,1.94,413,Severe,PM2.5
Hyderabad,South,11,73.44,130.3,32.15,10.7,1.11,35.3,15.3,54.3,1.24,144,Moderate,PM2.5
Guwahati,Northeast,6,11.87,31.43,29.52,13.75,0.42,26.58,24.7,82.3,2.5,37,Good,NO2
Lucknow,North,10,33.27,116.08,17.22,10.08,0.93,25.89,24.7,45.5,2.03,111,Moderate,PM10
Guwahati,Northeast,9,32.15,57.81,27.57,5.26,1.1,19.76,25.4,73.0,2.24,58,Satisfactory,PM10
Patna,East,4,24.31,60.39,36.57,11.84,0.93,13.87,33.8,54.5,4.06,60,Satisfactory,PM10
Patna,East,4,36.15,37.99,46.27,15.86,1.13,64.92,31.7,70.8,2.26,65,Satisfactory,O3
Hyderabad,South,9,15.78,29.22,28.81,5.92,0.99,25.38,21.0,74.3,2.41,49,Good,CO
Chennai,South,9,22.27,49.37,32.37,9.34,0.88,25.08,28.5,78.5,2.1,49,Good,PM10
Mumbai,West,7,23.52,24.03,30.66,4.42,1.2,32.43,31.9,69.1,4.07,56,Satisfactory,CO
Ahmedabad,West,3,42.13,67.86,18.88,5.54,0.7,17.45,31.8,48.0,2.97,70,Satisfactory,PM2.5
Lucknow,North,11,180.02,308.34,61.63,9.86,1.64,25.53,21.9,68.8,0.73,346,Very Poor,PM2.5
Ahmedabad,West,5,53.96,101.07,44.44,15.54,1.28,62.92,35.4,67.0,1.36,101,Moderate,PM10
Patna,East,8,22.38,33.39,27.68,19.52,0.7,34.71,27.9,71.1,1.59,37,Good,PM2.5
Guwahati,Northeast,3,52.65,75.05,21.06,2.99,1.02,26.54,24.9,52.3,2.53,88,Satisfactory,PM2.5
Hyderabad,South,3,39.8,49.22,27.51,17.02,0.91,28.57,26.0,52.9,1.77,66,Satisfactory,PM2.5
Patna,East,6,28.62,39.2,28.69,13.42,0.99,21.83,26.0,74.2,5.61,50,Good,CO
Lucknow,North,7,21.44,48.53,38.41,5.37,0.84,27.86,28.8,76.2,2.69,48,Good,PM10
Chennai,South,2,95.7,95.7,41.85,3.15,1.11,30.66,19.0,49.5,4.06,217,Poor,PM2.5
Delhi,North,5,43.91,82.25,24.2,15.01,0.58,64.63,34.4,50.4,1.92,82,Satisfactory,PM10
Hyderabad,South,4,39.67,89.0,24.98,19.32,0.9,72.5,32.8,49.2,5.14,89,Satisfactory,PM10
Chennai,South,6,22.94,41.1,18.01,3.34,0.89,39.58,28.2,91.7,4.28,44,Good,CO
Kolkata,East,7,28.64,50.15,27.33,10.97,0.94,7.74,27.8,83.8,2.96,48,Good,PM2.5
Ahmedabad,West,10,44.32,44.32,41.97,10.23,0.73,39.41,29.9,62.2,3.66,74,Satisfactory,PM2.5
Mumbai,West,7,19.68,47.8,22.31,7.21,0.92,28.86,28.9,67.0,0.28,48,Good,PM10
Patna,East,4,27.94,62.5,9.66,16.91,0.99,45.91,31.9,43.5,1.7,62,Satisfactory,PM10
Patna,East,10,33.21,70.27,30.07,16.83,0.5,27.93,29.1,52.6,2.58,70,Satisfactory,PM10
Guwahati,Northeast,5,45.18,91.97,28.8,10.5,0.58,45.11,31.3,52.1,3.45,92,Satisfactory,PM10
Lucknow,North,3,34.6,59.8,21.58,3.94,1.44,24.23,24.4,51.0,2.37,70,Satisfactory,CO
Ahmedabad,West,6,30.44,30.44,15.08,14.65,0.87,26.13,28.7,79.1,2.75,44,Good,CO
Chennai,South,1,29.13,93.99,32.39,13.29,0.74,24.24,17.5,51.7,3.25,94,Satisfactory,PM10
Patna,East,9,15.52,47.28,25.31,18.81,0.81,27.86,26.6,79.8,2.33,47,Good,PM10
Delhi,North,7,31.1,45.26,36.87,5.56,0.58,29.83,29.3,73.8,2.02,51,Satisfactory,PM2.5
Bengaluru,South,3,55.8,100.78,24.29,9.5,1.16,25.79,25.2,52.7,2.23,93,Satisfactory,PM2.5
Kolkata,East,8,26.11,43.46,15.32,15.02,0.71,26.23,26.6,76.2,2.48,44,Good,PM2.5
Bengaluru,South,6,16.2,48.05,28.21,11.4,0.73,24.57,25.1,84.1,1.96,48,Good,PM10
Bengaluru,South,8,20.66,31.54,23.08,16.38,0.16,41.24,30.2,73.0,2.3,41,Good,O3
Lucknow,North,5,53.37,61.95,14.42,22.15,1.16,43.98,31.5,65.0,3.63,89,Satisfactory,PM2.5
Mumbai,West,3,39.47,66.06,26.64,15.7,0.42,16.67,25.0,61.2,3.73,66,Satisfactory,PM10
Guwahati,Northeast,2,143.96,339.77,58.23,14.6,1.59,24.64,14.8,42.9,1.59,319,Very Poor,PM2.5
Lucknow,North,11,136.73,326.25,45.11,7.62,1.47,34.89,14.9,53.7,1.37,313,Very Poor,PM2.5
Guwahati,Northeast,2,143.57,143.75,49.58,5.45,2.11,27.23,16.3,61.3,0.82,318,Very Poor,PM2.5
Hyderabad,South,6,7.29,47.95,43.73,3.97,0.68,28.59,25.5,77.7,2.67,54,Satisfactory,NO2
Ahmedabad,West,7,13.44,36.41,18.62,10.02,0.43,24.6,25.3,85.5,2.73,36,Good,PM10
Delhi,North,1,158.74,158.74,19.24,10.47,1.73,26.03,15.4,50.1,1.22,330,Very Poor,PM2.5
Kolkata,East,12,200.49,226.84,47.28,13.33,1.8,41.88,17.9,61.3,0.75,362,Very Poor,PM2.5
Delhi,North,5,11.36,79.97,33.44,1.2,0.95,49.61,32.6,50.4,3.67,80,Satisfactory,PM10
Bengaluru,South,5,54.31,73.61,31.2,17.32,0.84,45.58,34.7,58.9,1.54,90,Satisfactory,PM2.5
Mumbai,West,5,67.6,106.08,34.01,1.2,0.73,34.63,31.1,73.5,1.59,124,Moderate,PM2.5
Ahmedabad,West,6,17.54,26.5,35.1,16.44,1.08,21.54,28.5,69.7,1.91,44,Good,NO2
Patna,East,5,32.09,100.66,23.14,10.94,0.66,55.07,29.0,69.1,4.0,55,Satisfactory,O3
Hyderabad,South,10,45.47,65.63,32.58,11.07,0.79,28.39,22.3,59.4,3.53,75,Satisfactory,PM2.5
Chennai,South,8,26.99,30.53,24.14,6.64,0.79,44.51,27.8,73.3,1.67,45,Good,PM2.5
Guwahati,Northeast,8,14.36,42.27,24.41,7.4,0.67,33.46,26.8,73.0,2.45,42,Good,PM10
Chennai,South,11,99.88,171.43,22.77,11.27,1.29,32.57,21.2,54.6,1.82,231,Poor,PM2.5
Delhi,North,6,24.65,41.86,29.18,12.62,0.91,30.26,29.1,83.0,2.83,46,Good,CO
Mumbai,West,11,67.86,91.14,36.58,14.61,1.26,34.84,17.8,58.6,3.51,124,Moderate,PM2.5
Guwahati,Northeast,6,16.87,38.65,34.2,4.55,1.36,47.03,29.8,84.4,3.46,65,Satisfactory,CO
Guwahati,Northeast,1,153.83,350.7,33.99,6.91,1.41,33.51,15.4,50.2,1.34,326,Very Poor,PM2.5
Chennai,South,11,10.23,82.35,51.76,14.33,1.84,33.12,16.1,45.3,3.22,91,Satisfactory,CO
Bengaluru,South,8,26.68,38.36,38.78,9.77,1.19,45.09,27.2,82.0,1.76,56,Satisfactory,CO
Kolkata,East,10,62.78,65.15,32.92,13.35,1.01,34.82,28.6,58.9,3.73,107,Moderate,PM2.5
Patna,East,1,128.97,271.85,22.53,14.8,2.19,25.84,18.4,50.2,1.19,307,Very Poor,PM2.5
Patna,East,7,14.69,32.0,20.4,14.83,0.96,24.38,27.1,76.2,4.08,48,Good,CO
Mumbai,West,8,24.75,27.14,34.84,16.98,1.19,40.36,27.9,87.9,4.62,56,Satisfactory,CO
Patna,East,2,126.22,149.95,63.28,4.76,0.75,18.78,12.8,54.2,0.79,305,Very Poor,PM2.5
Mumbai,West,6,19.95,34.6,12.29,8.57,0.88,25.0,26.0,87.4,5.2,44,Good,CO
Guwahati,Northeast,2,85.97,252.86,50.8,11.74,1.89,46.58,12.9,47.9,2.26,203,Poor,PM10
Guwahati,Northeast,9,25.85,40.94,38.39,21.18,0.99,13.34,24.9,95.5,1.22,50,Good,CO
Patna,East,10,5.4,45.49,35.45,12.17,0.8,21.16,21.0,65.5,2.48,46,Good,PM10
Hyderabad,South,9,20.46,40.43,26.31,12.56,0.91,22.06,27.2,83.9,3.96,46,Good,CO
Bengaluru,South,3,34.37,91.1,31.91,8.59,0.77,33.71,31.1,45.5,4.64,91,Satisfactory,PM10
Lucknow,North,9,21.66,31.94,31.28,8.93,0.85,15.61,21.8,96.7,2.87,43,Good,CO
Kolkata,East,10,44.52,57.5,25.42,12.44,0.85,21.68,28.4,61.5,3.24,74,Satisfactory,PM2.5
Mumbai,West,4,42.31,72.62,40.45,7.47,0.39,49.0,29.1,51.4,3.79,73,Satisfactory,PM10
Kolkata,East,10,25.1,120.91,14.47,11.58,0.39,30.27,25.1,66.6,2.78,114,Moderate,PM10
Kolkata,East,1,135.94,141.07,51.42,10.79,0.73,19.13,15.8,64.4,1.8,312,Very Poor,PM2.5
Delhi,North,5,52.42,52.42,23.25,13.92,0.94,35.2,30.9,62.7,2.79,87,Satisfactory,PM2.5
Ahmedabad,West,9,22.51,39.7,42.39,15.97,1.37,22.36,22.2,76.9,2.55,66,Satisfactory,CO
Kolkata,East,11,96.72,265.56,53.83,12.48,1.52,31.01,21.2,64.3,1.42,220,Poor,PM2.5
Mumbai,West,2,107.6,107.6,73.78,18.45,2.31,33.76,11.7,43.7,3.14,258,Poor,PM2.5
Chennai,South,5,40.03,90.56,26.57,6.15,1.14,48.49,30.3,65.7,2.91,91,Satisfactory,PM10
Patna,East,5,47.38,106.88,12.26,14.2,0.79,31.18,34.5,67.1,0.55,105,Moderate,PM10
Kolkata,East,1,193.27,213.0,35.97,4.37,1.44,26.51,20.4,54.2,0.81,356,Very Poor,PM2.5
Kolkata,East,10,41.0,55.05,14.65,15.0,1.02,32.68,24.8,61.4,1.26,68,Satisfactory,PM2.5
Guwahati,Northeast,2,161.89,293.41,24.55,6.92,1.42,36.05,15.6,53.1,1.54,332,Very Poor,PM2.5
Guwahati,Northeast,10,49.22,49.22,22.49,18.88,1.31,35.08,30.3,45.4,1.74,82,Satisfactory,PM2.5
Hyderabad,South,10,83.05,83.05,34.26,13.82,1.0,27.8,23.4,38.4,4.24,176,Moderate,PM2.5
Kolkata,East,8,7.02,38.95,31.52,15.69,1.2,20.28,24.4,75.5,3.72,56,Satisfactory,CO
Kolkata,East,3,47.02,97.89,35.48,15.4,1.19,5.0,31.8,62.6,4.29,98,Satisfactory,PM10
Kolkata,East,6,7.82,52.87,20.22,10.51,1.04,34.49,30.2,79.8,1.62,53,Satisfactory,PM10
Mumbai,West,10,56.38,56.38,39.92,1.2,1.18,22.67,29.1,64.1,2.76,94,Satisfactory,PM2.5
Guwahati,Northeast,7,19.64,41.8,46.36,5.56,0.1,24.51,25.5,75.0,1.76,58,Satisfactory,NO2
Chennai,South,7,10.46,39.08,33.36,13.52,1.03,35.97,27.2,75.2,3.34,42,Good,NO2
Lucknow,North,4,59.01,59.01,26.46,6.89,1.05,51.16,30.2,54.2,3.47,98,Satisfactory,PM2.5
Ahmedabad,West,11,104.95,182.29,62.41,13.12,2.48,30.02,16.6,46.6,2.01,249,Poor,PM2.5
Ahmedabad,West,1,81.35,81.35,41.54,13.02,1.91,27.78,18.7,42.1,1.78,170,Moderate,PM2.5
Patna,East,11,188.59,290.87,35.78,10.86,2.33,32.57,17.5,43.8,1.0,353,Very Poor,PM2.5
Bengaluru,South,4,49.35,89.48,31.26,10.22,0.76,67.79,29.3,49.7,0.96,90,Satisfactory,PM10
Hyderabad,South,5,59.8,63.28,40.41,11.97,1.2,32.45,28.8,60.7,3.34,100,Satisfactory,PM2.5
Guwahati,Northeast,7,22.32,40.5,16.07,10.36,0.76,24.05,28.2,74.0,0.55,40,Good,PM10
Lucknow,North,10,28.24,87.89,34.77,1.56,0.69,30.97,22.8,66.3,3.98,88,Satisfactory,PM10
Mumbai,West,10,32.81,32.81,34.84,21.61,1.38,26.36,23.7,66.7,2.66,66,Satisfactory,CO
Hyderabad,South,10,49.77,78.63,36.64,17.12,0.76,20.25,19.5,57.2,1.58,83,Satisfactory,PM2.5
Kolkata,East,3,39.71,71.28,34.82,13.91,0.87,42.17,29.2,56.7,2.38,71,Satisfactory,PM10
Guwahati,Northeast,8,21.69,22.85,35.52,18.03,1.22,40.96,33.2,91.8,3.18,58,Satisfactory,CO
Bengaluru,South,9,7.28,34.54,32.36,12.21,0.39,25.59,28.9,69.8,2.99,40,Good,NO2
Hyderabad,South,6,28.17,52.11,24.83,12.88,0.96,33.45,28.6,89.4,0.28,52,Satisfactory,PM10
Patna,East,3,52.68,71.1,8.98,11.71,0.71,42.09,28.1,53.6,0.5,88,Satisfactory,PM2.5
Delhi,North,10,55.96,71.55,33.07,10.33,1.19,36.34,22.1,48.8,5.08,93,Satisfactory,PM2.5
Patna,East,10,25.12,40.46,29.75,6.52,0.81,27.6,26.7,69.0,4.85,42,Good,PM2.5
Hyderabad,South,1,42.3,132.88,71.49,10.06,2.01,20.97,18.1,42.7,2.81,122,Moderate,PM10
Delhi,North,11,194.05,417.09,42.4,2.4,1.5,30.51,18.6,50.7,2.23,384,Very Poor,PM10
Guwahati,Northeast,11,154.13,208.54,22.85,13.58,1.72,19.1,17.9,50.8,1.05,326,Very Poor,PM2.5
Guwahati,Northeast,12,182.68,253.57,39.49,7.86,1.54,35.77,18.6,50.1,1.57,348,Very Poor,PM2.5
Bengaluru,South,3,52.72,82.47,33.36,11.24,0.95,23.89,22.3,62.7,3.19,88,Satisfactory,PM2.5
Lucknow,North,7,27.59,27.59,13.12,8.65,0.48,30.84,24.7,85.9,3.88,46,Good,PM2.5
Patna,East,3,32.27,88.77,36.23,2.34,0.98,9.54,25.4,68.7,6.17,89,Satisfactory,PM10
Hyderabad,South,1,39.45,100.67,48.95,8.78,1.16,24.41,19.2,50.6,1.81,65,Satisfactory,PM2.5
Chennai,South,3,38.48,53.56,22.06,15.09,0.84,13.27,30.1,63.3,1.25,64,Satisfactory,PM2.5
Bengaluru,South,10,32.52,92.03,24.88,11.65,0.85,15.57,31.2,65.3,1.96,92,Satisfactory,PM10
Chennai,South,1,93.87,120.99,70.42,26.01,1.54,23.11,15.0,34.3,4.2,211,Poor,PM2.5
Chennai,South,1,91.45,157.43,32.43,7.53,2.44,27.41,16.0,43.6,2.64,202,Poor,PM2.5
Hyderabad,South,3,55.8,80.67,41.34,18.7,0.99,51.32,26.3,68.8,2.36,93,Satisfactory,PM2.5
Mumbai,West,12,63.91,135.47,82.42,16.57,1.83,21.49,18.6,43.9,3.79,124,Moderate,PM10
Mumbai,West,6,18.98,51.61,40.79,12.72,1.05,23.06,26.2,69.4,2.26,52,Satisfactory,PM10
Bengaluru,South,1,29.32,139.59,62.72,11.96,0.31,25.87,13.8,47.1,4.43,127,Moderate,PM10
Delhi,North,3,32.14,95.54,22.1,8.26,1.45,31.18,29.8,64.0,2.98,96,Satisfactory,PM10
Bengaluru,South,3,75.01,75.01,27.7,11.79,0.78,36.24,27.8,75.4,4.03,149,Moderate,PM2.5
Chennai,South,9,11.75,26.1,21.92,18.35,0.64,20.12,23.6,99.0,2.64,32,Good,CO
Mumbai,West,6,12.17,44.33,13.1,7.3,0.7,29.84,24.6,90.2,3.36,44,Good,PM10
Ahmedabad,West,10,60.71,67.47,23.04,16.3,0.24,34.17,24.9,54.3,4.99,68,Satisfactory,PM10
Ahmedabad,West,2,93.42,128.97,53.52,10.8,1.45,40.84,20.8,48.0,1.63,209,Poor,PM2.5
Delhi,North,9,27.21,46.6,32.66,4.24,1.1,38.95,27.5,93.8,1.32,51,Satisfactory,CO
Ahmedabad,West,6,13.02,45.36,33.15,20.65,1.03,24.61,25.5,76.0,2.23,45,Good,PM10
Ahmedabad,West,3,65.09,65.09,28.32,12.3,0.69,31.68,31.4,67.1,4.31,115,Moderate,PM2.5
Kolkata,East,11,162.04,209.52,51.45,13.58,2.06,39.03,20.1,45.1,0.64,332,Very Poor,PM2.5
Guwahati,Northeast,4,68.63,75.93,15.17,22.01,1.03,44.16,27.5,60.1,3.57,127,Moderate,PM2.5
Delhi,North,4,34.29,75.19,22.83,19.99,1.14,35.39,27.5,62.2,2.25,75,Satisfactory,PM10
Patna,East,1,96.43,189.47,50.34,10.72,2.8,32.99,14.5,39.7,1.62,220,Poor,PM2.5
Mumbai,West,11,102.62,129.06,19.45,7.11,1.28,31.71,14.8,53.2,1.3,241,Poor,PM2.5
Mumbai,West,1,79.07,171.18,51.54,8.08,2.32,26.46,20.3,47.1,2.9,163,Moderate,PM2.5
Lucknow,North,2,178.05,337.59,40.87,9.36,1.77,21.07,13.4,54.8,1.34,345,Very Poor,PM2.5
Lucknow,North,2,189.18,325.92,45.68,6.61,1.29,32.91,18.4,47.6,0.96,353,Very Poor,PM2.5
Mumbai,West,4,41.51,93.77,35.39,10.5,1.16,43.74,31.8,42.5,1.71,94,Satisfactory,PM10
Kolkata,East,7,17.99,35.61,29.3,13.37,0.72,33.81,32.4,75.2,2.06,37,Good,NO2
Hyderabad,South,10,46.35,64.43,13.47,5.01,1.18,38.77,31.8,61.8,1.69,77,Satisfactory,PM2.5
Lucknow,North,8,9.68,18.63,30.14,14.59,1.43,27.3,22.9,77.0,2.48,69,Satisfactory,CO
Kolkata,East,8,22.69,22.69,29.1,15.13,1.28,30.61,30.1,74.4,2.46,61,Satisfactory,CO
Ahmedabad,West,5,23.4,67.25,37.48,10.99,0.82,38.66,31.4,68.7,3.84,67,Satisfactory,PM10
Kolkata,East,10,62.21,84.34,35.22,7.06,1.37,29.85,18.8,73.3,2.81,105,Moderate,PM2.5
Ahmedabad,West,3,35.46,86.59,20.54,9.23,0.75,25.55,25.5,66.8,3.1,87,Satisfactory,PM10
Kolkata,East,9,24.58,33.46,19.43,20.66,1.15,41.55,30.1,74.3,0.28,54,Satisfactory,CO
Delhi,North,10,55.03,74.16,24.47,1.2,0.9,18.91,24.8,66.8,1.65,92,Satisfactory,PM2.5
Bengaluru,South,7,21.57,43.43,24.62,19.04,0.55,15.79,22.4,64.8,3.18,43,Good,PM10
Patna,East,1,81.03,302.99,59.86,17.04,2.02,20.29,18.8,56.0,1.13,253,Poor,PM10
Guwahati,Northeast,11,89.91,220.79,53.35,19.24,2.15,33.55,18.2,51.4,0.59,200,Moderate,PM2.5
Patna,East,10,32.36,89.69,35.94,15.54,1.22,28.61,24.1,59.6,1.99,90,Satisfactory,PM10
Hyderabad,South,4,39.34,74.24,33.83,8.44,1.16,25.02,31.9,59.3,3.73,74,Satisfactory,PM10
Bengaluru,South,9,9.4,42.17,24.72,11.56,0.72,35.67,27.9,79.9,1.49,42,Good,PM10
Lucknow,North,2,104.44,218.26,28.34,11.25,2.11,29.9,16.7,52.9,1.46,247,Poor,PM2.5
Mumbai,West,10,47.79,52.63,28.89,3.57,1.06,18.74,30.5,40.4,4.68,79,Satisfactory,PM2.5
Lucknow,North,9,11.75,37.51,33.2,10.64,1.14,21.31,25.8,75.6,2.2,53,Satisfactory,CO
Ahmedabad,West,11,69.4,114.89,63.53,5.83,1.29,38.11,18.9,56.4,3.31,130,Moderate,PM2.5
Chennai,South,4,73.68,78.6,19.5,15.07,0.75,40.61,32.1,53.4,2.23,144,Moderate,PM2.5
Ahmedabad,West,3,36.36,98.84,19.72,7.25,1.41,15.15,26.9,74.8,2.77,99,Satisfactory,PM10
Kolkata,East,11,196.54,271.41,46.12,1.83,1.45,29.95,18.7,71.7,1.56,359,Very Poor,PM2.5
Delhi,North,10,63.35,88.9,27.28,11.61,0.81,31.73,26.5,65.0,1.67,109,Moderate,PM2.5
Patna,East,8,31.25,32.11,43.48,12.79,0.88,28.98,26.1,62.2,3.79,54,Satisfactory,NO2
Lucknow,North,2,186.9,316.17,45.37,17.56,1.58,30.24,13.3,47.8,1.61,352,Very Poor,PM2.5
Delhi,North,6,26.88,26.88,15.59,14.8,0.7,35.51,22.1,77.2,2.76,45,Good,PM2.5
Chennai,South,6,12.94,14.11,29.44,14.53,1.17,24.99,29.3,81.9,4.28,55,Satisfactory,CO
Mumbai,West,8,7.99,33.73,28.74,14.49,0.49,25.38,29.6,77.2,2.46,36,Good,NO2
Lucknow,North,9,12.67,47.16,36.58,10.92,0.89,27.69,27.5,73.2,2.32,47,Good,PM10
Delhi,North,9,17.96,31.22,9.18,12.47,0.76,12.32,25.9,75.0,4.23,38,Good,CO
Patna,East,4,55.52,108.24,22.72,11.77,1.37,44.89,32.1,56.7,3.57,106,Moderate,PM10
Bengaluru,South,8,7.26,30.76,18.06,12.54,0.65,32.02,27.1,68.0,2.25,33,Good,CO
Kolkata,East,6,28.39,28.39,18.78,21.36,0.9,28.77,24.8,79.7,4.72,47,Good,PM2.5
Chennai,South,6,27.8,34.72,19.38,8.72,0.6,29.83,30.7,79.3,2.46,46,Good,PM2.5
Bengaluru,South,10,50.6,50.6,18.47,16.32,0.83,25.5,26.5,65.8,2.99,84,Satisfactory,PM2.5
Mumbai,West,12,52.68,112.03,52.35,11.83,1.54,28.39,17.9,45.8,4.04,108,Moderate,PM10
Guwahati,Northeast,12,167.24,167.24,44.9,6.72,1.13,48.35,18.7,61.8,1.88,336,Very Poor,PM2.5
Guwahati,Northeast,6,18.84,51.02,35.11,12.2,0.97,26.85,27.2,77.7,3.23,51,Satisfactory,PM10
Mumbai,West,6,11.71,46.22,24.91,18.09,0.81,31.47,26.5,64.2,4.75,46,Good,PM10
Chennai,South,6,20.84,23.56,16.77,11.02,0.74,18.18,26.9,66.1,2.94,37,Good,CO
Mumbai,West,4,5.93,64.49,31.93,6.89,1.04,47.45,27.9,59.9,3.72,64,Satisfactory,PM10
Bengaluru,South,5,41.76,102.9,20.8,14.2,0.61,39.97,32.3,40.8,2.2,102,Moderate,PM10
Kolkata,East,10,48.56,64.51,18.72,15.02,0.81,32.58,28.1,56.4,4.0,81,Satisfactory,PM2.5
Guwahati,Northeast,6,28.69,48.07,36.82,11.13,1.59,29.28,27.7,77.8,1.53,78,Satisfactory,CO
Hyderabad,South,12,55.98,151.83,64.7,14.9,1.27,25.13,10.0,51.1,3.7,135,Moderate,PM10
Bengaluru,South,11,55.54,108.37,65.5,11.74,2.49,23.21,18.7,48.5,5.12,106,Moderate,PM10
Bengaluru,South,4,78.52,78.52,40.83,12.57,1.13,26.63,32.0,51.4,3.09,161,Moderate,PM2.5
Patna,East,6,19.58,45.74,32.6,6.08,0.39,32.17,31.7,70.3,5.15,46,Good,PM10
Delhi,North,10,14.15,40.68,34.47,12.62,1.3,17.94,27.4,60.1,2.64,62,Satisfactory,CO
Hyderabad,South,4,39.29,80.51,30.54,13.21,1.23,26.86,25.6,68.1,1.74,80,Satisfactory,PM10
Kolkata,East,9,15.91,27.88,15.75,9.27,1.08,27.97,28.5,74.0,3.81,28,Good,O3
Delhi,North,6,5.31,37.69,34.45,9.32,1.22,20.85,29.0,92.0,2.84,58,Satisfactory,CO
Bengaluru,South,1,67.41,177.13,53.8,22.29,1.73,22.51,16.2,52.5,0.51,152,Moderate,PM10
Hyderabad,South,1,58.91,127.56,75.96,12.26,0.68,20.32,18.8,52.7,4.62,119,Moderate,PM10
Mumbai,West,6,26.84,32.18,37.23,7.7,1.16,25.63,22.7,82.7,4.37,54,Satisfactory,CO
Ahmedabad,West,12,108.29,108.29,30.77,11.3,1.42,22.4,18.4,47.8,2.4,260,Poor,PM2.5
Guwahati,Northeast,8,15.52,33.33,22.58,6.21,1.11,42.35,30.2,80.7,2.08,51,Satisfactory,CO
Chennai,South,12,95.9,95.9,42.77,15.52,1.05,31.56,19.1,40.4,2.9,218,Poor,PM2.5
Bengaluru,South,12,80.19,142.91,53.74,12.35,1.74,18.12,17.9,45.6,3.96,166,Moderate,PM2.5
Delhi,North,9,25.07,52.12,25.23,9.36,0.8,14.54,22.4,83.0,1.24,52,Satisfactory,PM10
Guwahati,Northeast,5,43.4,67.04,35.44,12.29,0.68,54.24,33.2,48.7,3.08,72,Satisfactory,PM2.5
Guwahati,Northeast,5,33.32,119.41,29.04,10.96,0.92,53.02,28.9,55.8,3.54,113,Moderate,PM10
Delhi,North,5,60.6,60.6,25.94,4.33,0.61,58.35,34.1,69.2,1.18,61,Satisfactory,PM10
Kolkata,East,1,179.03,330.37,36.49,9.22,1.06,41.93,16.6,52.3,1.45,346,Very Poor,PM2.5
Guwahati,Northeast,6,13.5,46.49,17.26,17.6,0.44,27.12,31.9,83.6,3.27,46,Good,PM10
Mumbai,West,6,15.04,48.31,31.97,16.27,0.92,25.63,29.3,80.1,2.61,48,Good,PM10
Chennai,South,9,27.01,38.97,22.91,17.66,0.97,30.21,29.7,83.3,3.13,48,Good,CO
Guwahati,Northeast,7,34.31,34.31,34.27,11.6,1.02,38.36,26.1,82.8,3.1,57,Satisfactory,PM2.5
Guwahati,Northeast,6,29.17,41.77,24.35,17.3,0.68,27.76,25.7,84.0,2.26,49,Good,PM2.5
Chennai,South,9,24.46,30.55,43.37,8.42,0.52,35.19,20.6,89.9,2.91,54,Satisfactory,NO2
Mumbai,West,7,13.53,17.55,31.22,5.63,1.04,25.44,25.6,82.1,3.5,39,Good,NO2
Lucknow,North,5,35.02,75.82,22.66,12.78,0.69,36.66,29.7,62.3,2.8,76,Satisfactory,PM10
Kolkata,East,12,154.01,224.69,50.75,7.6,1.87,25.6,18.6,53.8,2.3,326,Very Poor,PM2.5
Kolkata,East,11,164.1,215.5,59.55,10.7,0.87,26.36,18.6,45.5,1.33,334,Very Poor,PM2.5
Guwahati,Northeast,10,41.74,75.22,38.37,5.7,1.45,27.72,28.7,61.0,0.87,75,Satisfactory,PM10
Hyderabad,South,2,57.16,154.48,28.07,7.89,1.68,31.97,19.3,44.1,1.01,136,Moderate,PM10
Patna,East,2,240.25,243.82,31.52,9.94,1.79,26.04,22.2,59.4,1.5,392,Very Poor,PM2.5
Lucknow,North,6,15.34,28.77,21.73,12.92,0.96,13.94,29.4,78.1,3.2,48,Good,CO
Mumbai,West,7,14.81,47.43,26.81,19.26,0.66,40.08,24.3,98.4,1.73,47,Good,PM10
Hyderabad,South,9,17.68,41.81,27.66,6.76,0.14,49.06,27.2,54.5,3.14,49,Good,O3
Kolkata,East,8,15.18,27.11,27.83,17.77,0.93,40.29,30.4,76.2,1.04,46,Good,CO
Bengaluru,South,8,10.7,32.08,32.42,12.29,1.07,35.25,28.6,75.8,3.38,40,Good,NO2
Chennai,South,12,33.5,136.4,74.38,6.36,2.08,37.53,13.6,57.7,2.5,124,Moderate,PM10
Patna,East,5,39.88,106.63,27.06,9.78,0.78,37.7,27.8,56.2,2.93,105,Moderate,PM10
Ahmedabad,West,11,99.5,127.6,41.17,7.15,1.74,27.01,17.7,54.1,3.38,230,Poor,PM2.5
Hyderabad,South,7,19.04,26.15,22.85,16.07,0.79,16.69,30.5,70.5,2.84,39,Good,CO
Bengaluru,South,12,70.08,70.08,53.62,18.37,1.98,10.16,24.4,41.4,1.59,132,Moderate,PM2.5
Guwahati,Northeast,4,52.13,78.34,23.22,18.39,0.89,22.27,34.7,61.8,4.05,87,Satisfactory,PM2.5
Mumbai,West,9,37.2,37.2,28.14,15.46,0.82,34.74,18.2,77.4,2.68,62,Satisfactory,PM2.5
Guwahati,Northeast,8,14.03,43.78,23.76,12.96,0.89,32.2,31.3,79.6,3.74,44,Good,CO
Guwahati,Northeast,4,37.03,73.25,25.62,14.73,0.93,31.99,30.3,47.8,2.59,73,Satisfactory,PM10
Lucknow,North,1,261.27,382.03,33.11,12.97,1.71,26.06,17.5,49.2,2.45,405,Severe,PM2.5
Chennai,South,12,78.35,78.35,59.86,17.68,1.1,23.7,19.4,52.2,3.32,160,Moderate,PM2.5
Hyderabad,South,7,15.69,31.46,43.65,8.79,1.63,38.43,29.5,69.7,3.82,80,Satisfactory,CO
Guwahati,Northeast,10,11.62,44.26,31.0,11.36,0.76,37.06,24.3,56.4,2.08,44,Good,PM10
Mumbai,West,12,27.87,101.23,23.19,10.5,1.95,34.22,15.8,56.3,2.59,101,Moderate,PM10
Kolkata,East,12,152.72,152.72,60.88,9.8,1.47,30.82,13.7,52.6,1.7,325,Very Poor,PM2.5
Patna,East,12,126.46,352.94,33.64,9.0,1.53,30.48,17.0,61.8,1.57,305,Very Poor,PM2.5
Patna,East,11,174.57,331.81,51.47,3.31,2.12,29.01,20.1,48.8,0.38,342,Very Poor,PM2.5
Kolkata,East,5,30.13,88.37,38.9,13.45,0.62,32.12,35.1,49.5,5.15,88,Satisfactory,PM10
Bengaluru,South,11,122.3,132.59,43.08,13.71,2.04,22.53,14.7,49.7,1.94,302,Very Poor,PM2.5
Ahmedabad,West,6,15.88,35.41,36.26,18.14,0.96,31.23,23.9,86.2,4.22,48,Good,CO
Mumbai,West,10,72.77,72.77,32.99,12.37,0.88,26.27,24.0,64.2,2.48,141,Moderate,PM2.5
Guwahati,Northeast,3,28.7,46.84,23.59,14.33,0.71,36.19,26.6,57.7,2.82,48,Good,PM2.5
Delhi,North,6,10.53,51.53,36.07,11.9,1.22,25.29,27.9,73.7,3.88,58,Satisfactory,CO
Hyderabad,South,12,68.74,143.25,63.09,8.06,1.96,19.75,11.5,46.0,3.73,129,Moderate,PM10
Kolkata,East,2,130.04,276.53,48.32,14.99,0.83,27.14,18.4,41.1,0.63,308,Very Poor,PM2.5
Kolkata,East,2,160.48,272.98,39.99,9.13,1.41,30.51,21.7,34.2,1.75,331,Very Poor,PM2.5
Bengaluru,South,10,53.28,103.71,21.66,16.53,0.56,29.07,26.3,60.4,1.69,103,Moderate,PM10
Chennai,South,1,108.86,108.86,50.73,16.11,1.46,39.43,16.7,51.1,1.69,262,Poor,PM2.5
Bengaluru,South,7,20.27,40.99,22.66,8.73,1.02,39.74,28.9,92.8,3.42,41,Good,PM10
Kolkata,East,11,198.04,393.43,65.82,6.79,1.98,30.23,17.4,37.8,0.54,360,Very Poor,PM2.5
Chennai,South,4,21.93,68.61,34.0,9.21,0.92,28.52,31.9,64.1,1.21,69,Satisfactory,PM10
Guwahati,Northeast,6,11.27,39.68,29.38,11.76,0.87,30.71,28.0,74.0,2.09,43,Good,CO
Guwahati,Northeast,5,42.01,123.79,24.78,13.39,1.03,59.65,28.6,70.7,2.63,116,Moderate,PM10
Mumbai,West,8,22.82,22.82,26.34,18.41,0.92,27.5,29.2,75.2,2.56,46,Good,CO
Patna,East,3,72.23,72.23,29.42,14.3,0.9,17.47,24.0,64.2,1.93,139,Moderate,PM2.5
Guwahati,Northeast,2,181.67,200.8,57.09,11.03,1.48,28.44,14.6,45.4,1.25,348,Very Poor,PM2.5
Lucknow,North,7,25.31,31.25,15.82,9.32,0.93,24.25,28.2,82.6,5.49,46,Good,CO
Ahmedabad,West,8,8.65,30.7,25.76,14.76,0.65,23.54,23.3,73.2,2.17,32,Good,CO
Ahmedabad,West,11,40.93,154.06,54.8,5.05,1.61,14.85,22.0,64.9,2.74,136,Moderate,PM10
Hyderabad,South,8,15.54,29.74,27.1,18.58,1.16,36.16,27.5,68.8,1.94,54,Satisfactory,CO
Mumbai,West,11,40.57,129.85,59.59,14.62,1.84,12.32,22.0,39.5,2.63,120,Moderate,PM10
Guwahati,Northeast,4,50.65,50.65,18.77,13.38,1.04,28.05,32.2,47.9,3.5,84,Satisfactory,PM2.5
Hyderabad,South,7,20.82,33.52,37.75,13.16,0.74,31.02,33.4,83.9,2.73,47,Good,NO2
Kolkata,East,9,15.88,41.45,20.56,12.01,1.29,29.26,23.8,95.4,4.77,61,Satisfactory,CO
Kolkata,East,7,29.29,31.67,34.09,9.97,0.53,49.77,22.8,80.4,3.12,50,Good,O3
Guwahati,Northeast,6,19.61,33.61,29.16,14.3,0.9,27.43,23.0,94.1,3.4,45,Good,CO
Guwahati,Northeast,10,35.16,53.47,35.22,11.23,1.07,16.64,31.6,67.2,2.71,58,Satisfactory,PM2.5
Guwahati,Northeast,2,201.5,201.5,72.16,14.32,1.26,18.79,21.0,53.7,1.67,363,Very Poor,PM2.5
Patna,East,5,29.21,88.17,26.34,11.9,1.54,52.95,33.8,81.8,3.23,88,Satisfactory,PM10
Delhi,North,10,34.3,66.11,10.8,15.79,0.56,35.58,26.9,61.0,2.75,66,Satisfactory,PM10
Chennai,South,5,64.05,75.84,20.45,16.43,0.64,22.41,32.5,69.7,2.35,111,Moderate,PM2.5
Chennai,South,1,59.82,144.78,63.77,10.74,1.11,15.76,20.8,42.9,3.22,130,Moderate,PM10
Chennai,South,7,16.7,32.71,36.39,8.12,0.65,26.03,30.8,90.9,2.69,46,Good,NO2
Patna,East,11,219.59,219.59,51.57,11.79,2.22,39.72,15.2,53.3,1.08,377,Very Poor,PM2.5
Chennai,South,7,24.63,30.97,29.63,16.59,1.31,30.42,27.4,69.1,4.58,62,Satisfactory,CO
Guwahati,Northeast,3,47.15,78.45,31.03,15.7,1.14,41.53,27.7,74.0,3.98,78,Satisfactory,PM10
Ahmedabad,West,1,29.15,122.05,70.44,8.28,1.64,29.39,20.8,48.9,1.83,115,Moderate,PM10
Delhi,North,9,14.98,15.47,43.46,16.45,1.41,35.34,29.0,81.0,2.59,68,Satisfactory,CO
Delhi,North,8,16.33,23.38,25.21,18.2,0.57,17.78,28.8,74.7,3.34,32,Good,NO2
Guwahati,Northeast,9,23.52,27.9,38.78,15.56,0.91,27.82,28.1,75.5,0.97,48,Good,NO2
Delhi,North,4,55.88,55.88,32.29,20.43,0.6,41.08,30.5,73.3,4.06,93,Satisfactory,PM2.5
Chennai,South,9,22.67,58.21,22.75,11.95,1.04,22.88,32.3,74.2,1.24,58,Satisfactory,PM10
Patna,East,2,196.57,206.87,52.35,14.7,1.02,23.26,19.0,57.6,1.1,359,Very Poor,PM2.5
Ahmedabad,West,11,63.04,144.98,55.48,10.21,1.83,24.53,19.4,55.8,5.46,130,Moderate,PM10
Ahmedabad,West,1,66.54,95.89,33.13,9.81,1.92,34.19,18.9,49.6,2.25,120,Moderate,PM2.5
Delhi,North,4,36.23,46.78,39.41,20.82,0.38,45.64,31.8,61.7,2.14,60,Satisfactory,PM2.5
Mumbai,West,1,80.06,155.92,37.38,5.36,1.81,19.91,21.2,35.0,2.28,166,Moderate,PM2.5
Chennai,South,1,61.86,128.32,53.71,15.07,1.96,26.56,24.3,63.1,2.45,119,Moderate,PM10
Guwahati,Northeast,4,39.75,84.84,19.84,8.21,0.31,36.98,34.2,58.8,2.69,85,Satisfactory,PM10
Lucknow,North,8,13.15,34.69,35.48,13.47,1.16,38.62,29.0,72.3,2.41,54,Satisfactory,CO
Kolkata,East,12,177.59,286.77,35.62,11.56,1.94,28.12,16.4,49.7,2.07,344,Very Poor,PM2.5
Bengaluru,South,7,24.04,38.98,18.06,13.31,1.19,25.81,29.9,82.4,3.73,56,Satisfactory,CO
Lucknow,North,5,58.96,58.96,28.28,15.42,0.98,55.8,30.5,55.6,0.96,98,Satisfactory,PM2.5
Guwahati,Northeast,4,53.14,93.97,16.25,17.64,0.64,40.47,29.3,63.3,2.91,94,Satisfactory,PM10
Mumbai,West,6,33.32,38.53,23.16,14.21,1.43,33.51,29.8,65.3,3.23,69,Satisfactory,CO
Kolkata,East,10,34.29,75.99,28.91,9.0,0.95,26.54,29.1,61.8,3.22,76,Satisfactory,PM10
Hyderabad,South,6,24.18,34.36,10.47,14.47,0.65,27.28,28.1,88.7,4.86,40,Good,PM2.5
Bengaluru,South,9,10.92,37.79,30.04,6.23,0.9,33.02,23.3,70.0,2.08,45,Good,CO
Bengaluru,South,4,55.93,69.01,28.46,22.78,0.64,33.77,33.0,67.9,3.26,93,Satisfactory,PM2.5
Lucknow,North,8,22.5,22.5,28.81,9.26,1.27,36.1,22.2,88.8,3.85,60,Satisfactory,CO
Guwahati,Northeast,2,155.61,385.6,19.61,14.14,2.12,27.25,19.9,52.8,0.96,344,Very Poor,PM10
Bengaluru,South,2,87.44,96.31,26.05,12.59,1.35,17.93,18.2,58.1,2.82,191,Moderate,PM2.5
Hyderabad,South,11,81.8,155.96,79.87,18.92,1.12,35.21,18.8,42.8,3.12,172,Moderate,PM2.5
Hyderabad,South,6,28.73,28.73,28.12,14.36,0.43,13.76,27.5,79.3,0.74,48,Good,PM2.5
Bengaluru,South,6,27.95,32.17,28.5,14.74,1.02,13.98,24.3,74.8,1.84,47,Good,PM2.5
Guwahati,Northeast,5,54.99,54.99,26.2,17.43,0.73,52.73,35.1,69.7,3.0,92,Satisfactory,PM2.5
Mumbai,West,8,16.55,60.1,30.02,17.5,0.8,32.2,28.6,70.6,1.73,60,Satisfactory,PM10
Patna,East,4,62.41,62.41,24.95,18.29,0.57,57.8,27.6,52.7,2.64,106,Moderate,PM2.5
Bengaluru,South,3,34.92,36.73,16.22,16.47,0.53,37.98,27.2,59.7,3.13,58,Satisfactory,PM2.5
Chennai,South,11,73.38,76.41,67.42,7.07,1.81,19.31,16.4,49.0,6.14,143,Moderate,PM2.5
Lucknow,North,10,32.06,66.3,15.36,11.22,1.4,30.82,29.7,52.7,2.57,67,Satisfactory,CO
Chennai,South,7,15.11,38.56,33.17,14.61,0.86,37.16,26.2,75.2,4.41,43,Good,CO
Mumbai,West,4,18.18,56.58,31.25,18.16,0.72,64.87,31.1,59.1,1.85,65,Satisfactory,O3
Guwahati,Northeast,3,42.63,45.93,48.64,13.89,1.12,42.13,28.8,67.8,2.86,71,Satisfactory,PM2.5
Bengaluru,South,5,44.46,76.04,29.01,10.1,1.04,48.32,33.5,65.1,5.04,76,Satisfactory,PM10
Chennai,South,5,41.74,86.9,39.87,7.44,1.44,32.24,33.7,60.1,2.74,87,Satisfactory,PM10
Chennai,South,12,92.23,92.23,27.22,17.57,2.46,22.4,21.0,58.4,2.7,205,Poor,PM2.5
Delhi,North,9,19.09,39.77,17.47,6.19,1.22,32.63,26.6,93.3,4.92,57,Satisfactory,CO
Guwahati,Northeast,6,9.93,33.27,21.01,12.43,0.65,17.95,20.2,79.3,0.28,33,Good,PM10
Patna,East,11,198.89,213.08,32.38,11.67,1.2,29.56,14.9,51.2,1.21,361,Very Poor,PM2.5
Kolkata,East,11,251.57,288.3,55.26,9.0,1.71,25.69,18.1,57.2,1.12,401,Severe,PM2.5
Bengaluru,South,4,37.34,64.89,29.46,10.25,1.3,75.76,29.3,62.4,3.96,76,Satisfactory,O3
Patna,East,1,104.31,413.83,57.88,13.53,2.3,34.47,17.9,44.2,1.12,380,Very Poor,PM10
Mumbai,West,2,86.71,112.34,73.44,11.25,2.07,29.85,23.8,58.0,2.85,189,Moderate,PM2.5
Patna,East,1,159.14,212.81,28.32,13.48,1.34,23.5,17.7,52.4,1.4,330,Very Poor,PM2.5
Hyderabad,South,12,86.23,194.25,41.68,15.76,1.42,23.29,24.4,45.9,0.3,187,Moderate,PM2.5
Mumbai,West,1,20.8,85.04,35.64,12.17,0.62,38.05,12.4,51.0,2.44,85,Satisfactory,PM10
Mumbai,West,4,50.54,103.74,24.96,9.77,1.01,54.97,33.5,62.6,3.06,103,Moderate,PM10
Kolkata,East,5,51.46,123.2,25.96,10.25,0.78,46.91,24.6,58.9,3.79,116,Moderate,PM10
Patna,East,7,21.57,56.21,30.79,1.25,0.52,25.89,24.6,78.8,2.47,56,Satisfactory,PM10
Delhi,North,3,27.81,71.74,29.82,13.64,0.94,7.75,27.2,58.8,3.77,72,Satisfactory,PM10
Mumbai,West,7,21.96,37.66,39.36,17.52,0.97,46.02,25.1,68.5,2.79,49,Good,NO2
Lucknow,North,4,6.17,61.53,30.89,11.72,0.69,42.53,31.4,65.7,2.08,62,Satisfactory,PM10
Hyderabad,South,10,27.82,64.95,42.27,7.09,0.72,17.47,24.5,61.1,3.59,65,Satisfactory,PM10
Hyderabad,South,7,17.95,21.59,21.89,4.58,1.1,34.77,26.9,81.5,3.78,35,Good,O3
Ahmedabad,West,4,66.95,66.95,25.07,9.75,1.07,23.93,35.3,64.5,4.76,121,Moderate,PM2.5
Ahmedabad,West,7,16.35,41.21,36.66,8.57,0.36,12.66,27.8,90.3,1.34,46,Good,NO2
Chennai,South,8,17.78,54.26,46.97,14.04,1.14,35.31,23.2,83.6,1.66,58,Satisfactory,NO2
Guwahati,Northeast,2,223.83,278.6,63.88,18.24,0.76,9.71,21.5,61.6,1.54,380,Very Poor,PM2.5
Bengaluru,South,10,59.07,96.57,25.44,16.59,0.81,30.05,27.6,53.1,1.97,98,Satisfactory,PM2.5
Bengaluru,South,3,30.95,84.99,32.87,11.74,1.08,30.76,24.4,64.3,2.19,85,Satisfactory,PM10
Lucknow,North,5,51.76,60.43,30.88,7.56,0.97,39.16,28.5,53.3,5.53,86,Satisfactory,PM2.5
Hyderabad,South,7,17.19,28.18,31.96,8.94,0.6,27.73,26.9,74.7,1.8,40,Good,NO2
Kolkata,East,2,133.7,222.36,51.98,22.69,2.24,44.31,16.3,65.4,1.53,311,Very Poor,PM2.5
Bengaluru,South,3,52.21,68.62,34.04,14.33,0.42,26.96,29.6,62.2,3.33,87,Satisfactory,PM2.5
Delhi,North,12,174.35,264.14,45.07,8.74,2.04,30.9,18.7,68.4,1.67,342,Very Poor,PM2.5
Chennai,South,12,76.69,106.39,32.75,13.16,0.32,30.29,18.9,50.3,2.7,155,Moderate,PM2.5
Bengaluru,South,6,30.07,30.94,19.83,14.61,0.93,24.99,25.6,78.0,4.31,46,Good,CO
Patna,East,3,44.46,96.06,28.23,13.93,0.94,32.95,25.7,50.9,3.82,96,Satisfactory,PM10
Kolkata,East,3,27.8,80.61,24.23,16.24,0.97,55.95,26.1,72.3,4.63,81,Satisfactory,PM10
Chennai,South,7,20.51,35.4,28.09,17.44,0.66,26.65,26.2,64.2,3.76,35,Good,PM10
Kolkata,East,1,124.48,356.06,25.2,12.11,1.54,28.74,18.2,51.4,1.18,307,Very Poor,PM10
Hyderabad,South,7,29.91,29.91,46.94,8.95,0.96,32.8,26.1,89.1,3.41,58,Satisfactory,NO2
Ahmedabad,West,8,29.97,29.97,23.25,14.7,1.12,30.71,26.6,76.0,4.07,52,Satisfactory,CO
Chennai,South,11,48.63,85.8,69.79,8.55,1.73,39.35,19.6,45.9,1.66,87,Satisfactory,NO2
Patna,East,6,12.87,28.71,31.13,10.95,1.05,15.67,26.4,83.4,3.56,39,Good,NO2
Delhi,North,11,102.78,289.44,29.1,18.16,1.68,22.15,14.8,46.9,0.53,241,Poor,PM2.5
Mumbai,West,7,14.56,38.55,32.52,16.64,0.97,37.45,31.2,80.1,3.16,48,Good,CO
Kolkata,East,7,13.25,47.67,33.09,15.3,0.74,41.64,26.3,71.6,2.16,48,Good,PM10
Delhi,North,4,27.5,59.26,52.35,16.52,0.7,28.37,26.0,60.8,3.62,65,Satisfactory,NO2
Delhi,North,9,6.83,20.74,27.0,25.38,1.14,31.13,23.3,61.0,2.84,53,Satisfactory,CO
Guwahati,Northeast,11,145.0,240.96,37.22,7.31,2.27,20.55,17.2,51.7,1.8,319,Very Poor,PM2.5
Bengaluru,South,4,60.4,63.2,26.64,19.89,0.64,51.08,34.0,62.5,2.67,63,Satisfactory,PM10
Hyderabad,South,6,20.15,36.53,25.17,12.73,1.16,25.69,20.7,82.1,1.59,54,Satisfactory,CO
Ahmedabad,West,3,44.98,98.14,20.03,9.43,0.81,15.55,30.3,47.0,4.03,98,Satisfactory,PM10
Mumbai,West,9,18.84,37.99,30.67,10.08,0.98,34.14,24.2,80.8,0.28,49,Good,CO
Patna,East,10,53.89,66.91,20.83,11.75,0.79,19.7,22.1,44.3,3.63,90,Satisfactory,PM2.5
Guwahati,Northeast,1,214.29,236.7,53.11,11.4,1.62,28.78,16.7,42.2,1.83,373,Very Poor,PM2.5
Hyderabad,South,2,110.65,110.65,37.44,9.34,1.52,27.56,15.0,40.2,2.86,268,Poor,PM2.5
Chennai,South,12,61.42,115.41,34.4,15.74,2.1,37.0,17.0,42.9,1.89,111,Moderate,PM10
Lucknow,North,8,8.58,48.82,25.22,14.4,0.42,20.22,21.3,86.2,2.62,49,Good,PM10
Hyderabad,South,10,46.0,87.25,25.17,11.02,0.88,31.41,28.3,82.5,4.68,87,Satisfactory,PM10
Bengaluru,South,8,19.24,30.23,38.75,10.48,1.03,8.37,22.5,94.7,2.86,48,Good,NO2
Hyderabad,South,7,21.97,23.55,25.62,5.03,0.69,24.5,30.4,81.7,3.52,37,Good,PM2.5
Mumbai,West,5,57.96,57.96,21.85,13.96,0.82,41.83,30.5,70.0,4.26,97,Satisfactory,PM2.5
Mumbai,West,3,17.28,60.17,20.47,15.99,1.15,19.34,24.7,48.2,2.95,60,Satisfactory,PM10
Mumbai,West,11,89.33,136.75,56.79,4.6,1.3,35.97,16.4,39.0,3.7,198,Moderate,PM2.5
Patna,East,5,61.74,76.08,25.67,18.54,0.55,60.07,29.1,61.3,2.99,104,Moderate,PM2.5
Hyderabad,South,1,51.33,105.8,33.39,21.42,1.37,37.74,21.1,54.9,2.65,104,Moderate,PM10
Delhi,North,10,54.01,78.81,14.84,3.27,1.31,5.87,27.6,58.1,2.98,90,Satisfactory,PM2.5
Patna,East,12,179.64,288.81,87.76,12.62,2.25,15.41,21.1,53.8,1.55,346,Very Poor,PM2.5
Lucknow,North,4,71.87,82.35,21.41,9.04,1.12,47.64,26.4,64.1,1.59,138,Moderate,PM2.5
Lucknow,North,10,32.31,70.04,23.42,19.29,1.01,38.59,35.7,60.4,4.48,70,Satisfactory,PM10
Patna,East,3,64.76,64.76,27.85,14.58,1.09,17.31,24.4,64.9,2.39,114,Moderate,PM2.5
Mumbai,West,9,19.75,33.2,29.49,14.54,1.03,21.55,25.8,85.4,2.19,37,Good,NO2
Ahmedabad,West,1,33.15,117.98,52.97,2.52,1.09,16.06,20.4,36.7,2.71,112,Moderate,PM10
Mumbai,West,3,47.96,66.4,30.91,16.98,0.87,9.19,30.4,63.2,2.76,80,Satisfactory,PM2.5
Kolkata,East,12,143.29,200.56,30.49,11.35,1.34,24.05,20.2,54.0,1.12,318,Very Poor,PM2.5
Mumbai,West,12,58.86,110.17,56.41,7.0,2.3,32.91,9.8,52.7,3.97,107,Moderate,PM10
Mumbai,West,2,59.9,116.82,50.57,15.69,0.92,22.92,22.9,52.3,4.51,112,Moderate,PM10
Chennai,South,8,16.76,22.06,25.77,17.28,1.23,47.08,26.9,81.9,2.0,58,Satisfactory,CO
Kolkata,East,3,44.38,50.02,33.4,2.97,0.7,30.25,28.1,59.6,4.89,74,Satisfactory,PM2.5
Bengaluru,South,5,34.22,113.44,42.8,11.41,0.91,41.36,29.1,55.6,4.28,109,Moderate,PM10
Mumbai,West,4,36.27,55.25,21.63,11.21,1.15,31.16,33.7,61.6,2.96,60,Satisfactory,PM2.5
Chennai,South,10,58.28,58.28,18.89,10.9,1.0,39.46,27.2,73.6,2.01,97,Satisfactory,PM2.5
Mumbai,West,1,62.51,89.82,64.7,1.2,1.36,37.64,17.1,60.6,5.26,106,Moderate,PM2.5
Chennai,South,5,63.41,132.02,31.38,11.77,1.14,56.92,30.9,56.1,4.72,122,Moderate,PM10
Delhi,North,2,226.85,293.45,74.31,7.92,1.19,35.18,14.6,52.9,2.27,382,Very Poor,PM2.5
Kolkata,East,6,23.1,46.94,27.78,7.55,0.83,20.96,27.2,75.8,2.23,47,Good,PM10
Kolkata,East,10,69.87,84.02,39.29,19.58,0.74,30.31,25.7,48.1,3.2,131,Moderate,PM2.5
Ahmedabad,West,12,81.87,81.87,50.46,4.46,1.92,24.7,16.5,61.0,2.44,172,Moderate,PM2.5
Guwahati,Northeast,7,18.84,39.67,36.76,16.01,0.77,38.16,24.3,72.1,2.66,46,Good,NO2
Lucknow,North,2,94.47,344.75,47.21,9.92,2.13,21.26,24.9,50.6,1.48,295,Poor,PM10
Bengaluru,South,7,21.5,46.7,11.59,9.88,1.01,37.08,29.3,83.4,3.99,47,Good,PM10
Lucknow,North,10,11.24,109.6,20.96,13.51,0.95,28.4,23.7,44.5,1.68,107,Moderate,PM10
Lucknow,North,6,10.0,25.33,31.51,7.07,0.75,28.69,27.8,69.6,2.96,39,Good,NO2
Kolkata,East,5,24.95,81.43,21.98,12.59,1.1,39.78,33.7,66.3,3.82,81,Satisfactory,PM10
Chennai,South,11,96.97,132.75,23.99,8.2,1.5,27.27,19.1,45.5,5.05,221,Poor,PM2.5
Patna,East,2,159.57,217.27,33.55,11.39,1.61,27.27,23.0,51.0,1.35,331,Very Poor,PM2.5
Bengaluru,South,10,42.31,88.88,17.26,5.9,0.93,26.05,24.6,61.0,3.03,89,Satisfactory,PM10
Kolkata,East,7,16.57,36.66,19.42,9.1,1.04,27.8,25.6,70.8,1.67,37,Good,PM10
Bengaluru,South,8,34.61,40.27,16.8,15.39,0.7,27.96,25.2,94.2,1.53,57,Satisfactory,PM2.5
Delhi,North,10,34.21,93.46,30.47,18.02,1.09,22.17,35.7,64.4,2.18,94,Satisfactory,PM10
Mumbai,West,2,85.46,140.16,55.14,16.64,2.02,20.88,24.3,67.8,3.7,184,Moderate,PM2.5
Patna,East,1,163.13,245.58,45.2,1.5,2.33,37.89,13.0,59.1,1.4,333,Very Poor,PM2.5
Bengaluru,South,8,23.74,23.74,27.91,12.38,0.92,16.51,28.3,86.5,3.26,46,Good,CO
Hyderabad,South,2,135.88,135.88,59.14,13.17,2.57,31.25,19.8,56.0,1.61,312,Very Poor,PM2.5
Ahmedabad,West,3,40.66,98.47,29.96,11.01,1.27,11.35,23.1,40.0,4.15,98,Satisfactory,PM10
Bengaluru,South,7,27.1,33.3,36.59,11.39,1.01,30.21,28.0,91.5,0.98,46,Good,NO2
Bengaluru,South,4,48.12,77.61,24.66,9.43,1.31,41.11,38.3,64.2,2.48,80,Satisfactory,PM2.5
Guwahati,Northeast,10,46.72,107.3,18.19,3.35,1.0,35.02,27.9,65.4,3.39,105,Moderate,PM10
Lucknow,North,6,22.24,48.02,29.44,5.71,0.81,32.68,32.4,62.3,3.2,48,Good,PM10
Ahmedabad,West,3,53.0,89.99,26.04,15.03,1.21,26.62,23.0,71.4,3.73,90,Satisfactory,PM10
Kolkata,East,12,121.31,352.41,77.41,11.42,1.65,19.05,15.8,43.4,1.47,303,Very Poor,PM10
Chennai,South,5,28.75,85.06,20.51,11.2,0.64,44.36,26.1,61.2,2.49,85,Satisfactory,PM10
Bengaluru,South,2,29.52,142.37,43.7,13.04,0.7,17.56,16.8,63.0,3.39,128,Moderate,PM10
Guwahati,Northeast,10,30.44,51.11,30.32,15.36,0.96,42.36,25.0,61.4,0.9,51,Satisfactory,PM10
Hyderabad,South,5,68.14,68.14,35.07,18.92,0.71,47.88,35.7,61.8,3.68,125,Moderate,PM2.5
Chennai,South,3,54.4,88.37,16.86,7.37,1.06,25.46,30.3,62.5,2.86,90,Satisfactory,PM2.5
Bengaluru,South,1,77.17,147.66,55.69,9.97,2.19,33.52,19.2,52.7,3.36,156,Moderate,PM2.5
Hyderabad,South,11,75.91,177.55,51.17,12.4,1.31,32.14,17.4,62.5,1.83,152,Moderate,PM2.5
Kolkata,East,5,35.54,118.6,26.41,9.37,0.34,30.52,32.6,64.2,2.07,113,Moderate,PM10
Guwahati,Northeast,4,74.29,138.38,37.66,19.48,1.38,69.9,30.1,53.0,4.85,146,Moderate,PM2.5
Hyderabad,South,7,12.96,24.04,26.9,2.47,0.51,22.77,23.4,86.5,2.81,34,Good,NO2
Chennai,South,3,52.36,71.75,36.3,14.17,0.81,13.86,28.6,49.9,3.23,87,Satisfactory,PM2.5
Hyderabad,South,11,36.67,128.22,50.75,12.94,1.67,22.52,19.8,46.5,1.6,119,Moderate,PM10
Delhi,North,8,26.89,40.69,26.26,2.69,1.3,11.58,28.8,94.9,2.97,62,Satisfactory,CO
Delhi,North,10,50.97,81.05,47.75,7.95,0.64,25.25,32.2,55.4,3.28,85,Satisfactory,PM2.5
Bengaluru,South,3,57.27,99.86,39.91,13.48,0.78,29.24,26.0,80.2,2.2,100,Satisfactory,PM10
Delhi,North,5,21.36,79.55,25.59,15.24,1.09,59.85,35.0,59.5,1.74,80,Satisfactory,PM10
Delhi,North,9,22.4,36.05,30.17,9.43,1.29,15.63,25.2,69.4,2.57,61,Satisfactory,CO
Mumbai,West,4,40.47,78.83,33.58,10.39,1.0,45.16,27.6,56.3,3.2,79,Satisfactory,PM10
Lucknow,North,9,29.33,56.07,32.08,10.02,0.88,27.04,25.8,81.1,3.28,56,Satisfactory,PM10
Delhi,North,12,220.94,220.94,44.8,17.52,1.89,25.0,23.9,48.5,0.28,378,Very Poor,PM2.5
Ahmedabad,West,1,26.43,89.32,56.97,9.79,1.88,18.27,20.6,38.5,4.28,93,Satisfactory,CO
Hyderabad,South,10,69.12,69.12,44.17,7.4,0.42,28.36,30.7,66.3,4.1,129,Moderate,PM2.5
Chennai,South,3,32.08,94.09,28.78,8.59,0.95,27.53,31.2,55.9,2.17,94,Satisfactory,PM10
Ahmedabad,West,2,116.47,116.47,66.67,7.05,1.84,30.21,21.7,60.7,2.89,288,Poor,PM2.5
Hyderabad,South,1,109.81,109.81,15.34,3.08,0.82,33.0,24.6,35.7,1.92,265,Poor,PM2.5
Ahmedabad,West,2,107.86,107.86,56.51,10.8,2.85,29.21,19.1,52.7,2.34,259,Poor,PM2.5
Bengaluru,South,5,26.75,30.55,26.74,15.91,0.74,44.35,27.3,68.5,3.53,45,Good,PM2.5
Kolkata,East,11,169.45,169.45,28.58,11.41,1.85,32.74,16.9,58.0,2.2,338,Very Poor,PM2.5
Chennai,South,7,22.44,32.28,26.94,12.81,1.36,35.69,29.5,74.4,1.79,65,Satisfactory,CO
Lucknow,North,4,64.59,116.05,7.4,23.74,1.01,53.45,25.8,58.1,3.72,113,Moderate,PM2.5
Bengaluru,South,8,5.0,37.89,27.58,18.92,0.86,27.27,29.1,86.3,2.01,43,Good,CO
Bengaluru,South,6,16.55,34.6,33.63,16.06,0.99,18.92,21.4,76.5,3.89,49,Good,CO
Bengaluru,South,2,75.93,118.75,52.45,7.23,1.97,35.11,16.9,55.5,0.88,152,Moderate,PM2.5
Ahmedabad,West,2,66.74,163.95,45.14,16.17,1.41,8.8,17.3,53.6,2.97,143,Moderate,PM10
Delhi,North,2,131.64,245.58,31.78,2.42,1.55,21.74,21.2,34.5,1.56,309,Very Poor,PM2.5
Mumbai,West,12,65.52,118.9,54.14,14.42,1.4,19.53,20.0,36.7,3.73,116,Moderate,PM2.5
Chennai,South,5,45.05,64.44,40.02,13.2,0.81,37.59,30.6,79.2,1.32,75,Satisfactory,PM2.5
Lucknow,North,9,24.28,50.33,33.28,12.02,1.18,29.93,29.3,89.4,2.9,55,Satisfactory,CO
Bengaluru,South,7,15.69,39.08,20.62,10.32,0.64,32.27,24.7,67.7,1.56,39,Good,PM10
Kolkata,East,1,133.1,292.52,45.67,13.78,1.82,34.22,12.3,43.0,1.71,310,Very Poor,PM2.5
Patna,East,4,60.39,60.39,24.01,10.58,0.94,42.45,32.4,59.1,4.34,60,Satisfactory,PM10
Ahmedabad,West,8,12.33,34.89,34.7,14.81,0.79,30.14,22.2,77.8,1.16,43,Good,NO2
Bengaluru,South,4,27.42,80.24,30.68,12.36,0.73,39.35,34.5,56.6,2.82,80,Satisfactory,PM10
Mumbai,West,2,95.0,121.78,37.0,12.03,1.48,39.7,17.9,40.9,3.36,215,Poor,PM2.5
Mumbai,West,6,28.73,28.73,25.74,11.85,0.89,31.2,26.0,70.7,3.87,48,Good,PM2.5
Lucknow,North,6,14.56,22.76,33.14,12.51,1.14,21.4,23.2,74.4,2.6,53,Satisfactory,CO
Patna,East,10,18.5,87.49,20.49,8.89,1.22,9.66,28.0,62.5,1.88,88,Satisfactory,PM10
Chennai,South,8,28.9,54.7,36.94,21.05,0.71,14.73,26.8,84.4,0.72,55,Satisfactory,PM10
Chennai,South,3,32.16,84.68,29.91,8.28,0.95,18.38,25.7,49.9,2.63,85,Satisfactory,PM10
Bengaluru,South,10,55.87,75.9,26.1,20.49,1.0,24.91,25.2,50.6,2.73,93,Satisfactory,PM2.5
Delhi,North,7,6.68,20.34,23.66,6.73,0.91,29.53,26.6,82.4,2.14,46,Good,CO
Hyderabad,South,4,29.2,83.03,28.64,6.25,0.86,41.52,31.8,62.5,1.99,83,Satisfactory,PM10
Ahmedabad,West,11,82.81,93.13,31.55,8.89,0.89,29.75,21.6,63.4,1.58,176,Moderate,PM2.5
Hyderabad,South,12,72.07,72.07,43.21,9.87,2.18,20.68,19.7,51.1,1.18,139,Moderate,PM2.5
Guwahati,Northeast,6,31.11,32.63,35.61,16.09,0.78,17.22,23.5,89.6,2.97,51,Satisfactory,PM2.5
Delhi,North,11,171.57,340.05,22.27,8.03,1.64,49.17,20.4,48.1,1.42,340,Very Poor,PM2.5
Chennai,South,3,42.93,109.13,25.92,10.95,0.68,33.59,30.1,44.5,2.36,106,Moderate,PM10
Patna,East,9,21.32,21.64,16.91,17.39,0.86,27.5,28.3,85.8,2.33,43,Good,CO
Bengaluru,South,8,17.47,45.59,27.43,10.6,1.01,43.38,27.2,75.8,4.98,46,Good,PM10
Bengaluru,South,1,99.03,101.13,39.36,3.2,2.06,28.65,12.6,61.6,2.42,228,Poor,PM2.5
Mumbai,West,10,21.17,87.8,32.21,11.77,0.79,50.06,23.4,54.2,3.59,88,Satisfactory,PM10
Chennai,South,11,43.34,159.4,56.71,14.32,1.69,22.19,17.2,51.4,3.75,140,Moderate,PM10
Patna,East,3,30.39,94.62,13.9,10.46,0.59,20.8,32.8,48.2,1.88,95,Satisfactory,PM10
Hyderabad,South,9,16.92,36.03,40.01,15.14,0.77,26.88,28.6,83.1,2.82,39,Good,CO
Guwahati,Northeast,11,180.25,264.47,39.28,15.56,1.74,10.52,15.5,48.2,1.29,346,Very Poor,PM2.5
Hyderabad,South,5,95.44,95.44,30.56,12.33,0.85,48.84,31.4,57.1,2.83,216,Poor,PM2.5
Kolkata,East,7,23.52,36.37,23.1,25.53,1.0,34.4,25.5,79.5,3.0,50,Good,CO
Patna,East,2,119.87,212.01,39.35,6.86,1.62,39.74,18.4,42.5,0.82,300,Poor,PM2.5
Chennai,South,11,35.32,129.87,67.48,9.24,1.64,24.4,16.1,53.5,2.06,120,Moderate,PM10
Lucknow,North,5,19.5,77.98,36.96,15.4,1.3,33.5,33.6,51.2,3.59,78,Satisfactory,PM10
Ahmedabad,West,12,82.21,178.33,39.38,11.36,1.16,28.29,18.8,52.2,2.27,173,Moderate,PM2.5
Guwahati,Northeast,4,50.44,72.84,18.32,2.89,0.74,24.58,28.5,56.6,2.64,84,Satisfactory,PM2.5
Patna,East,5,79.51,79.51,38.16,11.22,0.72,49.4,29.6,53.5,4.8,164,Moderate,PM2.5
Guwahati,Northeast,8,18.51,36.39,39.83,10.09,1.62,34.38,19.9,66.4,3.07,79,Satisfactory,CO
Bengaluru,South,2,83.42,102.8,30.78,7.37,2.01,11.01,21.1,60.6,2.43,178,Moderate,PM2.5
Hyderabad,South,2,83.62,101.64,26.18,21.16,1.18,15.63,18.9,51.5,4.46,178,Moderate,PM2.5
Delhi,North,3,39.17,84.19,29.68,13.1,0.97,29.38,25.8,66.7,2.4,84,Satisfactory,PM10
Guwahati,Northeast,11,198.39,385.24,38.24,23.54,1.26,22.07,19.6,55.5,1.44,360,Very Poor,PM2.5
Delhi,North,2,174.15,440.56,47.23,7.9,1.34,31.96,19.5,53.7,0.92,407,Severe,PM10
Mumbai,West,10,75.51,77.17,43.21,16.16,1.5,31.97,27.4,66.7,2.31,150,Moderate,PM2.5
Mumbai,West,2,102.6,148.26,47.55,12.96,1.96,34.09,20.3,54.7,1.88,241,Poor,PM2.5
Lucknow,North,1,185.83,339.85,58.11,8.76,1.53,18.14,13.8,52.7,2.16,351,Very Poor,PM2.5
Delhi,North,4,75.05,75.05,28.26,7.24,0.81,27.01,26.4,50.6,2.9,149,Moderate,PM2.5
Delhi,North,12,132.01,305.45,25.7,12.39,2.01,35.85,19.5,51.6,1.05,309,Very Poor,PM2.5
Kolkata,East,5,71.04,82.77,27.1,14.71,0.91,44.84,30.3,56.7,3.92,135,Moderate,PM2.5
Guwahati,Northeast,6,23.64,29.5,12.0,7.32,0.89,28.85,29.2,84.5,1.07,44,Good,CO
Bengaluru,South,7,25.41,36.69,32.22,2.72,0.63,39.47,26.2,95.8,1.37,42,Good,PM2.5
Mumbai,West,6,15.92,43.33,25.52,12.56,1.06,22.85,29.4,75.9,3.0,43,Good,PM10
Ahmedabad,West,3,39.69,105.5,33.84,16.26,0.91,42.08,27.9,54.7,3.76,104,Moderate,PM10
Lucknow,North,4,54.92,67.25,30.36,18.69,1.03,23.38,29.1,54.6,1.96,91,Satisfactory,PM2.5
Ahmedabad,West,8,33.65,33.65,21.25,2.68,1.13,27.24,25.9,75.6,3.46,56,Satisfactory,PM2.5
Bengaluru,South,11,21.27,72.89,28.65,13.32,2.05,40.31,13.1,57.0,2.11,73,Satisfactory,PM10
Lucknow,North,3,66.79,115.56,34.74,13.83,0.79,22.97,24.6,64.9,4.55,121,Moderate,PM2.5
Guwahati,Northeast,6,15.13,19.1,30.06,17.9,1.25,39.58,28.2,78.7,4.24,59,Satisfactory,CO
Patna,East,4,38.06,115.76,18.97,11.83,1.07,43.04,34.4,72.2,3.34,111,Moderate,PM10
Guwahati,Northeast,8,13.67,32.8,48.2,21.33,0.56,27.89,27.4,81.3,4.23,60,Satisfactory,NO2
Delhi,North,3,45.59,102.25,33.44,11.9,0.44,36.56,28.8,63.1,1.7,102,Moderate,PM10
Mumbai,West,6,21.33,22.64,17.06,15.25,1.09,24.11,28.4,83.3,2.96,36,Good,PM2.5
Ahmedabad,West,6,27.06,43.08,32.77,8.0,0.54,28.64,29.8,86.3,3.45,45,Good,PM2.5
Mumbai,West,10,32.33,76.11,27.94,17.32,0.77,24.67,33.2,72.4,1.81,76,Satisfactory,PM10
Guwahati,Northeast,12,98.91,180.45,41.75,10.46,1.56,33.21,18.3,56.9,1.17,228,Poor,PM2.5
Ahmedabad,West,2,71.93,71.93,54.96,12.46,1.26,24.43,16.8,50.0,4.77,138,Moderate,PM2.5
Kolkata,East,9,5.0,39.47,36.02,10.96,1.15,41.9,22.9,79.1,4.99,54,Satisfactory,CO
Ahmedabad,West,9,19.43,29.79,36.84,17.72,0.94,28.27,21.8,89.4,2.4,47,Good,CO
Chennai,South,11,93.8,126.05,62.46,14.9,1.7,30.61,14.6,50.8,4.01,211,Poor,PM2.5
Hyderabad,South,6,15.18,25.34,29.29,18.73,1.05,9.71,28.9,74.5,3.37,37,Good,NO2
Guwahati,Northeast,10,31.45,74.86,24.29,13.48,0.66,18.55,29.2,68.9,3.45,75,Satisfactory,PM10
Delhi,North,12,118.56,216.31,60.82,8.04,2.02,33.35,21.7,60.5,1.7,295,Poor,PM2.5
Delhi,North,11,194.17,281.42,42.63,18.54,1.53,23.55,21.4,48.8,1.08,357,Very Poor,PM2.5
Kolkata,East,8,14.44,26.84,33.22,7.11,0.4,30.55,25.1,77.9,4.24,42,Good,NO2
Ahmedabad,West,2,106.99,116.57,62.5,9.37,1.65,20.16,15.6,50.2,1.31,256,Poor,PM2.5
Chennai,South,7,18.1,36.85,16.97,15.37,1.36,40.49,32.7,78.3,2.41,65,Satisfactory,CO
Kolkata,East,2,146.66,146.66,59.8,10.87,0.9,23.73,17.4,52.1,1.41,321,Very Poor,PM2.5
Patna,East,2,87.84,259.59,35.34,18.03,1.33,25.11,21.1,62.6,2.22,210,Poor,PM10
Guwahati,Northeast,3,52.61,82.7,27.57,12.32,1.25,36.72,29.7,61.7,5.34,88,Satisfactory,PM2.5
Kolkata,East,1,69.51,250.36,48.83,18.26,1.35,32.13,13.6,60.7,1.44,130,Moderate,PM2.5
Mumbai,West,9,35.36,45.47,19.27,11.47,1.64,44.62,29.8,63.2,4.29,80,Satisfactory,CO
Lucknow,North,3,65.85,65.85,32.11,8.93,0.8,33.23,23.0,79.0,1.65,118,Moderate,PM2.5
Lucknow,North,6,24.68,47.77,25.28,6.86,0.65,19.35,27.9,77.4,3.28,48,Good,PM10
Bengaluru,South,7,26.09,30.19,21.8,12.75,0.89,30.12,24.9,83.1,1.48,44,Good,CO
Delhi,North,1,223.23,223.23,63.12,5.24,0.84,15.45,18.4,57.8,2.12,380,Very Poor,PM2.5
Chennai,South,10,58.59,58.59,20.94,15.78,1.28,19.34,30.9,44.6,3.24,98,Satisfactory,PM2.5
Bengaluru,South,2,65.0,120.12,35.71,14.14,1.63,35.86,22.8,53.0,1.88,115,Moderate,PM2.5
Hyderabad,South,12,111.61,175.06,60.78,12.29,1.99,38.96,16.1,52.2,1.56,271,Poor,PM2.5
Lucknow,North,11,246.48,360.01,49.94,1.2,1.29,28.86,17.4,52.3,1.54,397,Very Poor,PM2.5
Bengaluru,South,10,44.88,73.07,22.09,20.86,0.77,9.06,32.3,53.2,3.81,74,Satisfactory,PM2.5
Ahmedabad,West,4,53.97,75.4,36.4,10.97,0.72,45.24,29.9,44.6,2.13,90,Satisfactory,PM2.5
Ahmedabad,West,2,25.38,127.61,44.5,20.81,1.07,28.85,20.1,50.6,1.94,119,Moderate,PM10
Ahmedabad,West,8,18.06,31.2,35.82,13.93,1.05,30.77,29.9,88.4,2.48,45,Good,NO2
Patna,East,10,24.59,24.79,43.34,10.4,0.97,17.71,23.2,54.3,3.52,54,Satisfactory,NO2
Kolkata,East,3,39.71,59.41,37.79,16.17,0.77,33.75,26.3,57.3,2.74,66,Satisfactory,PM2.5
Patna,East,3,30.95,88.03,48.98,12.88,0.91,27.29,28.4,47.1,4.71,88,Satisfactory,PM10
Patna,East,3,82.98,82.98,28.26,9.32,0.98,28.52,27.7,51.8,2.26,176,Moderate,PM2.5
Ahmedabad,West,11,56.92,56.92,45.83,23.58,2.01,23.09,17.8,57.4,0.83,95,Satisfactory,PM2.5
Hyderabad,South,3,51.27,113.09,24.31,19.52,0.7,5.0,29.2,64.3,3.62,109,Moderate,PM10
Mumbai,West,6,21.61,31.75,26.15,9.79,0.79,12.79,23.4,76.7,0.29,40,Good,CO
Chennai,South,5,39.74,73.55,25.37,1.2,1.32,23.9,28.5,49.9,4.25,74,Satisfactory,PM10
Ahmedabad,West,10,37.55,64.02,29.51,6.02,1.0,23.39,28.6,63.9,2.14,64,Satisfactory,PM10
Guwahati,Northeast,5,41.11,43.23,28.66,10.77,0.74,25.68,34.6,56.4,5.44,68,Satisfactory,PM2.5
Kolkata,East,7,22.74,34.83,30.87,17.24,1.2,13.16,29.6,82.0,2.84,56,Satisfactory,CO
Patna,East,12,258.15,345.82,40.17,6.28,1.96,39.42,11.9,60.7,1.26,404,Severe,PM2.5
Ahmedabad,West,3,52.39,97.37,25.05,6.92,1.36,22.38,30.5,47.9,3.27,97,Satisfactory,PM10
Lucknow,North,1,208.91,393.83,36.28,14.5,0.94,16.43,16.3,55.3,2.34,368,Very Poor,PM2.5
Patna,East,2,140.13,296.93,61.58,15.67,1.52,28.64,17.7,50.3,1.21,316,Very Poor,PM2.5
Guwahati,Northeast,11,137.27,179.35,60.42,14.48,2.5,31.1,16.7,47.0,1.43,314,Very Poor,PM2.5
Ahmedabad,West,1,64.0,66.51,37.36,12.09,1.96,15.52,18.8,53.8,2.29,111,Moderate,PM2.5
Patna,East,6,15.03,35.88,37.47,17.75,0.6,26.43,20.4,78.9,3.47,47,Good,NO2
Delhi,North,3,16.86,51.53,29.21,4.23,0.95,33.23,23.2,61.1,1.44,52,Satisfactory,PM10
Guwahati,Northeast,3,48.25,61.81,17.6,13.87,1.27,21.52,25.7,54.0,4.54,80,Satisfactory,PM2.5
Patna,East,11,231.99,241.22,46.97,10.36,1.72,21.87,21.2,60.8,0.85,386,Very Poor,PM2.5
Guwahati,Northeast,10,39.39,77.68,40.81,8.76,1.15,31.84,26.4,62.9,3.08,78,Satisfactory,PM10
Patna,East,5,35.44,52.51,25.68,18.46,1.06,23.95,30.2,61.9,3.63,58,Satisfactory,PM2.5
Delhi,North,10,25.51,75.21,32.78,13.13,0.66,42.74,26.7,61.5,2.06,75,Satisfactory,PM10
Hyderabad,South,4,54.01,83.72,18.33,17.25,1.1,54.79,31.1,59.4,2.6,90,Satisfactory,PM2.5
Patna,East,9,16.41,22.17,24.86,9.44,1.24,16.61,25.3,79.5,4.22,59,Satisfactory,CO
Ahmedabad,West,9,31.72,38.0,26.29,16.11,0.53,13.64,29.9,79.7,3.88,52,Satisfactory,PM2.5
Kolkata,East,8,29.36,41.35,27.74,13.0,0.99,20.8,25.8,80.6,2.32,50,Good,CO
Chennai,South,5,49.64,95.69,36.98,14.56,1.12,54.44,31.2,43.0,4.1,96,Satisfactory,PM10
Kolkata,East,9,12.23,23.03,48.87,14.11,0.62,22.26,27.0,82.3,3.11,61,Satisfactory,NO2
Mumbai,West,3,50.0,62.47,36.79,12.27,0.69,33.79,28.1,56.2,3.62,83,Satisfactory,PM2.5
Patna,East,10,63.93,92.8,26.2,3.89,0.95,30.87,27.2,35.9,3.56,111,Moderate,PM2.5
Hyderabad,South,9,25.11,51.99,25.88,14.1,0.91,32.41,27.3,73.9,1.79,52,Satisfactory,PM10
Chennai,South,3,51.91,95.56,31.35,16.68,0.66,28.7,28.5,70.3,5.79,96,Satisfactory,PM10
Guwahati,Northeast,9,15.56,22.08,20.4,8.28,0.12,22.32,29.2,78.6,2.51,26,Good,PM2.5
Guwahati,Northeast,12,218.82,313.76,47.81,1.43,1.36,31.64,17.9,53.5,1.78,376,Very Poor,PM2.5
Delhi,North,1,196.38,203.17,30.39,14.29,1.93,32.36,18.4,49.4,1.52,359,Very Poor,PM2.5
Kolkata,East,3,51.92,136.33,20.27,27.48,0.56,31.24,23.4,62.4,3.9,124,Moderate,PM10
Patna,East,4,60.33,66.78,10.78,15.01,0.91,35.96,29.8,63.3,1.89,67,Satisfactory,PM10
Lucknow,North,1,226.56,440.1,68.23,12.78,1.72,24.64,16.6,59.0,1.23,406,Severe,PM10
Guwahati,Northeast,5,29.84,107.95,25.29,17.22,0.71,32.47,35.0,55.0,1.04,106,Moderate,PM10
Bengaluru,South,3,58.49,93.96,21.59,8.97,1.08,39.05,26.8,64.4,3.78,98,Satisfactory,PM2.5
Hyderabad,South,8,12.06,27.52,23.75,15.97,0.83,30.62,27.4,78.0,2.92,42,Good,CO
Hyderabad,South,4,29.71,73.09,17.79,13.09,0.85,55.47,31.0,56.4,2.52,73,Satisfactory,PM10
Kolkata,East,9,9.12,27.94,28.3,8.95,1.03,27.53,27.8,78.9,2.68,35,Good,NO2
Chennai,South,11,74.31,74.31,38.32,14.35,2.17,47.74,16.7,45.1,3.38,146,Moderate,PM2.5
Lucknow,North,11,245.83,245.83,45.98,16.08,2.04,32.97,16.7,56.7,1.92,397,Very Poor,PM2.5
Chennai,South,12,102.59,154.41,37.32,16.44,1.99,35.15,22.7,51.9,3.17,241,Poor,PM2.5
Chennai,South,12,97.34,155.4,67.53,7.5,2.06,36.56,16.0,60.4,3.32,223,Poor,PM2.5
Lucknow,North,9,24.39,26.5,13.92,13.76,0.88,39.79,27.5,84.2,3.37,44,Good,CO
Delhi,North,6,13.97,36.48,26.82,15.14,0.97,22.84,26.0,91.2,0.9,48,Good,CO
Mumbai,West,10,64.55,89.78,44.56,16.5,1.0,24.08,28.2,65.5,2.8,113,Moderate,PM2.5
Hyderabad,South,6,11.72,36.34,15.57,9.74,0.24,35.0,30.5,78.6,4.85,36,Good,PM10
Bengaluru,South,8,23.65,33.26,25.07,14.7,0.86,32.61,28.9,76.2,4.03,43,Good,CO
Delhi,North,7,20.4,24.33,25.73,22.36,0.66,31.68,25.6,60.3,3.43,34,Good,PM2.5
Mumbai,West,12,77.82,154.33,51.38,13.58,1.18,33.94,17.4,36.0,3.73,158,Moderate,PM2.5
Hyderabad,South,9,30.75,56.84,34.5,14.47,1.19,20.55,22.0,74.2,4.23,57,Satisfactory,PM10
Chennai,South,8,23.55,40.35,30.05,5.87,0.99,24.46,32.1,87.1,2.37,50,Good,CO
Bengaluru,South,8,22.69,22.69,27.34,19.85,0.68,27.43,22.9,68.4,1.87,38,Good,PM2.5
Guwahati,Northeast,4,35.26,116.39,27.7,15.77,1.19,28.03,28.5,66.1,2.09,111,Moderate,PM10
Bengaluru,South,10,71.42,71.42,25.0,11.05,0.76,22.89,25.5,59.9,2.98,137,Moderate,PM2.5
Kolkata,East,12,158.59,363.24,39.48,6.23,1.45,31.88,20.6,63.7,1.56,330,Very Poor,PM2.5
Hyderabad,South,11,103.54,103.54,44.97,25.3,2.01,32.29,20.7,41.3,2.08,244,Poor,PM2.5
Chennai,South,4,51.59,68.03,28.8,10.51,0.46,53.15,25.7,54.2,1.33,86,Satisfactory,PM2.5
Guwahati,Northeast,6,21.68,47.18,14.89,9.33,0.43,22.91,27.2,84.1,0.43,47,Good,PM10
Guwahati,Northeast,3,29.68,48.59,28.57,15.01,0.87,18.82,26.7,54.2,3.48,50,Good,PM2.5
Guwahati,Northeast,9,27.42,34.22,37.43,7.1,1.38,19.38,20.9,88.9,2.0,66,Satisfactory,CO
Bengaluru,South,4,28.76,130.74,43.3,19.42,0.92,54.36,30.8,69.0,2.34,121,Moderate,PM10
Hyderabad,South,12,58.71,106.6,41.28,12.92,1.41,32.09,16.6,58.3,4.5,105,Moderate,PM10
Kolkata,East,5,79.94,102.38,45.96,11.71,0.45,33.1,29.2,52.4,0.34,166,Moderate,PM2.5
Guwahati,Northeast,11,55.84,347.8,79.47,8.26,1.79,24.65,20.5,42.4,1.33,298,Poor,PM10
Guwahati,Northeast,2,157.26,157.26,65.88,5.78,1.64,32.89,18.4,72.3,1.81,329,Very Poor,PM2.5
Mumbai,West,3,54.49,81.32,28.37,13.17,0.78,29.79,25.5,44.8,4.08,91,Satisfactory,PM2.5
Ahmedabad,West,7,21.25,26.57,21.87,7.01,1.16,37.99,27.1,73.7,0.9,54,Satisfactory,CO
Ahmedabad,West,7,15.45,22.89,28.25,10.4,0.49,16.4,28.0,72.8,3.37,35,Good,NO2
Mumbai,West,5,61.5,61.5,29.95,15.06,0.73,56.2,26.0,53.3,0.89,103,Moderate,PM2.5
Delhi,North,9,19.15,43.01,26.7,9.14,0.48,17.8,27.9,85.1,2.33,43,Good,PM10
Lucknow,North,3,30.04,67.54,25.43,19.34,0.94,12.89,29.9,74.8,2.52,68,Satisfactory,PM10
Hyderabad,South,7,26.38,54.71,35.13,4.21,1.1,31.4,24.1,88.3,3.29,55,Satisfactory,PM10
Hyderabad,South,1,43.99,133.24,35.11,13.19,2.31,16.02,13.9,59.6,2.78,122,Moderate,PM10
Guwahati,Northeast,9,14.53,34.95,33.78,13.01,0.42,51.71,27.6,67.3,3.15,52,Satisfactory,O3
Mumbai,West,12,94.35,152.1,44.92,3.73,1.82,14.2,21.6,46.1,3.51,212,Poor,PM2.5
Ahmedabad,West,4,37.25,58.12,34.02,9.02,1.11,34.5,30.3,60.3,2.97,62,Satisfactory,PM2.5
Lucknow,North,10,56.08,70.27,32.57,11.92,1.06,24.54,24.6,63.4,2.25,93,Satisfactory,PM2.5
Delhi,North,6,20.73,20.73,23.08,7.2,1.19,34.5,26.8,80.3,2.7,56,Satisfactory,CO
Ahmedabad,West,3,53.19,92.56,26.39,8.97,1.08,41.03,30.3,72.7,2.98,93,Satisfactory,PM10
Bengaluru,South,9,14.0,48.67,12.36,19.22,0.69,44.16,26.8,83.8,5.47,49,Good,PM10
Bengaluru,South,8,17.79,27.25,19.59,10.42,0.75,17.5,26.4,81.6,1.8,38,Good,CO
Patna,East,7,30.22,30.22,44.23,8.76,0.95,38.74,31.8,81.8,2.02,55,Satisfactory,NO2
Hyderabad,South,11,55.92,186.45,42.48,13.55,1.1,18.29,18.1,49.4,2.52,158,Moderate,PM10
Delhi,North,3,43.84,112.06,20.83,16.31,0.1,21.26,21.3,69.9,3.78,108,Moderate,PM10
Lucknow,North,12,176.2,370.06,67.54,10.05,0.54,20.45,20.3,68.8,1.37,343,Very Poor,PM2.5
Delhi,North,9,37.26,38.62,17.69,11.43,1.17,27.41,29.4,65.2,1.19,62,Satisfactory,PM2.5
Chennai,South,3,40.56,84.16,33.35,23.84,0.7,25.36,24.9,68.6,4.07,84,Satisfactory,PM10
Lucknow,North,12,275.68,275.68,62.83,18.98,0.95,32.85,9.8,58.6,0.78,411,Severe,PM2.5
Chennai,South,11,88.5,158.99,60.82,12.27,1.42,27.38,14.7,50.3,2.47,195,Moderate,PM2.5
Ahmedabad,West,3,17.58,47.19,2.8,10.52,1.0,5.47,27.7,59.0,1.48,50,Good,CO
Delhi,North,5,61.55,61.55,28.66,13.66,0.68,54.7,32.2,58.0,5.45,103,Moderate,PM2.5
Bengaluru,South,8,8.3,30.41,48.72,7.29,0.92,38.34,29.0,84.4,3.63,61,Satisfactory,NO2
Ahmedabad,West,10,32.52,86.48,24.62,9.69,1.3,24.8,32.1,62.1,2.62,86,Satisfactory,PM10
Bengaluru,South,8,35.27,35.27,8.93,16.74,0.89,20.18,29.8,57.6,2.0,58,Satisfactory,PM2.5
Chennai,South,2,90.88,198.98,44.48,14.21,2.92,28.04,19.4,42.1,4.99,166,Moderate,PM10
Lucknow,North,11,175.04,291.6,49.23,9.92,1.72,42.76,24.8,50.6,1.15,342,Very Poor,PM2.5
Guwahati,Northeast,10,87.31,87.31,37.37,15.34,1.5,25.92,23.7,74.9,3.81,191,Moderate,PM2.5
Guwahati,Northeast,1,245.97,313.89,70.61,13.18,2.03,32.42,17.0,50.4,1.18,397,Very Poor,PM2.5
Lucknow,North,8,17.02,38.93,31.38,12.98,0.96,23.24,26.2,64.6,2.67,48,Good,CO
Mumbai,West,6,20.96,27.05,10.77,22.81,0.84,40.16,25.4,91.6,1.51,42,Good,CO
Delhi,North,1,98.83,484.22,44.41,15.98,1.82,27.79,19.6,62.9,1.77,432,Severe,PM10
Ahmedabad,West,4,53.18,120.45,24.5,3.1,0.6,29.12,28.4,53.2,2.77,114,Moderate,PM10
Guwahati,Northeast,4,48.73,59.74,36.35,14.57,1.33,52.67,30.0,70.4,3.11,81,Satisfactory,PM2.5
Chennai,South,4,56.35,73.65,28.87,11.37,0.67,14.98,28.9,61.6,4.02,94,Satisfactory,PM2.5
Ahmedabad,West,7,18.27,27.4,26.49,7.32,0.33,15.02,31.1,92.9,3.64,33,Good,NO2
Delhi,North,2,81.99,258.85,56.81,15.98,1.93,38.16,23.8,48.8,2.97,209,Poor,PM10
Mumbai,West,12,50.93,126.14,55.91,11.13,1.36,46.5,16.4,43.8,4.69,118,Moderate,PM10
Lucknow,North,5,62.24,81.0,16.44,12.41,0.49,45.05,33.0,68.6,2.7,105,Moderate,PM2.5
Chennai,South,2,47.86,153.51,57.71,8.16,1.85,37.15,18.2,45.4,3.0,136,Moderate,PM10
Guwahati,Northeast,4,31.93,53.37,32.38,15.95,1.48,50.39,27.4,76.3,3.98,72,Satisfactory,CO
Lucknow,North,12,102.3,231.89,60.07,1.2,1.54,34.56,9.5,58.0,1.89,240,Poor,PM2.5
Hyderabad,South,11,41.74,88.22,9.52,10.43,1.71,17.76,20.9,52.8,3.09,88,Satisfactory,PM10
Chennai,South,7,25.52,47.75,24.58,15.65,1.11,31.51,32.0,72.2,2.33,52,Satisfactory,CO
Patna,East,5,56.42,70.25,22.16,19.98,1.39,37.86,26.9,74.9,3.33,94,Satisfactory,PM2.5
Lucknow,North,2,165.88,206.69,42.05,15.25,1.39,31.64,18.0,43.5,2.31,335,Very Poor,PM2.5
Hyderabad,South,4,50.21,89.24,12.94,9.63,0.49,43.57,32.0,61.1,4.12,89,Satisfactory,PM10
Patna,East,8,14.59,38.7,30.22,5.69,1.22,40.96,28.3,65.9,2.98,58,Satisfactory,CO
Kolkata,East,4,40.72,107.42,27.03,22.1,1.11,45.48,33.8,72.2,3.81,105,Moderate,PM10
Mumbai,West,4,34.61,50.75,7.5,12.84,0.8,37.79,34.1,59.1,4.92,57,Satisfactory,PM2.5
Ahmedabad,West,10,29.71,47.64,34.07,17.53,0.74,19.06,31.6,48.4,3.93,50,Good,PM2.5
Lucknow,North,11,182.24,359.88,54.86,10.58,2.27,30.43,29.0,38.4,0.44,348,Very Poor,PM2.5
Kolkata,East,4,44.5,94.69,18.77,12.26,1.02,35.15,31.7,49.1,3.24,95,Satisfactory,PM10
Hyderabad,South,5,25.51,46.71,38.0,5.68,1.13,42.7,29.7,71.7,3.84,52,Satisfactory,CO
Lucknow,North,4,11.1,92.85,19.0,10.94,0.9,65.91,30.2,48.6,4.45,93,Satisfactory,PM10
Hyderabad,South,12,88.69,172.14,72.81,7.72,0.93,35.08,17.2,50.6,1.54,196,Moderate,PM2.5
Guwahati,Northeast,3,51.33,72.93,16.34,17.8,0.97,37.39,20.7,60.5,2.0,85,Satisfactory,PM2.5
Guwahati,Northeast,2,212.82,302.19,48.26,12.06,0.85,20.38,21.4,48.0,2.04,372,Very Poor,PM2.5
Guwahati,Northeast,6,26.48,37.86,24.34,11.27,1.07,10.14,30.7,74.0,2.7,44,Good,PM2.5
Patna,East,1,157.77,164.81,50.18,14.85,0.62,17.07,20.7,57.7,1.57,329,Very Poor,PM2.5
Chennai,South,4,56.27,56.27,26.85,5.73,0.86,29.02,33.3,63.5,2.16,94,Satisfactory,PM2.5
Bengaluru,South,9,13.47,34.06,22.84,15.56,1.07,38.94,27.2,54.3,2.32,39,Good,O3
Kolkata,East,10,39.88,39.88,31.77,14.52,0.7,25.93,24.5,64.2,2.86,66,Satisfactory,PM2.5
Mumbai,West,3,44.85,59.68,40.27,16.29,0.87,28.68,30.0,58.6,3.65,74,Satisfactory,PM2.5
Hyderabad,South,8,16.77,51.43,39.38,13.19,0.78,29.98,26.3,71.7,3.4,51,Satisfactory,PM10
Delhi,North,5,39.67,69.03,16.53,15.16,0.84,58.37,30.3,56.7,1.79,69,Satisfactory,PM10
Ahmedabad,West,5,45.7,93.52,28.56,22.05,1.02,29.57,27.8,64.3,1.66,94,Satisfactory,PM10
Hyderabad,South,6,26.6,43.92,20.7,16.42,0.99,22.89,26.5,81.8,2.05,49,Good,CO
Hyderabad,South,7,30.5,44.38,28.69,13.12,0.75,23.72,22.4,80.0,3.56,44,Good,PM10
Delhi,North,10,31.18,78.02,39.27,16.31,0.89,45.2,35.1,56.2,2.52,78,Satisfactory,PM10
Guwahati,Northeast,2,108.87,341.29,49.46,13.78,1.32,21.38,12.0,63.9,1.93,291,Poor,PM10
Bengaluru,South,5,50.49,50.49,21.69,10.77,0.61,20.66,28.1,60.4,2.86,84,Satisfactory,PM2.5
Ahmedabad,West,10,77.5,92.24,26.53,20.64,0.47,10.54,24.3,66.5,2.99,157,Moderate,PM2.5
Ahmedabad,West,4,33.55,48.01,17.57,19.45,0.86,64.3,28.3,63.9,3.05,64,Satisfactory,O3
Ahmedabad,West,12,76.24,154.17,55.98,6.76,1.95,27.13,15.7,57.6,3.83,153,Moderate,PM2.5
Guwahati,Northeast,8,17.77,20.1,12.84,10.84,1.11,23.18,31.3,76.4,2.57,52,Satisfactory,CO
Ahmedabad,West,1,94.05,94.05,46.14,9.37,1.33,28.3,17.7,60.4,2.79,211,Poor,PM2.5
Hyderabad,South,9,21.47,48.92,25.46,10.56,1.1,25.35,28.5,96.7,1.7,51,Satisfactory,CO
Ahmedabad,West,5,37.25,107.2,33.76,14.88,0.86,38.84,28.8,60.1,2.59,105,Moderate,PM10
Bengaluru,South,2,35.44,119.81,66.18,16.53,1.61,49.52,16.3,51.3,1.18,114,Moderate,PM10
Lucknow,North,12,260.12,260.12,26.0,16.19,1.79,34.98,17.1,43.9,1.3,405,Severe,PM2.5
Patna,East,6,19.74,38.43,23.49,14.04,0.9,22.07,27.4,74.9,3.49,45,Good,CO
Ahmedabad,West,9,23.8,23.8,19.9,8.94,0.68,23.44,29.8,83.6,2.33,40,Good,PM2.5
Mumbai,West,3,50.18,75.75,37.65,8.83,0.91,19.17,24.0,49.1,1.7,83,Satisfactory,PM2.5
Chennai,South,2,62.59,109.37,43.69,20.51,1.05,17.55,15.5,51.4,3.38,107,Moderate,PM10
Delhi,North,7,26.95,33.31,24.67,19.84,0.15,28.53,28.3,93.0,0.94,45,Good,PM2.5
Bengaluru,South,6,10.63,15.85,26.28,16.0,1.23,23.53,29.0,76.4,3.42,58,Satisfactory,CO
Delhi,North,3,41.94,101.22,17.81,15.15,1.18,35.81,23.4,58.4,3.14,101,Moderate,PM10
Chennai,South,7,21.07,49.18,17.12,10.85,0.44,33.22,28.7,99.0,3.95,49,Good,PM10
Delhi,North,10,49.01,69.23,29.1,13.33,0.37,29.65,27.3,74.0,2.65,81,Satisfactory,PM2.5
Ahmedabad,West,10,49.23,78.21,26.9,5.86,0.86,23.13,26.4,65.9,2.04,82,Satisfactory,PM2.5
Chennai,South,10,53.52,70.32,49.92,13.19,0.56,20.95,24.2,53.4,3.4,89,Satisfactory,PM2.5
Delhi,North,11,141.45,365.25,40.52,15.22,0.79,24.89,15.3,54.4,0.82,319,Very Poor,PM10
Bengaluru,South,2,29.84,159.55,60.65,13.49,1.63,43.58,25.4,50.3,2.98,140,Moderate,PM10
Guwahati,Northeast,1,94.52,309.79,51.59,4.27,1.82,30.38,16.2,46.7,1.64,260,Poor,PM10
Hyderabad,South,3,51.27,94.41,21.01,10.01,1.06,16.59,27.6,63.9,2.76,94,Satisfactory,PM10
Hyderabad,South,2,71.42,96.79,31.04,11.57,2.23,36.6,17.0,49.1,2.31,137,Moderate,PM2.5
Patna,East,6,22.29,45.35,47.01,8.02,1.08,32.56,26.0,69.8,3.11,58,Satisfactory,NO2
Guwahati,Northeast,5,49.24,58.43,26.68,6.53,0.9,50.61,28.9,34.0,3.11,82,Satisfactory,PM2.5
Hyderabad,South,12,51.61,91.89,53.76,10.04,2.05,36.0,17.2,47.8,2.94,92,Satisfactory,PM10
Bengaluru,South,10,17.4,120.43,34.0,9.78,0.38,26.48,25.2,59.5,0.38,114,Moderate,PM10
Guwahati,Northeast,10,38.52,72.09,26.02,12.25,1.31,23.67,24.3,46.2,2.23,72,Satisfactory,PM10
Hyderabad,South,10,60.12,74.29,35.89,19.04,0.67,25.08,31.0,61.5,3.38,74,Satisfactory,PM10
Ahmedabad,West,1,91.96,133.65,68.11,11.67,1.85,26.52,21.1,46.4,0.92,204,Poor,PM2.5
Patna,East,9,13.02,22.87,38.63,16.64,0.81,5.0,28.6,83.3,3.38,48,Good,NO2
Lucknow,North,9,18.96,30.19,18.71,8.65,0.99,30.84,29.4,66.7,0.94,49,Good,CO
Ahmedabad,West,2,45.01,125.64,29.14,17.67,1.21,41.38,19.6,43.6,5.15,117,Moderate,PM10
Bengaluru,South,12,74.07,116.67,54.72,14.52,1.18,26.21,18.3,56.7,3.47,146,Moderate,PM2.5
Lucknow,North,7,16.35,28.21,17.99,14.84,0.73,26.39,27.7,78.0,2.79,37,Good,CO
Mumbai,West,12,76.59,107.83,46.76,17.56,1.84,23.21,17.6,64.8,2.46,154,Moderate,PM2.5
Hyderabad,South,5,55.46,81.44,24.87,8.43,0.9,50.29,35.0,48.3,4.77,92,Satisfactory,PM2.5
Kolkata,East,2,211.79,211.82,24.8,5.7,1.44,32.4,18.1,50.0,2.03,371,Very Poor,PM2.5
Kolkata,East,1,175.67,525.86,47.88,8.66,1.83,34.17,18.9,53.3,2.23,457,Severe,PM10
Ahmedabad,West,9,19.42,27.78,31.61,8.88,1.14,31.56,35.0,89.8,1.59,53,Satisfactory,CO
Guwahati,Northeast,9,6.68,12.35,28.96,6.28,1.34,37.73,26.2,75.4,4.46,64,Satisfactory,CO
Chennai,South,2,47.15,81.12,43.66,14.07,1.35,31.8,23.9,40.8,2.3,81,Satisfactory,PM10
Bengaluru,South,2,49.5,108.48,37.53,14.5,1.67,30.51,17.1,50.3,2.41,106,Moderate,PM10
Chennai,South,10,51.6,51.6,30.42,7.83,0.81,14.88,25.9,62.2,3.31,86,Satisfactory,PM2.5
Ahmedabad,West,9,23.15,46.2,23.85,12.0,0.34,20.46,27.8,85.6,2.13,46,Good,PM10
Bengaluru,South,8,22.47,22.47,38.81,5.99,0.99,20.19,22.9,85.7,2.51,49,Good,CO
Hyderabad,South,12,45.06,63.32,41.09,25.87,2.0,32.65,19.8,48.1,5.86,75,Satisfactory,PM2.5
Chennai,South,1,78.93,154.16,29.67,7.78,1.48,36.33,14.1,51.5,2.57,162,Moderate,PM2.5
Mumbai,West,10,36.98,88.94,15.54,18.77,1.03,30.91,27.0,51.3,2.07,89,Satisfactory,PM10
Guwahati,Northeast,5,34.74,80.83,20.45,14.17,1.04,21.49,31.2,47.8,0.72,81,Satisfactory,PM10
Ahmedabad,West,12,138.52,146.68,68.05,14.92,1.7,35.52,16.1,55.8,4.12,314,Very Poor,PM2.5
Mumbai,West,4,64.57,80.69,42.21,11.0,1.47,49.23,29.8,50.6,1.9,113,Moderate,PM2.5
Kolkata,East,9,19.62,21.27,38.86,12.53,0.92,18.21,24.7,60.2,4.61,49,Good,NO2
Bengaluru,South,12,37.12,169.45,53.58,12.58,1.76,36.01,18.3,39.7,3.62,146,Moderate,PM10
Guwahati,Northeast,12,225.61,225.61,37.5,13.88,1.15,8.24,18.6,59.2,1.33,381,Very Poor,PM2.5
Delhi,North,4,51.35,76.74,29.14,18.48,0.64,51.74,27.5,53.6,4.14,85,Satisfactory,PM2.5
Guwahati,Northeast,5,41.19,130.69,36.61,8.46,0.75,39.86,34.9,52.0,1.61,121,Moderate,PM10
Patna,East,9,8.33,25.02,27.29,11.84,0.53,30.97,28.7,72.7,4.66,34,Good,NO2
Chennai,South,11,45.38,176.86,40.46,12.86,1.37,33.24,16.6,48.6,2.62,151,Moderate,PM10
Patna,East,1,220.02,220.02,47.47,12.43,1.54,36.13,13.5,56.5,0.7,377,Very Poor,PM2.5
Delhi,North,6,10.7,31.0,23.14,19.86,0.97,31.69,23.7,83.9,4.63,48,Good,CO
Ahmedabad,West,7,10.95,29.63,28.91,9.23,1.58,23.95,26.9,73.2,3.06,77,Satisfactory,CO
Mumbai,West,6,21.06,32.16,18.98,17.8,0.86,26.43,20.0,77.0,2.35,43,Good,CO
Kolkata,East,6,27.26,28.9,43.92,18.79,0.71,39.5,31.8,73.5,1.64,55,Satisfactory,NO2
Lucknow,North,11,181.3,192.58,53.91,9.27,1.23,23.28,14.1,47.5,0.99,347,Very Poor,PM2.5
Lucknow,North,4,46.64,51.92,37.25,11.23,1.31,45.04,31.2,56.1,3.49,77,Satisfactory,PM2.5
Patna,East,2,208.07,402.94,37.53,14.94,1.88,31.85,16.7,48.7,1.07,368,Very Poor,PM2.5
Delhi,North,6,14.3,33.35,21.63,14.09,0.92,29.42,26.2,78.6,2.52,46,Good,CO
Kolkata,East,12,135.23,302.64,29.19,15.42,1.33,20.34,14.6,42.3,1.13,312,Very Poor,PM2.5
Lucknow,North,3,34.87,34.87,31.07,6.65,1.12,24.46,26.2,69.6,3.49,58,Satisfactory,PM2.5
Delhi,North,8,12.46,16.01,49.87,7.86,1.22,23.53,23.8,78.2,2.43,62,Satisfactory,NO2
Mumbai,West,9,26.02,28.33,15.9,6.25,0.28,25.69,27.0,68.9,1.38,43,Good,PM2.5
Guwahati,Northeast,2,124.61,254.62,42.71,13.19,1.33,23.89,12.4,51.6,1.45,304,Very Poor,PM2.5
Delhi,North,2,267.06,285.28,45.75,14.4,2.61,30.12,11.3,55.5,0.91,407,Severe,PM2.5
Hyderabad,South,2,111.59,171.89,34.97,7.69,1.68,20.56,17.6,46.3,2.35,271,Poor,PM2.5
Lucknow,North,6,26.11,46.86,27.16,11.83,1.07,28.02,32.2,67.5,3.76,47,Good,PM10
Kolkata,East,1,97.21,455.36,82.35,11.0,1.81,24.04,17.1,42.9,0.68,415,Severe,PM10
Lucknow,North,9,19.98,34.95,21.19,12.91,0.49,21.5,23.4,88.3,0.95,35,Good,PM10
Chennai,South,8,5.74,25.23,24.14,16.69,0.84,24.55,27.9,74.5,5.5,42,Good,CO
Ahmedabad,West,11,80.14,148.5,39.08,12.79,1.36,30.3,18.3,50.9,1.51,166,Moderate,PM2.5
Lucknow,North,3,54.24,54.24,24.47,4.47,1.11,27.82,27.0,53.3,2.45,90,Satisfactory,PM2.5
Patna,East,10,61.63,95.93,14.96,11.11,0.97,21.83,22.0,49.7,4.48,103,Moderate,PM2.5
Hyderabad,South,3,45.75,72.91,26.71,10.46,1.11,28.3,25.1,60.4,1.37,76,Satisfactory,PM2.5
Hyderabad,South,2,53.32,96.75,55.39,10.04,1.43,37.81,15.1,56.0,3.86,97,Satisfactory,PM10
Ahmedabad,West,8,35.68,35.68,20.71,15.92,1.15,21.36,28.5,99.0,2.92,59,Satisfactory,PM2.5
Chennai,South,4,69.83,133.96,30.06,18.01,0.69,42.31,29.7,44.9,1.0,131,Moderate,PM2.5
Delhi,North,12,185.18,187.0,70.43,6.67,1.72,24.51,18.3,59.2,1.82,350,Very Poor,PM2.5
Chennai,South,4,54.14,54.14,37.53,6.91,0.87,37.57,32.1,56.1,2.62,90,Satisfactory,PM2.5
Ahmedabad,West,8,11.07,34.4,18.64,15.24,0.7,28.32,23.0,88.3,2.88,35,Good,CO
Delhi,North,7,26.13,26.13,22.83,12.82,0.42,14.1,24.5,68.9,2.41,44,Good,PM2.5
Bengaluru,South,8,25.56,53.11,27.81,12.74,0.89,30.69,28.2,85.4,3.83,53,Satisfactory,PM10
Kolkata,East,6,30.95,34.7,22.86,9.85,0.87,18.9,25.2,68.9,3.19,44,Good,CO
Ahmedabad,West,10,17.14,61.49,43.33,15.02,1.02,22.42,27.9,59.9,1.91,62,Satisfactory,PM10
Patna,East,2,133.61,150.52,28.94,11.04,1.19,25.47,13.2,58.4,2.57,311,Very Poor,PM2.5
Bengaluru,South,9,28.26,40.89,30.23,12.42,0.65,33.8,28.9,74.3,3.39,47,Good,PM2.5
Mumbai,West,9,15.78,42.43,31.62,10.89,0.81,29.47,21.5,71.9,1.38,42,Good,PM10
Hyderabad,South,5,62.15,87.45,23.7,8.61,0.7,67.2,31.2,61.6,0.44,105,Moderate,PM2.5
Chennai,South,6,19.94,29.28,29.12,12.58,1.06,12.3,23.7,77.2,2.07,36,Good,NO2
Chennai,South,8,21.02,26.73,29.62,14.61,0.92,34.05,20.5,73.3,3.8,46,Good,CO
Guwahati,Northeast,3,29.25,73.6,27.85,9.43,1.4,30.41,24.3,48.5,3.25,74,Satisfactory,PM10
Kolkata,East,10,78.9,86.32,32.7,13.19,1.2,7.88,23.4,68.3,4.48,162,Moderate,PM2.5
Chennai,South,10,16.36,80.34,32.08,12.71,0.88,12.44,25.9,58.2,2.19,80,Satisfactory,PM10
Chennai,South,2,84.33,149.91,36.56,11.11,1.36,23.91,19.5,56.1,4.0,181,Moderate,PM2.5
Mumbai,West,10,42.29,141.73,41.02,8.84,0.93,11.32,27.1,73.4,5.92,128,Moderate,PM10
Lucknow,North,5,50.27,90.39,44.63,7.28,1.62,38.0,27.5,57.5,1.89,90,Satisfactory,PM10
Lucknow,North,9,8.54,35.89,33.58,19.12,1.08,39.94,25.2,81.2,0.3,42,Good,NO2
Kolkata,East,4,51.09,87.45,14.78,10.13,0.83,36.59,33.2,58.3,2.91,88,Satisfactory,PM10
Ahmedabad,West,2,96.09,159.67,43.56,25.68,1.23,36.46,15.1,58.2,3.58,218,Poor,PM2.5
Patna,East,10,42.94,119.36,21.16,13.93,0.99,27.64,21.8,66.6,2.81,113,Moderate,PM10
Patna,East,6,21.89,35.09,31.13,7.26,1.32,24.85,25.9,88.3,3.08,63,Satisfactory,CO
Kolkata,East,2,183.17,323.08,46.3,16.43,0.99,30.2,20.4,57.0,0.2,349,Very Poor,PM2.5
Chennai,South,2,40.26,164.9,42.37,17.64,1.02,31.28,18.0,74.1,4.12,144,Moderate,PM10
Patna,East,6,34.62,37.36,27.16,10.98,0.99,5.0,27.0,79.8,2.63,57,Satisfactory,PM2.5
Guwahati,Northeast,3,42.64,42.64,42.9,10.76,0.34,26.27,29.7,61.4,1.78,71,Satisfactory,PM2.5
Ahmedabad,West,9,18.22,29.88,17.42,11.68,0.54,35.97,30.2,70.0,2.0,36,Good,O3
Patna,East,4,44.5,82.39,31.89,14.11,1.32,42.76,27.1,47.1,4.63,82,Satisfactory,PM10
Bengaluru,South,4,48.25,86.8,29.35,14.08,0.8,55.3,29.4,52.8,0.91,87,Satisfactory,PM10
Lucknow,North,7,29.23,29.7,16.42,13.37,0.72,41.01,30.2,67.8,2.61,49,Good,PM2.5
Delhi,North,4,26.72,75.22,34.87,11.61,0.76,14.2,29.0,64.4,1.3,75,Satisfactory,PM10
Mumbai,West,3,35.81,80.95,24.65,6.35,1.02,22.98,24.5,41.0,4.26,81,Satisfactory,PM10
Kolkata,East,11,221.97,322.61,63.93,9.29,0.94,34.41,18.4,48.3,1.82,378,Very Poor,PM2.5
Delhi,North,2,195.78,195.78,62.08,11.98,2.12,36.13,20.1,51.1,1.8,358,Very Poor,PM2.5
Mumbai,West,10,54.56,81.15,33.98,9.48,1.31,13.87,27.1,56.8,2.08,91,Satisfactory,PM2.5
Lucknow,North,12,96.97,447.6,28.53,7.43,1.1,29.67,21.0,56.2,2.22,411,Severe,PM10
Lucknow,North,3,55.37,69.53,29.92,17.32,0.44,44.72,26.6,47.1,2.02,92,Satisfactory,PM2.5
Patna,East,2,121.19,121.19,49.39,8.54,1.91,19.03,24.8,56.1,1.51,301,Very Poor,PM2.5
Delhi,North,10,16.31,65.09,42.98,10.46,0.88,24.08,31.4,58.0,1.4,65,Satisfactory,PM10
Patna,East,12,83.0,264.05,35.88,8.63,1.09,23.46,21.0,36.8,2.11,214,Poor,PM10
Kolkata,East,3,53.02,79.4,30.32,18.83,0.43,34.11,24.8,66.6,2.11,88,Satisfactory,PM2.5
Kolkata,East,9,9.28,16.94,27.05,18.89,1.04,32.44,29.6,74.8,3.48,34,Good,NO2
Ahmedabad,West,10,40.05,72.14,23.42,11.68,0.83,22.06,26.6,61.2,1.57,72,Satisfactory,PM10
Lucknow,North,2,132.35,288.17,38.42,17.04,2.06,19.19,19.6,63.6,0.87,310,Very Poor,PM2.5
Patna,East,12,201.16,201.16,36.8,7.13,1.96,22.18,17.1,46.0,2.04,362,Very Poor,PM2.5
Lucknow,North,8,10.27,19.48,33.83,15.68,1.24,17.41,26.3,97.4,2.46,58,Satisfactory,CO
Patna,East,11,158.82,315.24,55.39,9.05,1.32,25.51,15.8,42.1,2.41,330,Very Poor,PM2.5
Hyderabad,South,3,39.48,69.18,27.32,14.09,0.77,37.57,28.8,58.5,2.05,69,Satisfactory,PM10
Guwahati,Northeast,9,19.1,21.59,36.58,8.51,1.13,6.88,25.9,87.3,2.81,53,Satisfactory,CO
Bengaluru,South,6,13.86,38.02,28.03,13.17,1.45,38.96,29.4,84.4,1.78,70,Satisfactory,CO
Lucknow,North,12,74.18,168.4,35.23,11.86,1.01,27.67,17.5,42.9,2.25,146,Moderate,PM2.5
Patna,East,12,222.57,222.57,45.95,6.25,1.29,43.21,17.0,43.2,1.67,379,Very Poor,PM2.5
Chennai,South,1,73.69,86.35,35.54,8.22,1.98,26.09,14.9,53.3,2.89,144,Moderate,PM2.5
Guwahati,Northeast,10,37.41,74.72,31.54,7.16,1.14,28.14,23.7,51.1,2.69,75,Satisfactory,PM10
Hyderabad,South,6,25.6,31.46,30.55,7.93,0.89,39.05,26.6,73.6,1.83,45,Good,CO
Delhi,North,7,30.24,30.24,27.58,3.77,0.79,30.21,22.3,74.4,3.13,40,Good,CO
Ahmedabad,West,4,50.34,54.13,30.44,9.12,1.09,12.89,30.1,60.8,4.31,84,Satisfactory,PM2.5
Chennai,South,4,47.97,85.12,38.53,10.17,0.52,21.91,33.0,61.8,2.51,85,Satisfactory,PM10
Bengaluru,South,5,47.85,81.31,32.03,6.68,0.42,30.49,26.9,48.8,4.56,81,Satisfactory,PM10
Mumbai,West,6,23.58,43.79,36.29,13.33,1.26,42.98,26.1,81.6,4.23,60,Satisfactory,CO
Lucknow,North,9,18.51,27.96,31.87,2.89,1.29,32.48,28.8,59.1,1.64,61,Satisfactory,CO
Hyderabad,South,3,42.21,42.21,29.86,15.26,1.04,26.74,30.4,54.4,3.4,70,Satisfactory,PM2.5
Mumbai,West,8,19.31,30.51,25.11,12.15,0.82,34.16,25.4,90.5,2.15,41,Good,CO
Patna,East,11,213.94,285.53,49.11,8.5,1.35,29.85,17.9,61.5,1.15,372,Very Poor,PM2.5
Delhi,North,8,8.45,41.07,32.65,16.69,1.18,34.63,29.5,82.9,3.66,55,Satisfactory,CO
Hyderabad,South,3,27.68,47.51,38.67,8.24,0.73,28.06,23.3,63.0,0.41,48,Good,NO2
Lucknow,North,9,21.66,21.66,38.91,12.22,1.21,31.01,27.0,70.0,3.84,57,Satisfactory,CO
Chennai,South,4,77.83,95.51,24.66,13.39,1.01,56.65,35.0,58.7,1.44,158,Moderate,PM2.5
Mumbai,West,12,42.08,97.87,69.66,19.29,2.06,38.34,15.9,39.9,1.67,98,Satisfactory,PM10
Patna,East,12,97.62,230.71,50.4,12.65,1.27,32.78,16.0,52.1,0.78,224,Poor,PM2.5
Patna,East,5,45.33,92.08,17.78,12.84,1.05,16.25,34.5,50.0,3.04,92,Satisfactory,PM10
Guwahati,Northeast,8,27.02,27.02,26.5,17.92,0.68,24.98,25.8,82.6,1.08,45,Good,PM2.5
Hyderabad,South,9,15.84,34.31,26.11,14.88,0.89,40.1,30.0,71.6,4.33,45,Good,CO
Ahmedabad,West,8,21.45,43.18,19.25,5.38,0.91,22.91,33.2,71.9,2.85,45,Good,CO
Patna,East,10,64.39,64.39,14.46,18.69,0.92,34.8,29.6,68.2,2.38,113,Moderate,PM2.5
Guwahati,Northeast,6,6.1,24.15,28.52,8.63,0.59,28.42,31.0,77.6,1.53,36,Good,NO2
Bengaluru,South,8,14.76,49.7,25.79,12.5,1.32,16.65,23.8,75.4,2.64,63,Satisfactory,CO
Delhi,North,9,13.96,20.96,20.14,13.11,1.03,22.06,27.1,93.6,2.84,25,Good,NO2
Chennai,South,11,116.28,116.28,37.01,9.75,1.35,12.7,18.4,53.7,2.59,287,Poor,PM2.5
Ahmedabad,West,7,22.08,22.08,30.42,14.68,0.47,40.29,23.3,68.9,3.03,40,Good,O3
Ahmedabad,West,2,89.05,139.03,40.52,12.52,1.45,29.46,18.2,48.0,2.41,197,Moderate,PM2.5
Chennai,South,2,90.34,129.62,14.78,15.81,1.57,20.13,14.9,46.5,1.76,120,Moderate,PM10
Patna,East,12,255.24,302.28,77.32,13.08,1.88,20.6,17.5,51.3,1.75,403,Severe,PM2.5
Mumbai,West,2,78.61,130.26,43.64,10.05,1.28,37.09,17.1,54.6,2.62,161,Moderate,PM2.5
Delhi,North,2,48.67,296.72,29.93,13.88,1.53,15.58,19.0,53.8,1.27,247,Poor,PM10
Delhi,North,12,194.06,285.18,64.97,10.49,2.09,27.69,21.9,50.1,1.03,357,Very Poor,PM2.5
Mumbai,West,12,69.17,90.68,68.22,7.82,1.27,32.88,21.6,57.8,3.99,129,Moderate,PM2.5
Guwahati,Northeast,4,43.96,122.67,42.2,15.43,1.2,52.82,27.4,59.7,4.48,115,Moderate,PM10
Hyderabad,South,5,44.0,111.13,31.1,15.63,1.0,48.82,32.8,70.4,4.4,108,Moderate,PM10
Patna,East,11,179.91,375.71,46.11,5.72,1.16,20.95,16.6,46.0,1.98,346,Very Poor,PM2.5
Hyderabad,South,10,64.86,64.86,25.03,12.5,1.12,37.61,25.4,67.9,0.92,114,Moderate,PM2.5
Bengaluru,South,9,10.75,39.04,37.49,16.26,0.46,24.24,29.2,83.5,3.11,47,Good,NO2
Lucknow,North,3,63.87,108.09,29.38,13.1,1.04,40.27,27.8,58.5,3.23,111,Moderate,PM2.5
Kolkata,East,10,45.0,45.0,32.39,17.62,1.18,35.99,26.8,61.2,4.13,75,Satisfactory,PM2.5
Hyderabad,South,11,106.42,106.42,38.22,10.4,1.15,16.9,19.4,55.2,3.08,254,Poor,PM2.5
Kolkata,East,7,9.88,29.47,25.53,12.23,0.51,20.21,25.7,86.5,3.09,32,Good,NO2
Chennai,South,4,43.07,76.52,32.19,11.15,0.73,23.23,29.2,66.7,4.21,76,Satisfactory,PM10
Kolkata,East,6,7.96,43.99,28.58,5.53,0.1,19.91,25.6,68.8,3.57,44,Good,PM10
Mumbai,West,1,70.3,203.73,49.69,11.45,1.56,33.62,19.6,44.0,2.34,169,Moderate,PM10
Chennai,South,9,18.25,53.29,33.19,11.62,1.24,29.58,22.1,91.3,2.62,58,Satisfactory,CO
Guwahati,Northeast,11,70.42,364.02,25.2,18.48,1.64,34.0,17.2,56.2,1.58,317,Very Poor,PM10
Guwahati,Northeast,8,12.7,38.13,12.74,16.47,0.95,31.9,19.1,69.0,2.23,48,Good,CO
Kolkata,East,3,30.15,134.98,25.79,7.12,0.85,20.01,23.4,68.1,3.37,124,Moderate,PM10
Kolkata,East,1,231.5,311.71,32.63,15.4,1.06,23.98,17.9,50.8,0.4,386,Very Poor,PM2.5
Hyderabad,South,7,20.09,28.12,37.46,18.23,0.6,28.5,31.7,76.9,2.34,47,Good,NO2
Ahmedabad,West,3,40.68,105.67,23.0,9.72,1.11,28.84,27.3,44.7,2.4,104,Moderate,PM10
Chennai,South,1,50.8,144.01,51.86,11.04,2.25,25.15,17.2,50.3,2.89,130,Moderate,PM10
Kolkata,East,3,21.81,96.42,28.57,14.66,1.55,23.7,23.3,61.6,3.19,96,Satisfactory,PM10
Delhi,North,7,16.43,25.85,15.12,5.44,0.79,27.02,33.2,64.5,3.18,39,Good,CO
Bengaluru,South,8,21.83,28.71,36.7,16.94,0.87,40.09,29.3,89.1,2.75,46,Good,NO2
Hyderabad,South,12,51.18,87.95,79.39,6.79,1.39,12.06,15.5,44.0,2.05,99,Satisfactory,NO2
Chennai,South,2,56.51,138.31,33.5,8.21,2.12,42.32,21.8,38.8,4.13,126,Moderate,PM10
Bengaluru,South,7,8.23,45.61,29.89,10.43,0.93,31.72,30.5,86.8,1.11,46,Good,CO
Mumbai,West,2,72.29,175.13,8.72,9.07,0.87,16.5,21.0,47.7,0.28,150,Moderate,PM10
Guwahati,Northeast,1,274.01,274.01,55.67,19.52,1.58,44.2,16.0,63.6,2.08,410,Severe,PM2.5
Bengaluru,South,2,33.56,83.24,14.24,14.85,1.83,28.67,17.6,62.9,3.13,91,Satisfactory,CO
Bengaluru,South,12,73.61,192.1,56.96,10.13,1.58,31.89,16.7,47.9,2.79,162,Moderate,PM10
Kolkata,East,4,57.46,67.1,35.3,12.04,0.99,45.2,24.7,35.6,3.05,96,Satisfactory,PM2.5
Patna,East,2,68.2,204.92,61.31,13.72,1.97,31.81,15.2,58.2,1.73,170,Moderate,PM10
Hyderabad,South,3,45.93,94.69,21.7,17.22,1.05,28.02,31.6,49.6,2.28,95,Satisfactory,PM10
Lucknow,North,6,22.79,46.64,19.74,27.87,0.72,31.03,27.0,78.4,1.91,47,Good,PM10
Mumbai,West,3,31.55,35.9,18.58,18.94,1.24,11.14,29.4,44.1,2.77,58,Satisfactory,CO
Ahmedabad,West,3,59.03,89.23,36.23,10.58,0.85,15.41,23.9,67.6,3.21,98,Satisfactory,PM2.5
Lucknow,North,4,64.88,64.88,34.05,6.34,1.3,48.86,33.9,54.4,5.24,114,Moderate,PM2.5
Bengaluru,South,8,23.3,46.56,25.46,5.91,1.11,20.28,30.9,86.4,3.06,52,Satisfactory,CO
Kolkata,East,10,60.58,82.8,24.6,4.73,1.16,31.08,35.3,59.2,3.14,83,Satisfactory,PM10
Kolkata,East,7,24.86,24.86,27.35,15.97,0.81,34.64,27.3,81.2,4.09,41,Good,PM2.5
Ahmedabad,West,8,9.96,31.67,21.07,1.8,0.87,29.67,30.1,68.9,2.9,44,Good,CO
Hyderabad,South,3,35.95,88.81,41.42,3.06,0.97,37.77,25.9,71.1,3.51,89,Satisfactory,PM10
Chennai,South,12,84.27,185.14,52.32,5.43,1.3,36.55,21.0,49.5,4.82,180,Moderate,PM2.5
Mumbai,West,3,52.28,86.47,16.82,11.47,1.54,20.25,28.9,50.8,1.76,87,Satisfactory,PM2.5
Kolkata,East,9,26.92,26.92,38.65,9.45,0.93,31.46,22.1,79.6,3.19,48,Good,NO2
Kolkata,East,5,29.89,57.75,33.54,18.78,0.74,26.44,30.0,51.9,3.25,58,Satisfactory,PM10
Ahmedabad,West,7,27.15,36.62,36.43,1.2,0.43,38.86,24.8,66.3,2.57,46,Good,NO2
Guwahati,Northeast,1,151.15,310.19,52.79,13.34,2.25,27.88,17.9,58.4,1.71,324,Very Poor,PM2.5
Patna,East,6,19.6,38.95,23.07,9.41,0.52,5.0,25.9,79.0,1.57,39,Good,PM10
Guwahati,Northeast,6,12.83,43.85,31.52,22.45,1.05,15.85,30.2,91.6,0.82,44,Good,PM10
Delhi,North,11,208.18,254.63,13.12,10.58,1.32,40.85,17.7,48.7,1.07,368,Very Poor,PM2.5
Hyderabad,South,7,20.65,26.27,30.22,9.33,0.2,33.61,28.7,79.6,2.3,38,Good,NO2
Mumbai,West,7,26.06,27.9,35.22,4.92,0.95,28.22,30.0,70.6,1.89,47,Good,CO
Lucknow,North,9,16.23,37.06,12.9,9.87,1.06,27.14,27.2,66.0,2.69,37,Good,PM10
Mumbai,West,7,19.09,36.0,25.4,9.81,0.62,36.19,23.3,79.3,4.83,36,Good,O3
Patna,East,1,188.52,292.38,46.16,7.67,1.48,32.83,19.2,58.3,2.08,353,Very Poor,PM2.5
Bengaluru,South,5,48.02,48.02,46.95,10.01,1.08,36.78,29.7,58.1,1.41,80,Satisfactory,PM2.5
Kolkata,East,5,63.27,89.02,20.31,14.17,1.12,33.27,32.2,68.1,1.19,109,Moderate,PM2.5
Lucknow,North,8,22.83,53.85,32.68,10.03,0.82,45.0,25.9,82.7,2.53,54,Satisfactory,PM10
Ahmedabad,West,6,28.26,34.19,24.58,9.93,0.43,28.84,27.2,71.5,0.75,47,Good,PM2.5
Mumbai,West,6,22.61,38.5,19.68,13.9,0.85,35.26,24.1,87.2,4.49,43,Good,CO
Ahmedabad,West,11,79.89,146.98,33.23,9.67,1.69,45.03,14.4,65.1,2.58,166,Moderate,PM2.5
Guwahati,Northeast,2,228.21,436.95,54.09,17.59,1.16,23.55,13.9,47.9,1.72,404,Severe,PM10
Ahmedabad,West,5,72.2,123.66,26.85,8.74,1.21,57.93,32.3,65.6,3.42,139,Moderate,PM2.5
Ahmedabad,West,1,40.14,117.18,45.11,13.33,1.54,13.69,11.7,57.9,2.06,112,Moderate,PM10
Chennai,South,10,36.21,55.55,20.11,16.9,0.84,33.33,29.3,62.5,3.7,60,Satisfactory,PM2.5
Delhi,North,8,29.92,42.93,36.03,7.5,0.97,12.59,31.2,73.0,2.26,50,Good,PM2.5
Guwahati,Northeast,2,157.97,250.11,74.25,16.12,1.35,14.0,11.1,43.8,0.65,329,Very Poor,PM2.5
Ahmedabad,West,12,66.45,119.62,34.34,12.73,0.92,27.26,20.5,49.1,3.3,120,Moderate,PM2.5
Chennai,South,6,5.67,37.8,36.79,10.86,1.48,15.88,25.0,79.1,3.32,72,Satisfactory,CO
Chennai,South,10,28.32,90.74,29.12,10.35,1.03,26.85,26.6,58.6,1.88,91,Satisfactory,PM10
Guwahati,Northeast,4,36.72,77.24,12.28,16.53,0.9,28.58,35.8,60.3,1.3,77,Satisfactory,PM10
Patna,East,6,29.85,29.85,25.29,9.8,0.39,30.73,29.5,83.3,2.84,50,Good,PM2.5
Patna,East,5,27.12,118.23,21.51,8.83,0.74,33.83,30.4,58.1,2.95,112,Moderate,PM10
Lucknow,North,8,21.43,23.16,34.15,15.46,0.9,22.54,27.9,70.9,2.84,45,Good,CO
Patna,East,7,38.89,38.89,5.59,8.94,0.44,21.9,23.1,70.8,1.61,64,Satisfactory,PM2.5
Bengaluru,South,1,68.81,157.39,48.58,16.46,1.45,41.39,19.4,45.8,3.49,138,Moderate,PM10
Ahmedabad,West,8,18.81,35.42,34.31,1.84,0.81,33.73,27.7,69.0,0.28,43,Good,NO2
Bengaluru,South,8,18.92,50.06,34.68,8.19,0.22,24.12,26.9,81.6,1.56,43,Good,NO2
Chennai,South,5,47.8,99.13,25.42,14.13,0.98,53.03,28.5,35.4,2.53,99,Satisfactory,PM10
Hyderabad,South,4,26.77,41.89,23.17,11.45,0.93,13.21,25.7,69.0,2.59,46,Good,CO
Lucknow,North,5,24.0,76.4,24.84,9.03,0.51,31.06,36.9,57.2,3.68,76,Satisfactory,PM10
Kolkata,East,2,142.52,220.1,67.38,13.79,1.22,24.69,21.2,29.3,1.57,318,Very Poor,PM2.5
Mumbai,West,9,14.94,36.02,32.22,6.09,1.13,30.5,26.5,78.8,3.59,52,Satisfactory,CO
Delhi,North,3,54.61,95.1,29.63,21.13,0.5,13.41,27.5,65.3,0.28,95,Satisfactory,PM10
Lucknow,North,8,18.97,42.11,31.6,3.32,0.61,21.22,29.2,81.0,2.1,42,Good,PM10
Hyderabad,South,1,44.08,192.17,56.27,15.77,2.26,36.54,18.1,50.5,4.24,162,Moderate,PM10
Guwahati,Northeast,8,14.94,54.74,20.14,3.67,1.17,21.86,28.3,92.5,1.26,55,Satisfactory,PM10
Bengaluru,South,2,106.34,143.34,45.41,23.47,1.55,31.33,22.9,59.8,4.28,253,Poor,PM2.5
Ahmedabad,West,2,100.09,125.05,37.26,13.07,1.69,43.69,19.1,45.8,1.67,232,Poor,PM2.5
Ahmedabad,West,8,10.71,27.04,25.95,9.97,1.1,21.8,19.6,64.5,2.78,32,Good,NO2
Delhi,North,5,25.52,121.45,34.96,11.72,0.96,38.66,27.2,68.2,3.75,115,Moderate,PM10
Ahmedabad,West,5,48.57,84.23,25.3,22.07,1.44,37.24,30.3,57.3,2.12,84,Satisfactory,PM10
Mumbai,West,12,82.42,189.02,70.32,15.79,0.44,12.34,21.2,65.0,3.42,174,Moderate,PM2.5
Mumbai,West,10,66.3,93.79,37.55,3.09,0.99,42.91,28.6,67.6,2.84,119,Moderate,PM2.5
Ahmedabad,West,5,67.09,67.09,21.55,9.7,0.91,21.71,33.2,58.7,3.76,122,Moderate,PM2.5
Guwahati,Northeast,5,58.51,107.18,31.68,12.14,1.13,58.02,32.6,64.8,4.66,105,Moderate,PM10
Kolkata,East,6,14.58,47.51,26.96,12.16,0.93,36.14,32.2,78.2,4.74,48,Good,PM10
Ahmedabad,West,10,67.08,81.05,23.86,21.23,0.74,22.5,23.2,70.1,4.48,122,Moderate,PM2.5
Chennai,South,11,45.9,118.76,43.64,7.05,1.37,32.25,16.2,54.3,0.81,113,Moderate,PM10
Delhi,North,6,17.48,43.41,29.58,13.93,0.59,21.61,24.8,78.2,4.29,43,Good,PM10
Guwahati,Northeast,5,30.82,78.5,27.32,10.32,0.9,51.62,28.8,57.2,3.9,78,Satisfactory,PM10
Ahmedabad,West,10,65.15,109.45,16.57,13.38,0.76,17.93,24.6,57.6,2.47,115,Moderate,PM2.5
Mumbai,West,7,20.15,59.69,13.51,17.46,0.9,24.32,20.9,84.1,1.19,60,Satisfactory,PM10
Delhi,North,12,257.51,257.51,64.82,12.12,0.59,17.88,18.5,55.2,0.51,404,Severe,PM2.5
Lucknow,North,2,206.12,353.48,42.06,14.1,2.11,35.16,20.7,52.9,1.35,366,Very Poor,PM2.5
Delhi,North,4,32.97,102.02,15.14,9.58,0.89,47.92,33.0,71.9,2.89,102,Moderate,PM10
Ahmedabad,West,6,19.22,31.13,32.37,6.88,0.85,41.63,27.5,69.6,2.42,43,Good,CO
Mumbai,West,9,19.83,51.44,18.03,5.01,0.72,35.74,32.1,81.6,1.36,51,Satisfactory,PM10
Hyderabad,South,5,73.18,73.18,29.18,13.15,0.48,54.57,33.6,44.1,1.31,143,Moderate,PM2.5
Lucknow,North,3,56.79,59.26,31.37,11.13,0.92,32.17,27.8,59.8,3.17,95,Satisfactory,PM2.5
Lucknow,North,1,148.26,236.81,75.08,9.88,2.26,22.24,20.4,66.3,1.21,322,Very Poor,PM2.5
Patna,East,10,38.24,76.06,30.7,11.81,0.79,44.42,26.4,55.0,3.73,76,Satisfactory,PM10
Chennai,South,1,104.61,187.82,52.99,10.62,0.69,20.12,18.6,42.6,1.02,247,Poor,PM2.5
Delhi,North,8,25.76,31.88,35.53,14.96,1.21,46.26,34.8,83.9,2.28,57,Satisfactory,CO
Bengaluru,South,8,31.4,31.4,40.16,11.18,0.96,21.22,23.0,75.8,4.26,52,Satisfactory,PM2.5
Guwahati,Northeast,3,70.4,70.4,19.03,13.22,1.08,29.58,27.5,72.8,2.91,133,Moderate,PM2.5
Guwahati,Northeast,11,73.22,179.55,66.34,9.96,1.44,36.84,24.2,54.0,1.32,153,Moderate,PM10
Guwahati,Northeast,8,17.02,30.75,25.06,16.37,0.88,39.42,26.7,75.1,4.23,44,Good,CO
Kolkata,East,7,19.35,34.77,40.32,13.47,1.24,26.03,30.3,79.9,3.79,58,Satisfactory,CO
Lucknow,North,9,13.58,35.17,36.04,17.36,1.24,28.88,31.6,72.7,1.13,58,Satisfactory,CO
Ahmedabad,West,2,99.3,99.3,26.83,3.74,1.95,15.84,19.6,49.4,1.94,229,Poor,PM2.5
Chennai,South,9,21.71,26.64,27.96,13.93,1.07,35.85,27.5,69.6,3.32,36,Good,PM2.5
Kolkata,East,7,18.96,31.45,48.79,5.79,1.03,36.79,26.0,76.7,2.35,61,Satisfactory,NO2
Patna,East,4,59.17,71.95,54.13,9.83,1.27,48.85,31.3,71.8,1.01,99,Satisfactory,PM2.5
Lucknow,North,2,119.88,236.42,41.04,7.37,0.81,31.27,17.8,49.6,1.83,300,Poor,PM2.5
Patna,East,2,145.06,520.96,62.66,23.74,1.4,30.1,14.3,49.4,1.07,454,Severe,PM10
Kolkata,East,6,15.34,32.01,15.79,14.56,0.66,35.72,21.6,77.0,0.73,36,Good,O3
Guwahati,Northeast,4,40.48,62.75,23.8,16.66,1.49,46.28,28.4,60.5,2.4,72,Satisfactory,CO
Kolkata,East,4,49.53,49.53,37.22,16.64,1.3,35.49,31.9,50.5,2.74,82,Satisfactory,PM2.5
Patna,East,5,34.98,84.36,29.41,9.84,1.28,39.05,31.4,48.3,3.38,84,Satisfactory,PM10
Kolkata,East,3,60.08,60.08,31.62,1.53,1.07,26.53,28.2,55.2,1.74,60,Satisfactory,PM10
Kolkata,East,10,48.02,89.73,30.55,7.5,1.4,30.8,25.1,63.4,3.09,90,Satisfactory,PM10
Delhi,North,7,18.17,44.6,42.51,2.23,1.23,28.17,27.7,88.8,0.28,58,Satisfactory,CO
Guwahati,Northeast,3,65.2,65.2,16.29,19.87,0.43,31.52,30.1,63.2,3.43,115,Moderate,PM2.5
Guwahati,Northeast,1,185.91,214.19,39.66,12.17,0.86,32.85,10.6,54.9,1.66,351,Very Poor,PM2.5
Bengaluru,South,10,25.57,67.13,33.37,13.66,0.6,28.89,27.8,61.8,1.7,67,Satisfactory,PM10
Chennai,South,5,59.45,88.82,31.46,19.88,0.95,31.39,28.5,61.4,1.19,99,Satisfactory,PM2.5
Bengaluru,South,4,52.31,103.38,15.03,12.48,0.88,42.47,31.4,59.7,4.36,103,Moderate,PM10
Kolkata,East,12,280.02,280.02,42.09,7.35,1.35,34.0,20.6,57.4,1.03,412,Severe,PM2.5
Mumbai,West,7,34.12,34.12,39.9,13.94,0.7,18.05,24.9,81.3,1.78,56,Satisfactory,PM2.5
Lucknow,North,6,18.78,41.66,33.21,19.79,0.78,28.89,22.8,78.8,4.08,42,Good,PM10
Lucknow,North,2,289.51,314.41,40.22,14.19,0.9,21.29,14.3,52.1,1.37,416,Severe,PM2.5
Lucknow,North,9,19.55,24.07,41.1,1.2,0.91,29.83,27.0,82.0,2.92,51,Satisfactory,NO2
Bengaluru,South,1,55.25,66.91,47.33,7.07,1.25,37.76,22.7,61.1,3.87,92,Satisfactory,PM2.5
Patna,East,4,60.99,84.66,44.36,7.59,1.08,26.07,33.0,46.2,1.44,85,Satisfactory,PM10
Guwahati,Northeast,5,48.97,84.64,48.58,11.56,1.11,44.03,33.1,61.1,4.03,85,Satisfactory,PM10
Chennai,South,9,5.0,38.74,12.84,18.3,0.75,19.28,35.1,77.9,2.56,39,Good,PM10
Hyderabad,South,12,89.98,159.67,28.81,14.57,1.46,20.26,18.1,37.5,3.83,200,Moderate,PM2.5
Chennai,South,10,37.48,73.34,26.59,17.48,0.6,24.79,26.4,51.5,2.98,73,Satisfactory,PM10
Patna,East,4,22.88,88.58,41.0,12.23,0.87,40.43,29.5,69.4,2.91,89,Satisfactory,PM10
Delhi,North,9,28.75,44.28,33.05,1.2,0.9,35.5,28.1,79.6,3.8,48,Good,PM2.5
Ahmedabad,West,2,99.49,124.77,49.18,16.28,1.41,18.78,18.0,56.7,3.84,230,Poor,PM2.5
Bengaluru,South,6,19.76,32.66,23.03,13.2,0.46,28.19,35.5,66.0,2.98,33,Good,PM2.5
Hyderabad,South,9,7.6,39.66,19.88,14.47,0.76,16.01,29.9,83.3,1.72,40,Good,PM10
Lucknow,North,8,16.14,17.45,34.4,15.84,0.81,27.76,27.3,80.0,1.29,43,Good,NO2
Hyderabad,South,10,26.49,92.14,19.06,5.76,0.89,27.58,27.3,52.9,3.03,92,Satisfactory,PM10
Chennai,South,1,98.56,125.61,39.37,5.53,0.87,30.71,20.4,44.9,3.09,227,Poor,PM2.5
Hyderabad,South,8,25.34,43.37,8.96,16.95,0.97,23.54,25.5,78.3,2.24,48,Good,CO
Mumbai,West,3,33.85,52.63,39.31,12.27,1.51,31.12,28.8,51.5,2.56,73,Satisfactory,CO
Chennai,South,7,15.73,29.62,31.53,14.11,0.54,30.38,28.7,73.3,2.03,39,Good,NO2
Bengaluru,South,3,5.0,76.55,41.73,1.2,1.12,32.57,22.7,64.2,3.92,76,Satisfactory,PM10
Ahmedabad,West,2,52.67,119.93,62.08,9.4,1.58,22.41,18.1,60.4,2.92,114,Moderate,PM10
Ahmedabad,West,8,20.02,26.16,19.65,17.78,1.34,12.95,28.7,84.9,1.44,64,Satisfactory,CO
Chennai,South,1,55.86,186.86,71.8,7.58,0.9,34.49,19.6,62.0,1.61,158,Moderate,PM10
Bengaluru,South,3,33.47,90.8,27.69,21.12,1.02,25.36,27.4,59.2,1.51,91,Satisfactory,PM10
Chennai,South,12,109.17,112.71,58.08,21.85,2.19,25.42,17.7,38.3,3.67,263,Poor,PM2.5
Mumbai,West,3,64.68,92.59,30.96,7.21,0.99,22.69,28.6,53.9,3.38,114,Moderate,PM2.5
Ahmedabad,West,11,79.24,130.73,61.15,20.5,1.55,32.38,22.5,57.4,0.56,163,Moderate,PM2.5
Lucknow,North,5,56.83,67.32,40.1,20.92,0.74,28.99,29.9,56.6,4.52,95,Satisfactory,PM2.5
Patna,East,4,56.69,108.35,34.88,14.09,0.86,65.3,30.3,67.6,2.62,106,Moderate,PM10
Guwahati,Northeast,8,18.34,32.81,26.8,8.83,1.07,34.19,26.1,75.5,1.62,34,Good,O3
Chennai,South,4,66.7,108.14,22.97,21.56,0.8,29.2,26.9,51.4,3.17,120,Moderate,PM2.5
Ahmedabad,West,7,15.77,25.67,18.88,7.73,1.17,43.15,32.6,83.5,2.25,55,Satisfactory,CO
Guwahati,Northeast,9,25.61,31.88,31.46,21.27,0.96,47.13,23.6,81.6,3.15,48,Good,CO
Hyderabad,South,12,89.64,173.65,79.72,13.97,0.69,32.01,20.2,50.1,3.04,199,Moderate,PM2.5
Delhi,North,11,152.51,355.03,68.0,5.9,1.35,14.66,23.5,59.0,0.28,325,Very Poor,PM2.5
Lucknow,North,5,40.54,59.15,36.7,16.86,0.97,33.92,29.1,60.4,2.29,67,Satisfactory,PM2.5
Mumbai,West,7,24.21,24.21,21.63,11.84,1.32,35.1,27.0,81.2,2.69,63,Satisfactory,CO
Patna,East,7,23.32,47.63,16.62,8.13,0.97,32.15,34.2,63.5,2.76,49,Good,CO
Ahmedabad,West,11,75.83,180.88,60.62,4.3,2.34,40.65,18.8,39.1,2.63,154,Moderate,PM10
Chennai,South,3,60.7,60.7,21.54,17.27,1.31,31.62,30.4,63.6,3.88,62,Satisfactory,CO
Ahmedabad,West,5,52.56,52.56,34.07,5.99,1.09,36.47,32.1,52.4,2.24,87,Satisfactory,PM2.5
Mumbai,West,6,25.6,45.72,18.34,4.79,0.64,19.05,31.7,88.7,1.68,46,Good,PM10
Mumbai,West,6,29.33,29.33,19.35,4.04,0.88,28.15,27.0,61.8,1.2,49,Good,PM2.5
Delhi,North,1,194.84,194.84,29.55,16.91,1.01,27.88,14.0,58.7,0.27,358,Very Poor,PM2.5
Guwahati,Northeast,1,212.66,321.78,41.32,8.65,1.49,17.17,17.7,51.3,1.17,371,Very Poor,PM2.5
Delhi,North,5,28.14,37.38,23.59,12.6,0.87,40.1,27.6,52.1,2.25,47,Good,PM2.5
Chennai,South,7,28.03,37.15,23.53,17.26,1.02,16.6,17.3,67.4,3.47,47,Good,PM2.5
Hyderabad,South,3,18.85,91.62,33.21,18.7,1.16,39.36,28.5,63.6,2.42,92,Satisfactory,PM10
Chennai,South,2,37.36,114.05,55.77,18.76,1.37,36.12,17.4,59.9,1.9,110,Moderate,PM10
Delhi,North,1,154.66,175.3,45.79,18.34,1.11,15.53,19.2,38.6,2.28,327,Very Poor,PM2.5
Kolkata,East,3,61.35,76.24,41.98,18.46,0.76,40.09,24.3,58.4,0.79,102,Moderate,PM2.5
Mumbai,West,4,40.36,66.12,26.61,9.22,0.91,58.17,27.8,66.9,3.04,67,Satisfactory,PM2.5
Mumbai,West,8,20.03,27.02,31.74,14.49,0.68,16.76,27.3,84.0,3.93,40,Good,NO2
Kolkata,East,11,180.8,250.52,47.97,6.03,1.27,27.55,17.2,52.7,0.63,347,Very Poor,PM2.5
Delhi,North,10,57.22,57.37,22.32,12.46,0.65,37.29,23.2,60.0,1.96,95,Satisfactory,PM2.5
Kolkata,East,8,16.72,34.18,38.26,8.7,0.71,25.35,31.4,77.3,4.18,48,Good,NO2
Patna,East,11,226.62,305.24,55.99,5.11,0.84,36.99,21.2,71.4,0.57,382,Very Poor,PM2.5
Lucknow,North,6,12.99,26.78,23.78,13.84,0.72,28.28,29.5,87.0,3.58,36,Good,CO
Mumbai,West,11,66.53,98.69,55.76,6.96,1.66,18.96,17.9,43.6,2.35,120,Moderate,PM2.5
Kolkata,East,12,115.39,264.87,13.1,3.35,1.99,29.24,15.8,59.8,1.04,284,Poor,PM2.5
Chennai,South,2,50.81,187.07,51.39,12.94,1.82,12.44,16.2,55.6,2.8,158,Moderate,PM10
Chennai,South,1,56.89,152.67,59.61,12.69,1.76,25.56,12.1,54.8,3.28,135,Moderate,PM10
Mumbai,West,4,45.99,98.77,20.73,19.05,0.63,40.64,33.0,55.9,3.64,99,Satisfactory,PM10
Lucknow,North,6,21.09,32.55,23.15,22.81,0.67,8.8,24.6,79.1,2.38,35,Good,PM2.5
Delhi,North,2,215.0,246.02,23.78,5.84,1.58,14.86,16.9,63.4,1.59,373,Very Poor,PM2.5
Lucknow,North,4,28.61,80.67,25.83,13.15,1.1,53.32,31.4,64.1,2.23,81,Satisfactory,PM10
Hyderabad,South,12,48.27,111.59,65.81,9.69,0.96,24.55,22.2,33.8,2.91,108,Moderate,PM10
Kolkata,East,3,42.36,68.5,36.07,12.26,1.17,38.79,27.1,57.1,3.22,70,Satisfactory,PM2.5
Bengaluru,South,5,26.84,81.92,25.87,9.98,0.71,34.12,34.8,57.1,4.08,82,Satisfactory,PM10
Ahmedabad,West,1,42.25,125.81,30.89,14.91,1.5,35.18,22.3,38.1,2.28,118,Moderate,PM10
Patna,East,4,78.99,78.99,16.95,22.75,0.7,21.56,27.5,61.1,2.85,162,Moderate,PM2.5
Kolkata,East,7,16.81,34.97,39.12,13.6,0.75,26.08,29.3,91.4,1.56,49,Good,NO2
Guwahati,Northeast,9,18.03,18.03,12.69,18.4,1.29,23.22,26.4,63.7,3.65,62,Satisfactory,CO
Ahmedabad,West,7,9.25,36.54,16.33,14.68,0.61,30.83,25.0,59.1,3.92,36,Good,PM10
Kolkata,East,3,36.78,82.8,31.68,14.26,1.37,31.5,25.9,63.4,2.32,83,Satisfactory,PM10
Lucknow,North,8,28.89,39.94,12.36,8.72,1.1,14.86,24.7,99.0,2.43,51,Satisfactory,CO
Delhi,North,12,244.03,244.03,51.84,21.88,1.82,47.87,16.1,66.4,1.41,395,Very Poor,PM2.5
Hyderabad,South,4,55.08,73.94,27.29,14.33,0.41,31.94,33.2,67.9,3.2,92,Satisfactory,PM2.5
Hyderabad,South,7,23.1,44.32,16.02,9.55,0.88,29.64,20.7,67.9,2.78,44,Good,PM10
Lucknow,North,7,17.28,27.54,32.44,10.43,1.14,26.14,23.7,89.4,4.19,53,Satisfactory,CO
Bengaluru,South,10,51.23,69.0,33.2,7.8,1.14,38.04,24.2,60.5,4.16,85,Satisfactory,PM2.5
Chennai,South,1,53.61,142.62,45.69,4.44,1.45,42.67,24.2,46.9,1.78,129,Moderate,PM10
Mumbai,West,1,114.15,149.06,69.08,16.79,0.97,20.03,15.9,47.8,2.04,280,Poor,PM2.5
Mumbai,West,12,85.69,123.85,65.56,13.21,1.28,29.58,13.5,33.5,3.52,185,Moderate,PM2.5
Delhi,North,8,20.76,30.38,16.73,17.6,1.03,30.45,27.0,74.2,1.55,35,Good,PM2.5
Bengaluru,South,6,16.43,30.05,42.43,11.77,0.24,23.5,24.0,76.9,1.2,53,Satisfactory,NO2
Patna,East,2,143.42,233.18,50.15,11.63,1.54,26.12,17.9,54.7,1.52,318,Very Poor,PM2.5
Kolkata,East,12,129.39,291.43,83.22,11.8,1.6,17.39,15.9,51.1,1.7,307,Very Poor,PM2.5
Chennai,South,9,22.56,42.73,19.61,14.35,0.9,29.05,25.9,70.4,1.44,45,Good,CO
Bengaluru,South,4,52.84,73.53,27.88,8.54,1.04,42.76,29.9,66.9,3.52,88,Satisfactory,PM2.5
Hyderabad,South,12,71.2,84.79,50.01,1.2,1.69,33.98,17.7,42.7,4.99,136,Moderate,PM2.5
Patna,East,2,130.26,250.7,19.47,14.27,0.94,33.6,21.1,51.4,0.8,308,Very Poor,PM2.5
Kolkata,East,7,20.27,35.39,20.18,12.93,0.85,16.84,31.0,92.1,3.94,42,Good,CO
Mumbai,West,9,32.76,32.76,19.1,10.01,0.98,25.54,23.9,78.0,2.69,54,Satisfactory,PM2.5
Chennai,South,7,20.57,20.57,31.24,19.59,0.91,36.29,25.5,82.5,1.97,45,Good,CO
Bengaluru,South,5,41.24,87.44,21.08,4.97,1.03,47.45,31.3,67.5,2.57,87,Satisfactory,PM10
Ahmedabad,West,11,61.43,109.77,52.9,22.88,1.96,32.61,20.3,33.2,3.16,107,Moderate,PM10
Chennai,South,3,46.33,75.51,20.1,9.92,0.67,36.4,31.5,75.5,1.85,77,Satisfactory,PM2.5
Mumbai,West,7,14.94,23.91,19.58,9.53,1.14,21.97,30.2,88.9,3.12,53,Satisfactory,CO
Patna,East,5,23.56,63.69,29.59,13.07,1.29,29.41,29.4,59.3,2.22,64,Satisfactory,PM10
Patna,East,6,16.87,31.89,40.16,7.1,1.12,38.69,25.5,80.1,3.45,52,Satisfactory,CO
Kolkata,East,7,20.83,27.41,33.56,10.2,0.91,29.48,29.6,93.4,1.97,45,Good,CO
Bengaluru,South,8,9.73,49.72,28.37,10.56,0.91,28.86,24.8,87.5,3.52,50,Good,PM10
Mumbai,West,3,34.29,59.65,27.05,15.84,1.04,21.47,29.0,52.2,2.06,60,Satisfactory,PM10
Bengaluru,South,7,11.95,24.47,41.04,18.56,1.52,31.78,28.9,76.8,2.41,74,Satisfactory,CO
Chennai,South,1,103.37,147.08,35.91,13.88,1.23,25.27,22.9,42.4,5.23,243,Poor,PM2.5
Ahmedabad,West,1,58.58,121.44,38.14,9.37,1.64,25.24,15.2,50.2,1.33,115,Moderate,PM10
Guwahati,Northeast,8,11.16,51.69,31.41,14.86,0.9,32.25,30.5,81.3,4.64,52,Satisfactory,PM10
Hyderabad,South,2,84.67,144.13,34.58,12.21,0.72,26.91,17.2,49.3,2.34,182,Moderate,PM2.5
Hyderabad,South,3,31.05,119.19,32.77,8.15,1.07,36.36,28.1,52.0,5.31,113,Moderate,PM10
Kolkata,East,7,11.41,36.58,26.15,12.03,0.58,28.46,24.5,75.2,3.23,37,Good,PM10
Hyderabad,South,11,62.88,148.28,35.2,8.89,1.0,21.09,18.4,57.1,1.9,132,Moderate,PM10
Hyderabad,South,3,46.66,46.66,29.47,17.73,0.39,44.84,25.2,46.8,2.96,78,Satisfactory,PM2.5
Bengaluru,South,10,40.58,83.65,45.81,12.99,1.71,38.62,27.2,62.3,2.44,84,Satisfactory,CO
Mumbai,West,2,83.76,104.57,28.13,18.34,2.07,16.1,18.5,60.2,3.83,179,Moderate,PM2.5
Guwahati,Northeast,4,60.47,76.85,31.26,7.59,0.1,32.21,32.6,58.4,3.53,77,Satisfactory,PM10
Lucknow,North,4,39.79,66.66,9.63,4.57,0.54,49.01,30.0,55.7,2.07,67,Satisfactory,PM10
Chennai,South,12,92.62,122.33,62.28,1.47,1.86,23.94,17.2,62.8,2.36,206,Poor,PM2.5
Delhi,North,4,28.97,77.33,14.63,11.72,1.0,55.94,28.5,55.8,2.08,77,Satisfactory,PM10
Guwahati,Northeast,9,13.42,13.42,19.24,11.76,0.86,32.64,29.5,74.4,1.02,43,Good,CO
Delhi,North,11,159.45,250.91,65.57,14.16,1.66,29.38,20.5,46.5,0.91,330,Very Poor,PM2.5
Patna,East,6,11.9,33.96,28.81,11.67,0.8,41.89,29.8,77.2,2.9,42,Good,O3
Bengaluru,South,10,35.79,54.34,29.91,13.99,1.03,34.95,24.8,48.7,2.15,59,Satisfactory,PM2.5
Bengaluru,South,10,30.48,32.12,29.21,9.28,0.43,28.63,25.8,73.4,2.9,36,Good,NO2
Mumbai,West,1,69.58,97.67,40.98,17.19,1.96,15.5,14.3,42.5,3.99,130,Moderate,PM2.5
Lucknow,North,11,204.04,304.51,50.11,9.73,2.17,28.95,13.7,42.3,0.48,365,Very Poor,PM2.5
Chennai,South,10,67.43,101.43,26.8,5.15,0.62,19.69,26.9,71.1,4.35,123,Moderate,PM2.5
Guwahati,Northeast,10,9.77,49.72,37.98,13.11,0.8,24.43,24.7,50.4,5.12,50,Good,PM10
Ahmedabad,West,11,49.86,56.39,50.43,11.29,1.9,35.18,14.5,62.2,2.4,95,Satisfactory,CO
Lucknow,North,8,18.4,43.95,8.16,15.54,0.68,28.62,30.7,71.6,1.72,44,Good,PM10
Chennai,South,9,17.17,23.58,28.89,12.76,1.03,21.12,24.2,77.1,2.53,36,Good,NO2
Mumbai,West,7,15.24,37.83,20.08,11.41,0.82,27.72,30.6,67.5,0.28,41,Good,CO
Delhi,North,3,26.87,26.87,42.67,14.69,1.08,25.6,28.3,56.6,3.71,53,Satisfactory,NO2
Lucknow,North,5,44.42,77.39,40.31,12.8,0.62,46.24,32.5,58.8,2.74,77,Satisfactory,PM10
Mumbai,West,9,20.94,21.88,25.89,8.79,1.17,41.02,23.6,78.0,2.45,55,Satisfactory,CO
Patna,East,5,46.52,67.61,28.79,10.97,1.33,32.0,31.8,64.1,3.29,77,Satisfactory,PM2.5
Kolkata,East,7,29.95,29.95,18.81,15.19,0.66,20.12,25.6,71.7,3.51,50,Good,PM2.5
Kolkata,East,2,164.95,358.06,28.04,12.36,2.25,36.21,22.3,47.3,1.91,335,Very Poor,PM2.5
Ahmedabad,West,6,24.47,47.96,21.33,3.09,1.4,32.1,26.7,76.7,0.45,67,Satisfactory,CO
Ahmedabad,West,4,36.64,77.7,28.25,1.2,1.03,44.38,32.0,58.5,2.85,78,Satisfactory,PM10
Guwahati,Northeast,10,49.32,87.41,30.38,20.88,0.7,24.85,32.1,58.8,3.84,87,Satisfactory,PM10
Delhi,North,5,41.41,99.13,32.35,4.64,0.95,29.46,34.8,74.0,4.9,99,Satisfactory,PM10
Mumbai,West,12,58.69,130.49,34.47,23.26,2.17,30.56,21.0,48.1,1.56,121,Moderate,PM10
Mumbai,West,2,72.03,111.57,55.48,12.06,1.83,34.81,13.6,59.0,2.34,139,Moderate,PM2.5
Kolkata,East,3,61.1,100.12,29.08,12.86,1.14,15.39,24.1,57.8,1.31,101,Moderate,PM2.5
Guwahati,Northeast,2,141.72,279.11,47.18,17.13,1.88,27.4,17.0,51.6,1.38,317,Very Poor,PM2.5
Guwahati,Northeast,8,9.92,24.86,18.99,13.29,0.96,23.19,29.7,81.0,3.85,48,Good,CO
Guwahati,Northeast,3,11.44,92.23,17.16,13.2,0.88,27.75,23.4,68.2,1.35,92,Satisfactory,PM10
Delhi,North,9,10.1,34.24,43.16,23.34,0.46,22.08,25.4,96.0,2.72,54,Satisfactory,NO2
Mumbai,West,6,22.37,22.37,12.38,9.06,1.53,30.16,30.2,66.7,2.44,74,Satisfactory,CO
Kolkata,East,3,27.81,75.03,20.61,15.97,1.01,33.74,29.6,58.2,3.92,75,Satisfactory,PM10
Lucknow,North,6,24.68,24.68,21.73,23.12,1.06,33.14,24.5,69.2,2.5,41,Good,PM2.5
Guwahati,Northeast,5,75.15,99.88,28.91,12.32,1.1,25.38,25.2,65.9,2.88,149,Moderate,PM2.5
Lucknow,North,9,5.4,43.66,23.62,13.92,0.83,27.71,25.2,77.4,3.45,44,Good,PM10
Delhi,North,10,39.76,90.44,33.66,6.54,0.89,23.6,27.0,71.5,3.2,90,Satisfactory,PM10
Chennai,South,5,48.46,72.68,27.83,12.68,0.99,29.5,30.3,54.2,3.95,80,Satisfactory,PM2.5
Bengaluru,South,5,47.47,47.47,31.63,10.09,0.41,53.87,23.5,59.7,3.57,79,Satisfactory,PM2.5
Patna,East,3,19.64,64.66,37.1,17.53,1.25,49.52,25.5,63.0,2.41,65,Satisfactory,PM10
Lucknow,North,6,19.61,19.61,23.63,4.95,1.02,21.46,21.6,84.9,2.12,33,Good,PM2.5
Bengaluru,South,8,13.32,46.29,30.27,9.06,0.38,49.09,32.9,89.5,2.01,49,Good,O3
Ahmedabad,West,6,23.09,25.19,19.69,19.0,0.89,18.59,29.9,73.4,0.58,44,Good,CO
Delhi,North,2,131.08,289.95,50.47,17.89,1.49,24.09,21.7,59.8,1.28,309,Very Poor,PM2.5
Kolkata,East,4,37.51,49.83,46.46,9.4,0.98,22.91,33.2,50.4,4.68,62,Satisfactory,PM2.5
Lucknow,North,2,191.68,281.37,45.3,11.77,1.8,28.75,20.9,44.7,2.26,355,Very Poor,PM2.5
Bengaluru,South,5,33.25,84.82,31.58,3.66,0.77,14.63,29.0,54.9,3.13,85,Satisfactory,PM10
Bengaluru,South,11,56.5,165.55,77.72,7.58,2.09,31.26,12.8,45.7,0.28,144,Moderate,PM10
Bengaluru,South,6,12.62,35.81,49.6,19.65,0.69,19.53,30.9,70.0,3.91,62,Satisfactory,NO2
Mumbai,West,12,86.55,161.27,63.38,9.33,1.74,19.97,21.9,43.3,3.59,188,Moderate,PM2.5
Delhi,North,9,16.77,26.98,26.57,7.72,0.94,20.3,24.5,82.4,3.49,47,Good,CO
Hyderabad,South,11,29.66,160.8,41.54,21.9,1.54,29.14,16.7,53.9,6.69,141,Moderate,PM10
Chennai,South,6,29.3,35.36,37.86,2.73,1.43,30.86,26.2,85.2,2.96,69,Satisfactory,CO
Chennai,South,10,6.83,118.41,26.13,9.06,0.76,40.3,25.5,65.2,2.43,113,Moderate,PM10
Guwahati,Northeast,11,210.47,362.01,38.22,11.82,1.65,31.74,23.9,49.4,1.22,370,Very Poor,PM2.5
Kolkata,East,7,13.57,16.64,29.12,14.53,0.9,27.47,24.3,80.0,2.99,45,Good,CO
Lucknow,North,10,50.1,85.54,39.08,14.75,1.03,13.36,30.2,57.6,2.89,86,Satisfactory,PM10
Lucknow,North,11,277.03,277.03,69.43,14.04,0.69,45.11,19.5,33.1,1.16,411,Severe,PM2.5
Delhi,North,6,32.39,32.39,5.77,19.0,1.03,9.25,28.0,81.6,2.44,53,Satisfactory,PM2.5
Mumbai,West,2,55.06,107.38,53.11,15.78,0.57,30.15,19.5,53.4,2.35,105,Moderate,PM10
Lucknow,North,11,235.29,242.12,46.8,15.7,2.22,21.15,14.9,54.2,0.77,389,Very Poor,PM2.5
Ahmedabad,West,1,49.9,133.89,70.37,8.6,1.54,29.31,16.1,46.2,3.18,123,Moderate,PM10
Lucknow,North,2,117.02,255.47,52.64,4.73,1.54,17.16,15.9,58.3,1.36,290,Poor,PM2.5
Guwahati,Northeast,9,19.74,44.42,34.68,11.94,0.54,27.12,25.4,73.4,2.97,44,Good,PM10
Patna,East,11,111.06,189.42,44.34,8.31,1.26,29.14,16.7,52.0,0.78,270,Poor,PM2.5
Mumbai,West,12,120.0,120.0,17.67,13.64,1.26,30.05,17.7,56.4,2.69,114,Moderate,PM10
Ahmedabad,West,4,63.08,63.08,16.87,8.04,0.44,35.96,29.3,67.8,2.7,108,Moderate,PM2.5
Bengaluru,South,1,60.69,81.44,60.83,17.81,1.02,41.61,16.0,46.0,3.33,81,Satisfactory,PM10
Guwahati,Northeast,2,156.01,243.74,64.88,9.01,1.57,42.23,14.0,48.3,1.97,328,Very Poor,PM2.5
Lucknow,North,2,210.06,210.06,52.62,10.63,2.69,34.8,17.9,54.3,1.43,369,Very Poor,PM2.5
Delhi,North,6,14.18,48.52,16.87,12.98,0.68,28.36,30.0,64.3,2.61,48,Good,PM10
Bengaluru,South,3,40.6,43.4,29.36,9.95,1.1,38.32,27.0,67.1,4.35,67,Satisfactory,PM2.5
Guwahati,Northeast,5,67.6,75.65,19.78,13.43,0.88,24.27,27.7,73.1,3.11,124,Moderate,PM2.5
Patna,East,4,38.44,58.1,13.86,16.65,1.01,36.86,28.6,69.0,2.6,64,Satisfactory,PM2.5
Delhi,North,4,35.54,67.15,32.62,5.2,0.92,54.04,30.7,68.4,4.3,67,Satisfactory,PM10
Lucknow,North,9,16.44,34.06,30.9,9.75,0.76,23.27,34.6,75.8,4.0,39,Good,NO2
Bengaluru,South,1,111.69,111.69,48.76,3.2,2.14,39.2,14.4,61.4,1.3,272,Poor,PM2.5
Bengaluru,South,7,18.21,48.23,30.09,16.47,1.23,25.56,26.9,69.1,2.46,58,Satisfactory,CO
Bengaluru,South,5,56.9,56.9,41.7,13.87,1.12,48.18,32.3,44.0,4.04,95,Satisfactory,PM2.5
Hyderabad,South,3,61.0,78.79,35.02,12.76,1.18,28.14,27.8,63.2,4.9,101,Moderate,PM2.5
Chennai,South,12,37.74,98.87,56.61,18.05,1.25,46.81,18.5,55.4,1.4,99,Satisfactory,PM10
Lucknow,North,1,135.04,211.14,43.43,18.64,1.82,20.53,16.4,63.3,1.27,312,Very Poor,PM2.5
Lucknow,North,7,25.96,25.96,38.62,7.91,0.8,40.93,31.3,81.9,3.62,48,Good,NO2
Chennai,South,4,67.52,112.24,28.9,8.46,0.83,43.6,30.8,51.9,3.29,123,Moderate,PM2.5
Delhi,North,12,164.78,284.2,49.66,16.09,1.94,46.67,16.4,54.2,1.52,335,Very Poor,PM2.5
Ahmedabad,West,1,39.01,76.75,48.09,4.44,1.44,22.56,17.1,61.1,1.59,77,Satisfactory,PM10
Lucknow,North,7,16.2,29.81,31.91,10.68,0.66,24.89,21.7,81.0,0.28,40,Good,NO2
Bengaluru,South,12,85.07,176.17,79.42,16.49,1.3,46.25,14.4,36.8,4.87,183,Moderate,PM2.5
Ahmedabad,West,5,15.46,45.39,32.63,7.82,0.7,66.78,37.4,61.2,2.63,67,Satisfactory,O3
Patna,East,12,128.55,128.55,8.23,11.65,2.02,28.13,20.4,59.3,2.18,307,Very Poor,PM2.5
Hyderabad,South,7,22.21,34.04,25.83,4.45,1.22,24.78,25.7,73.7,1.3,57,Satisfactory,CO
Hyderabad,South,11,82.65,93.82,62.94,10.23,0.86,39.54,18.6,58.9,3.79,175,Moderate,PM2.5
Lucknow,North,3,36.78,100.24,43.42,12.3,0.73,42.13,25.1,62.6,2.32,61,Satisfactory,PM2.5
Bengaluru,South,4,30.11,67.9,22.73,15.18,0.94,53.09,28.5,58.3,3.5,68,Satisfactory,PM10
Lucknow,North,7,10.0,37.71,21.17,16.36,1.4,6.06,25.0,80.1,2.8,68,Satisfactory,CO
Mumbai,West,1,71.94,100.09,33.31,6.3,1.24,23.25,19.2,50.7,2.07,138,Moderate,PM2.5
Mumbai,West,4,33.93,63.56,21.72,15.23,1.27,27.18,34.4,65.5,3.0,64,Satisfactory,PM10
Chennai,South,2,65.83,133.35,49.78,12.24,1.82,28.39,19.4,46.6,2.08,122,Moderate,PM10
Kolkata,East,7,17.66,44.89,24.12,15.13,0.97,24.29,30.9,83.9,2.8,49,Good,CO
Chennai,South,11,72.3,72.3,36.12,14.22,0.84,21.72,16.8,75.2,3.55,140,Moderate,PM2.5
Ahmedabad,West,1,50.27,131.93,22.65,10.41,1.84,16.09,19.2,55.8,2.13,122,Moderate,PM10
Hyderabad,South,8,15.18,30.84,25.34,14.45,0.76,41.46,31.8,79.9,2.41,42,Good,O3
Chennai,South,5,49.99,87.78,26.31,10.11,1.0,42.87,29.3,60.9,2.12,88,Satisfactory,PM10
Chennai,South,1,69.88,98.48,37.44,17.02,1.41,43.48,19.9,45.4,4.1,131,Moderate,PM2.5
Chennai,South,6,34.24,36.76,32.56,12.15,0.97,26.08,24.2,80.7,3.95,56,Satisfactory,PM2.5
Patna,East,4,69.26,90.3,24.33,9.82,1.4,53.83,34.4,58.0,3.42,129,Moderate,PM2.5
Mumbai,West,6,19.01,35.55,37.32,19.68,0.83,16.97,31.9,91.2,3.25,47,Good,NO2
Delhi,North,5,50.16,55.64,16.98,5.66,0.9,36.13,29.3,59.1,3.76,83,Satisfactory,PM2.5
Kolkata,East,6,15.18,29.46,35.74,11.66,0.98,41.05,35.5,83.1,3.41,49,Good,CO
Ahmedabad,West,8,22.86,35.07,35.49,10.12,0.95,33.08,32.7,90.5,4.22,48,Good,CO
Bengaluru,South,12,59.43,144.94,36.88,11.01,2.45,32.52,18.7,54.8,2.69,130,Moderate,PM10
Kolkata,East,3,25.09,90.67,20.27,11.48,0.57,21.96,27.0,67.4,4.06,91,Satisfactory,PM10
Ahmedabad,West,6,22.42,22.42,28.47,16.58,0.88,39.05,29.5,79.9,2.52,44,Good,CO
Lucknow,North,3,22.04,46.78,36.36,19.27,0.61,28.57,22.3,52.2,3.09,47,Good,PM10
Ahmedabad,West,4,14.82,115.95,27.59,6.7,0.93,40.98,32.3,57.3,3.15,111,Moderate,PM10
Hyderabad,South,10,24.24,60.59,35.05,9.35,0.88,24.05,25.8,56.1,1.39,61,Satisfactory,PM10
Hyderabad,South,8,27.78,32.6,35.98,9.64,0.75,31.45,28.3,77.1,3.56,46,Good,PM2.5
Delhi,North,12,142.98,350.73,61.85,16.01,2.09,24.87,12.9,49.9,1.76,318,Very Poor,PM2.5
Bengaluru,South,7,16.52,24.43,20.7,9.39,0.39,23.57,27.1,77.2,2.43,28,Good,PM2.5
Bengaluru,South,6,16.19,28.69,33.93,12.0,1.76,25.21,28.3,75.5,2.43,87,Satisfactory,CO
Ahmedabad,West,2,94.44,94.44,33.28,11.35,1.35,15.33,18.3,37.0,2.94,213,Poor,PM2.5
Hyderabad,South,1,91.38,113.85,69.76,13.59,2.01,21.82,22.6,52.0,4.57,202,Poor,PM2.5
Chennai,South,3,49.06,85.81,26.49,8.07,1.06,32.57,22.1,59.3,3.77,86,Satisfactory,PM10
Delhi,North,12,200.62,200.62,32.82,10.34,2.27,22.9,21.2,47.0,1.7,362,Very Poor,PM2.5
Bengaluru,South,3,41.95,50.53,40.12,8.66,0.48,14.34,26.7,56.3,3.53,70,Satisfactory,PM2.5
Hyderabad,South,6,28.51,30.44,36.62,7.43,0.49,21.08,23.6,68.1,3.26,48,Good,PM2.5
Chennai,South,1,73.47,137.83,23.73,14.74,1.02,23.15,12.3,57.2,0.91,144,Moderate,PM2.5
Delhi,North,11,96.86,261.49,45.71,15.9,1.55,36.11,19.1,44.4,1.03,221,Poor,PM2.5
Delhi,North,3,64.33,95.41,36.03,14.23,0.99,28.42,32.1,56.3,3.07,112,Moderate,PM2.5
Guwahati,Northeast,8,10.11,53.17,33.18,10.98,0.92,16.59,25.7,66.3,2.47,53,Satisfactory,PM10
Lucknow,North,9,23.46,50.84,30.48,1.2,1.43,20.94,27.5,78.8,3.07,69,Satisfactory,CO
Delhi,North,10,46.03,46.17,49.73,15.13,0.91,43.47,23.8,66.9,2.18,76,Satisfactory,PM2.5
Chennai,South,10,51.69,51.69,15.97,19.61,0.83,44.81,30.9,58.2,2.45,86,Satisfactory,PM2.5
Patna,East,3,70.6,124.76,25.59,19.38,1.18,38.1,27.3,54.6,1.62,134,Moderate,PM2.5
Kolkata,East,6,33.79,34.54,18.38,16.81,0.77,22.53,33.2,67.4,3.06,56,Satisfactory,PM2.5
Kolkata,East,9,14.93,19.31,28.5,7.81,1.06,27.61,26.1,71.1,4.4,36,Good,NO2
Bengaluru,South,4,34.27,45.31,12.14,17.46,1.15,55.19,30.6,66.4,3.95,56,Satisfactory,PM2.5
Mumbai,West,11,61.23,84.15,54.14,14.68,1.4,25.57,17.3,58.3,1.26,102,Moderate,PM2.5
Mumbai,West,9,12.55,32.89,30.65,6.87,1.15,40.29,28.2,87.0,1.78,54,Satisfactory,CO
Hyderabad,South,1,82.61,117.63,35.14,18.84,1.74,33.9,16.0,65.4,2.63,175,Moderate,PM2.5
Kolkata,East,5,35.82,80.37,32.69,21.58,0.78,44.55,32.8,48.7,0.36,80,Satisfactory,PM10
Kolkata,East,5,60.23,115.89,20.25,6.16,1.31,34.88,29.9,71.7,4.25,111,Moderate,PM10
Delhi,North,3,18.04,47.62,37.41,13.53,0.69,25.11,30.3,72.2,2.79,48,Good,PM10
Chennai,South,5,40.66,107.32,39.12,12.93,0.76,55.64,35.9,48.4,2.54,105,Moderate,PM10
Ahmedabad,West,11,71.8,101.56,50.67,13.78,1.06,28.76,19.1,48.1,1.93,138,Moderate,PM2.5
Hyderabad,South,1,46.21,149.37,33.84,12.91,1.42,22.07,22.1,51.0,2.05,133,Moderate,PM10
Delhi,North,9,22.65,42.96,38.67,11.2,0.84,29.1,27.5,71.8,4.44,48,Good,NO2
Patna,East,7,24.04,38.81,31.39,7.18,0.9,47.16,31.8,79.3,2.39,47,Good,O3
Bengaluru,South,6,16.73,33.62,25.33,10.81,1.07,19.6,27.8,77.1,1.81,34,Good,PM10
Lucknow,North,9,25.55,26.3,32.34,5.33,0.72,39.15,28.1,80.2,3.91,43,Good,PM2.5
Chennai,South,9,18.36,44.1,13.81,8.8,0.87,32.6,26.0,63.7,0.64,44,Good,PM10
Ahmedabad,West,5,37.48,55.62,18.95,12.64,1.25,43.69,34.9,57.0,3.3,62,Satisfactory,PM2.5
Lucknow,North,8,19.13,34.69,24.85,14.84,1.14,30.95,26.3,66.0,2.75,53,Satisfactory,CO
Chennai,South,10,48.72,79.18,41.21,8.66,0.47,18.4,25.1,68.7,1.35,81,Satisfactory,PM2.5
Lucknow,North,3,51.52,95.99,14.99,3.49,0.69,33.52,27.4,54.0,3.63,96,Satisfactory,PM10
Hyderabad,South,11,67.36,67.36,36.9,21.39,1.44,19.96,16.9,53.0,3.79,123,Moderate,PM2.5
Delhi,North,4,34.34,105.68,34.84,9.86,0.87,49.57,34.2,47.9,2.88,104,Moderate,PM10
Hyderabad,South,8,16.21,28.48,36.86,14.57,1.47,23.21,27.4,80.5,3.8,71,Satisfactory,CO
Mumbai,West,12,72.29,79.92,37.76,12.69,2.14,15.85,14.5,58.1,1.35,140,Moderate,PM2.5
Mumbai,West,4,62.9,71.42,25.5,18.57,0.61,26.07,35.9,61.9,3.56,108,Moderate,PM2.5
Ahmedabad,West,2,67.39,93.88,52.58,15.99,1.69,36.91,20.0,43.6,2.64,123,Moderate,PM2.5
Lucknow,North,9,25.59,39.19,29.07,16.87,0.4,22.93,25.4,80.0,3.42,43,Good,PM2.5
Patna,East,8,10.93,38.63,29.08,4.95,0.82,31.14,32.0,69.3,3.68,41,Good,CO
Bengaluru,South,3,24.99,48.69,33.08,12.62,0.82,31.85,27.1,60.9,2.46,49,Good,PM10
Ahmedabad,West,6,32.24,48.89,41.36,9.41,0.72,24.52,30.2,78.0,2.19,53,Satisfactory,PM2.5
Guwahati,Northeast,1,118.76,161.4,49.86,9.52,1.59,5.45,15.3,51.6,0.55,296,Poor,PM2.5
Guwahati,Northeast,5,45.61,92.6,20.51,10.74,0.84,22.31,34.6,58.5,2.61,93,Satisfactory,PM10
Delhi,North,5,20.43,97.61,36.83,12.67,1.02,37.89,33.6,53.4,2.76,98,Satisfactory,PM10
Guwahati,Northeast,8,19.98,45.47,46.38,11.47,1.03,21.26,30.1,73.9,6.32,58,Satisfactory,NO2
Lucknow,North,1,280.26,352.88,31.84,23.13,1.15,25.36,14.1,50.8,1.37,413,Severe,PM2.5
Hyderabad,South,9,37.53,37.53,4.88,15.11,0.75,43.28,26.9,71.9,1.67,62,Satisfactory,PM2.5
Bengaluru,South,5,40.67,110.18,26.23,18.79,0.53,20.09,33.5,56.3,2.5,107,Moderate,PM10
Patna,East,8,12.56,40.99,27.84,6.91,1.11,37.87,26.7,86.0,1.68,52,Satisfactory,CO
Mumbai,West,11,73.96,90.74,77.56,13.12,1.32,28.16,15.4,42.7,2.3,145,Moderate,PM2.5
Kolkata,East,9,14.55,47.35,21.57,7.53,0.58,17.23,30.1,80.1,3.57,47,Good,PM10
Hyderabad,South,2,61.83,171.56,38.97,6.74,1.78,29.21,18.4,60.1,2.92,148,Moderate,PM10
Lucknow,North,5,66.41,82.62,32.15,5.19,1.9,21.96,29.4,55.4,5.16,120,Moderate,PM2.5
Patna,East,6,23.38,28.61,19.26,14.74,0.71,29.74,28.9,93.3,1.39,39,Good,PM2.5
Chennai,South,8,19.46,34.43,49.58,11.17,0.22,26.33,26.6,76.1,2.0,62,Satisfactory,NO2
Lucknow,North,8,35.56,37.71,26.39,22.21,0.67,33.06,23.3,84.0,1.53,59,Satisfactory,PM2.5
Chennai,South,2,117.85,122.34,16.43,12.17,1.83,35.57,22.4,64.2,2.65,293,Poor,PM2.5
Delhi,North,12,97.36,227.94,54.86,5.53,1.16,32.72,16.1,55.0,0.94,223,Poor,PM2.5
Hyderabad,South,10,32.84,32.85,36.03,8.66,0.83,22.19,28.6,62.7,3.41,54,Satisfactory,PM2.5
Lucknow,North,4,44.22,86.07,40.98,13.47,0.63,45.38,30.5,44.0,0.73,86,Satisfactory,PM10
Ahmedabad,West,1,70.44,108.48,60.73,7.51,0.93,21.06,16.2,51.5,1.91,133,Moderate,PM2.5
Kolkata,East,12,16.12,282.05,31.74,2.37,1.9,40.98,17.7,54.1,1.56,232,Poor,PM10
Chennai,South,3,59.0,104.96,43.43,9.9,0.59,39.41,28.5,67.0,2.08,104,Moderate,PM10
Ahmedabad,West,10,28.41,76.38,25.08,23.25,1.05,9.92,27.0,62.9,2.27,76,Satisfactory,PM10
Patna,East,12,196.99,196.99,56.29,6.98,1.34,36.03,19.5,52.3,1.38,359,Very Poor,PM2.5
Mumbai,West,5,32.53,41.69,32.78,19.34,1.06,45.2,27.4,67.0,3.34,54,Satisfactory,PM2.5
Patna,East,9,27.58,50.8,18.64,5.81,0.94,20.25,23.7,87.8,1.67,47,Good,CO
Bengaluru,South,4,19.31,77.95,37.94,17.82,1.18,41.01,34.3,63.4,2.31,78,Satisfactory,PM10
Delhi,North,4,58.95,58.95,19.09,11.31,0.57,26.43,29.7,67.9,3.89,98,Satisfactory,PM2.5
Bengaluru,South,11,74.42,193.52,40.23,13.16,1.32,17.19,21.6,49.6,3.58,162,Moderate,PM10
Patna,East,1,229.81,229.81,64.76,16.29,0.74,23.66,21.1,65.1,1.8,384,Very Poor,PM2.5
Chennai,South,4,29.75,89.5,24.42,10.16,0.84,53.11,36.4,68.2,2.81,90,Satisfactory,PM10
Lucknow,North,8,24.98,51.62,36.43,13.0,0.77,30.9,30.5,79.9,2.68,52,Satisfactory,PM10
Patna,East,1,305.01,305.01,33.84,12.79,1.5,36.6,21.2,42.3,0.98,422,Severe,PM2.5
Hyderabad,South,9,25.81,38.85,24.88,13.04,0.6,21.76,23.1,79.2,2.96,43,Good,PM2.5
Patna,East,12,183.59,358.26,33.16,10.43,1.85,27.95,13.9,48.5,1.13,349,Very Poor,PM2.5
Hyderabad,South,7,19.34,50.6,26.25,3.75,0.92,42.68,26.5,74.5,2.46,46,Good,CO
Ahmedabad,West,12,62.42,64.89,38.33,11.69,1.86,23.11,17.1,52.4,1.93,106,Moderate,PM2.5
Ahmedabad,West,1,81.45,81.45,52.41,6.77,1.09,22.43,22.1,38.3,2.28,171,Moderate,PM2.5
Kolkata,East,8,28.52,54.54,24.45,14.59,0.87,27.15,27.8,65.3,2.75,54,Satisfactory,PM10
Mumbai,West,6,14.16,39.15,13.48,12.45,1.26,26.16,24.1,66.6,3.24,60,Satisfactory,CO
Lucknow,North,12,156.86,234.16,20.19,12.6,1.27,22.69,22.8,37.6,0.47,328,Very Poor,PM2.5
Patna,East,8,17.52,29.07,30.29,13.23,0.64,23.03,27.1,79.3,3.34,38,Good,NO2
Patna,East,12,179.43,349.55,48.67,11.51,1.49,22.81,15.2,49.6,1.65,346,Very Poor,PM2.5
Delhi,North,4,43.81,72.11,42.93,15.47,1.09,53.59,29.4,71.0,2.98,73,Satisfactory,PM2.5
Lucknow,North,7,11.64,30.28,13.17,10.81,0.74,24.65,22.8,83.6,3.46,37,Good,CO
Guwahati,Northeast,8,32.03,36.04,36.6,13.25,0.78,25.66,28.9,99.0,4.11,53,Satisfactory,PM2.5
Guwahati,Northeast,1,187.09,310.75,46.7,15.63,1.53,19.5,19.4,56.9,1.32,352,Very Poor,PM2.5
Guwahati,Northeast,5,60.13,75.31,24.25,8.6,0.83,61.34,30.4,62.9,2.44,75,Satisfactory,PM10
Bengaluru,South,10,31.15,78.8,23.66,18.11,0.87,27.63,26.5,63.0,4.47,79,Satisfactory,PM10
Ahmedabad,West,9,22.22,22.22,38.27,11.48,0.5,17.28,29.4,64.7,3.11,48,Good,NO2
Hyderabad,South,2,65.23,94.94,34.28,9.66,1.87,25.54,19.3,50.1,3.48,115,Moderate,PM2.5
Hyderabad,South,3,36.48,54.61,36.03,8.1,1.04,28.26,25.6,63.4,4.33,60,Satisfactory,PM2.5
Mumbai,West,6,21.17,51.17,13.94,6.66,0.77,39.92,29.8,64.3,2.31,51,Satisfactory,PM10
Lucknow,North,10,44.36,97.2,36.2,13.29,0.79,27.2,29.0,78.8,1.47,97,Satisfactory,PM10
Hyderabad,South,9,21.98,42.9,29.56,18.74,0.99,22.55,28.4,87.0,2.8,50,Good,CO
Ahmedabad,West,3,43.19,78.75,27.62,9.62,1.26,8.07,27.3,60.9,5.15,79,Satisfactory,PM10
Guwahati,Northeast,11,184.96,282.2,49.36,20.46,1.07,22.4,20.3,54.1,1.24,350,Very Poor,PM2.5
Patna,East,8,26.73,39.43,22.01,13.14,0.89,31.95,26.0,68.3,3.55,44,Good,PM2.5
Bengaluru,South,6,30.28,30.28,27.41,10.89,0.79,15.06,23.8,80.2,2.24,40,Good,CO
Delhi,North,6,30.39,58.94,27.53,4.79,1.01,10.48,22.9,81.3,1.25,59,Satisfactory,PM10
Guwahati,Northeast,10,21.63,77.79,37.44,9.06,0.89,21.15,24.8,53.3,3.68,78,Satisfactory,PM10
Kolkata,East,2,141.42,305.44,61.1,14.11,1.57,23.22,20.8,45.1,0.92,317,Very Poor,PM2.5
Kolkata,East,11,180.17,304.28,56.62,11.54,0.91,30.11,17.9,45.1,0.79,346,Very Poor,PM2.5
Hyderabad,South,11,36.73,113.88,44.2,11.43,1.79,33.22,15.9,59.0,2.55,110,Moderate,PM10
Kolkata,East,10,35.78,39.52,35.0,14.04,1.22,30.6,34.0,58.5,3.97,59,Satisfactory,PM2.5
Hyderabad,South,11,82.05,143.21,59.99,15.73,0.16,27.42,16.3,49.0,2.48,173,Moderate,PM2.5
Mumbai,West,4,48.19,64.85,15.67,19.36,0.73,40.35,37.4,55.0,2.49,80,Satisfactory,PM2.5
Chennai,South,11,30.65,57.53,41.06,9.85,1.66,19.78,19.3,34.7,2.72,82,Satisfactory,CO
Ahmedabad,West,5,50.17,72.76,22.45,11.08,1.23,34.45,33.9,69.1,0.86,83,Satisfactory,PM2.5
Delhi,North,4,29.6,42.03,34.65,14.27,0.97,28.32,31.6,49.5,2.89,49,Good,PM2.5
Patna,East,10,61.55,68.17,29.94,13.12,0.88,28.88,27.9,52.8,3.25,103,Moderate,PM2.5
Chennai,South,2,79.74,106.36,50.51,10.25,1.54,18.02,22.1,67.5,2.01,165,Moderate,PM2.5
Bengaluru,South,7,30.58,30.58,9.87,19.28,0.9,23.64,27.1,75.0,6.11,45,Good,CO
Guwahati,Northeast,4,50.16,106.16,38.81,17.26,0.79,40.08,24.5,59.4,2.84,104,Moderate,PM10
Lucknow,North,7,32.98,41.77,36.99,11.92,1.25,28.09,30.4,84.4,3.24,59,Satisfactory,CO
Patna,East,3,62.22,85.18,33.9,13.5,1.03,38.93,25.6,63.7,1.93,105,Moderate,PM2.5
Bengaluru,South,10,48.96,62.02,28.79,9.27,0.8,30.98,27.8,44.6,3.21,81,Satisfactory,PM2.5
Chennai,South,5,38.47,50.63,27.62,9.49,1.24,19.96,28.1,51.7,3.09,64,Satisfactory,PM2.5
Delhi,North,12,188.17,188.17,41.82,8.12,1.84,24.22,13.8,56.7,2.11,353,Very Poor,PM2.5
Chennai,South,5,46.9,46.9,10.7,3.12,0.89,38.12,32.6,58.4,3.91,78,Satisfactory,PM2.5
Hyderabad,South,6,17.96,24.06,11.9,18.88,0.65,15.43,27.4,66.1,2.94,32,Good,CO
Ahmedabad,West,7,26.8,43.07,37.27,12.99,0.67,19.29,25.4,94.0,2.52,47,Good,NO2
Bengaluru,South,5,68.92,82.34,21.71,15.5,0.78,45.64,32.5,56.0,3.01,128,Moderate,PM2.5
Ahmedabad,West,6,15.81,48.03,23.04,20.65,0.67,24.69,31.5,90.4,3.72,48,Good,PM10
Chennai,South,2,72.02,119.04,35.68,15.34,1.23,17.16,13.1,65.7,2.23,139,Moderate,PM2.5
Mumbai,West,2,44.75,167.83,28.12,6.22,1.45,27.82,20.0,46.6,4.53,145,Moderate,PM10
Kolkata,East,3,29.11,51.17,21.5,6.39,1.1,19.59,26.6,51.8,1.48,51,Satisfactory,PM10
Lucknow,North,4,70.24,105.62,15.64,5.6,1.43,38.8,26.9,68.7,2.88,133,Moderate,PM2.5
Bengaluru,South,5,9.75,69.01,35.97,8.93,1.23,25.41,30.7,73.2,1.51,69,Satisfactory,PM10
Ahmedabad,West,4,54.22,78.6,25.9,7.79,0.95,40.71,26.7,68.8,1.78,90,Satisfactory,PM2.5
Kolkata,East,9,16.03,25.21,25.83,6.04,1.02,39.6,27.3,66.4,1.78,40,Good,O3
Delhi,North,10,14.02,48.21,14.16,12.55,1.48,17.41,29.4,55.5,1.32,72,Satisfactory,CO
Ahmedabad,West,3,79.02,85.95,31.05,12.3,0.86,30.86,29.0,73.3,2.21,162,Moderate,PM2.5
Delhi,North,4,43.61,100.0,48.16,17.08,1.12,53.44,34.8,79.3,0.91,72,Satisfactory,PM2.5
Bengaluru,South,12,7.0,152.96,55.93,9.38,0.32,27.88,18.7,51.5,2.1,136,Moderate,PM10
Bengaluru,South,6,19.88,26.14,34.8,11.62,0.43,29.48,28.2,90.9,3.84,44,Good,NO2
Patna,East,4,67.46,67.46,28.24,15.62,1.29,65.8,34.8,58.9,3.45,123,Moderate,PM2.5
Ahmedabad,West,10,33.83,73.85,43.1,15.1,1.46,18.91,25.9,63.3,3.63,74,Satisfactory,PM10
Guwahati,Northeast,2,204.83,336.71,28.01,15.62,2.12,30.49,12.5,49.8,1.65,365,Very Poor,PM2.5
Ahmedabad,West,11,92.5,145.05,49.94,12.08,1.69,27.97,14.1,48.6,2.88,206,Poor,PM2.5
Kolkata,East,7,25.15,49.63,16.2,10.29,1.46,21.76,24.7,75.8,5.06,71,Satisfactory,CO
Hyderabad,South,5,53.78,85.5,11.8,11.92,0.75,50.54,36.2,57.2,2.41,90,Satisfactory,PM2.5
Chennai,South,5,33.79,45.68,39.57,11.76,0.98,70.12,26.8,58.4,1.42,70,Satisfactory,O3
Bengaluru,South,11,56.45,77.13,58.54,12.05,1.0,18.0,18.6,38.6,3.05,94,Satisfactory,PM2.5
Hyderabad,South,11,86.34,96.75,51.95,5.99,1.67,25.25,14.9,57.0,0.59,188,Moderate,PM2.5
Bengaluru,South,8,12.7,29.21,38.91,15.62,0.93,28.49,27.0,89.0,0.77,49,Good,NO2
Bengaluru,South,12,57.55,136.96,55.31,15.52,2.36,16.48,21.0,51.5,2.28,125,Moderate,PM10
Patna,East,9,25.93,41.67,24.5,16.6,0.89,24.36,25.2,80.4,2.11,44,Good,CO
Chennai,South,4,58.97,79.04,44.6,12.06,1.26,54.3,35.6,75.8,0.83,98,Satisfactory,PM2.5
Chennai,South,10,43.24,79.06,24.66,9.39,0.6,28.82,29.8,56.1,2.43,79,Satisfactory,PM10
Chennai,South,1,45.64,110.57,52.94,18.04,1.03,27.74,21.5,42.6,4.22,107,Moderate,PM10
Ahmedabad,West,4,56.2,71.5,31.85,19.72,0.87,54.56,31.8,53.7,2.64,94,Satisfactory,PM2.5
Delhi,North,1,80.94,309.46,57.47,15.9,2.29,36.01,16.2,48.9,1.87,260,Poor,PM10
Ahmedabad,West,2,69.56,87.77,40.36,14.8,0.66,8.34,20.1,47.7,3.32,130,Moderate,PM2.5
Chennai,South,3,29.04,38.18,25.68,8.71,0.89,32.52,28.0,60.4,3.99,48,Good,PM2.5
Kolkata,East,6,18.96,40.99,15.02,17.11,0.91,17.91,25.8,86.3,1.94,45,Good,CO
Chennai,South,1,91.53,119.87,35.55,11.69,0.92,23.9,14.7,51.6,1.38,203,Poor,PM2.5
Ahmedabad,West,7,28.28,46.77,17.54,8.8,1.13,33.91,25.2,74.1,2.89,53,Satisfactory,CO
Delhi,North,12,189.42,360.38,42.4,5.19,2.28,29.84,20.1,41.4,0.66,354,Very Poor,PM2.5
Guwahati,Northeast,1,217.54,217.54,46.53,4.38,1.26,25.84,19.5,35.2,2.14,375,Very Poor,PM2.5
Chennai,South,7,29.42,41.64,35.16,21.7,0.69,29.14,24.0,77.2,3.61,49,Good,PM2.5
Lucknow,North,2,138.59,173.69,49.06,7.91,1.32,33.64,19.5,58.7,1.21,314,Very Poor,PM2.5
Kolkata,East,12,160.8,248.81,32.18,1.97,0.85,29.81,15.3,38.8,1.17,332,Very Poor,PM2.5
Bengaluru,South,8,23.19,34.13,27.49,9.42,1.07,26.51,26.8,86.3,3.69,39,Good,PM2.5
Chennai,South,4,39.85,68.82,11.02,17.27,0.72,52.77,31.1,71.1,3.39,69,Satisfactory,PM10
Bengaluru,South,1,55.49,73.11,50.12,2.8,1.38,18.01,15.5,56.8,3.39,92,Satisfactory,PM2.5
Kolkata,East,7,22.52,28.84,48.38,13.44,0.74,35.35,30.7,71.8,1.21,60,Satisfactory,NO2
Bengaluru,South,5,64.55,64.55,27.54,4.18,0.79,39.38,32.0,64.9,3.25,113,Moderate,PM2.5
Guwahati,Northeast,4,62.23,81.59,19.85,8.76,0.51,43.93,32.0,67.1,3.1,105,Moderate,PM2.5
Hyderabad,South,1,96.33,96.33,40.54,11.95,1.26,25.96,18.9,51.0,2.8,219,Poor,PM2.5
Chennai,South,5,52.98,86.44,21.59,5.79,1.23,64.03,31.7,57.1,3.97,88,Satisfactory,PM2.5
Patna,East,10,41.68,98.72,21.2,8.68,1.0,28.96,28.9,69.5,1.06,99,Satisfactory,PM10
Patna,East,8,33.72,33.72,22.0,1.24,0.93,32.88,28.7,69.7,2.79,56,Satisfactory,PM2.5
Mumbai,West,1,71.28,79.92,49.11,8.09,0.7,33.72,18.4,56.7,2.2,136,Moderate,PM2.5
Mumbai,West,11,95.04,181.62,59.72,13.85,0.94,27.11,13.7,45.4,4.99,215,Poor,PM2.5
Lucknow,North,3,8.1,95.16,22.35,15.69,0.58,24.42,30.6,49.4,2.61,95,Satisfactory,PM10
Chennai,South,1,52.38,127.64,48.23,14.57,2.48,50.47,19.4,51.1,3.29,119,Moderate,PM10
Guwahati,Northeast,5,20.0,75.43,37.09,4.97,0.63,34.67,32.1,79.0,1.89,75,Satisfactory,PM10
Chennai,South,4,45.09,69.59,27.6,9.77,1.64,51.45,29.6,69.5,3.09,80,Satisfactory,CO
Kolkata,East,4,42.13,70.76,17.75,3.97,1.0,39.58,33.6,52.9,1.57,71,Satisfactory,PM10
Hyderabad,South,3,40.35,96.14,28.28,21.01,1.1,31.44,29.4,57.8,0.96,96,Satisfactory,PM10
Kolkata,East,9,34.01,34.01,31.94,4.63,0.89,28.67,29.2,79.7,4.34,56,Satisfactory,PM2.5
Delhi,North,10,41.9,101.62,25.37,9.67,0.57,39.02,26.1,40.6,3.41,101,Moderate,PM10
Mumbai,West,10,40.3,71.13,25.17,25.09,1.35,33.87,27.7,69.0,3.07,71,Satisfactory,PM10
Guwahati,Northeast,12,191.26,282.47,61.54,9.98,1.63,19.77,15.4,31.8,1.66,355,Very Poor,PM2.5
Ahmedabad,West,8,27.94,27.94,31.7,12.0,1.1,22.53,26.0,65.6,2.0,47,Good,PM2.5
Lucknow,North,2,169.75,169.75,40.64,12.77,2.28,20.9,19.5,47.5,1.15,338,Very Poor,PM2.5
Bengaluru,South,9,12.85,29.52,36.8,8.38,0.65,29.76,27.0,77.5,3.08,46,Good,NO2
Mumbai,West,12,47.98,154.21,45.9,14.86,2.19,35.1,13.9,51.1,3.97,136,Moderate,PM10
Lucknow,North,4,47.9,47.9,22.82,12.33,0.52,52.0,30.6,44.2,2.17,80,Satisfactory,PM2.5
Delhi,North,2,152.73,387.84,56.33,5.45,0.89,25.76,18.4,59.9,2.37,347,Very Poor,PM10
Ahmedabad,West,2,59.16,152.36,54.13,6.76,0.69,29.21,13.5,45.2,2.03,135,Moderate,PM10
Lucknow,North,5,65.17,76.79,23.47,2.07,1.02,42.36,29.4,69.3,1.47,115,Moderate,PM2.5
Hyderabad,South,12,64.0,98.93,55.93,14.23,2.1,32.22,17.7,49.3,3.31,111,Moderate,PM2.5
Lucknow,North,11,162.64,313.59,50.0,13.48,1.22,39.34,14.7,55.5,1.13,333,Very Poor,PM2.5
Chennai,South,5,58.92,76.45,41.06,11.1,1.14,32.85,32.2,52.5,2.82,98,Satisfactory,PM2.5
Bengaluru,South,2,91.52,95.05,92.26,5.37,1.71,30.42,19.6,47.9,3.07,203,Poor,PM2.5
Lucknow,North,7,33.53,33.53,26.76,8.82,0.68,16.23,29.0,72.6,1.91,55,Satisfactory,PM2.5
Patna,East,7,22.41,34.65,28.22,8.35,1.02,22.44,27.2,76.9,0.91,37,Good,PM2.5
Patna,East,11,192.19,286.7,52.87,21.85,2.15,30.93,15.9,47.6,0.39,356,Very Poor,PM2.5
Ahmedabad,West,1,86.22,141.62,56.87,9.53,1.86,34.92,11.3,54.4,5.13,187,Moderate,PM2.5
Bengaluru,South,1,8.22,89.99,21.87,8.96,1.01,35.82,20.3,54.7,4.17,90,Satisfactory,PM10
Mumbai,West,7,20.77,57.09,32.92,14.8,0.69,24.5,24.0,91.4,1.05,57,Satisfactory,PM10
Ahmedabad,West,8,24.37,24.37,37.6,10.76,0.54,31.06,24.5,76.4,2.23,47,Good,NO2
Patna,East,6,11.83,42.65,30.73,13.25,0.8,28.43,24.8,72.0,4.72,43,Good,PM10
Lucknow,North,8,16.27,18.97,13.71,8.96,0.93,28.99,27.4,80.7,1.64,46,Good,CO
Hyderabad,South,8,18.85,37.47,22.49,13.5,1.46,19.69,23.7,71.1,2.43,71,Satisfactory,CO
Hyderabad,South,8,12.87,33.91,41.11,11.28,0.87,30.88,28.9,89.0,3.07,51,Satisfactory,NO2
Mumbai,West,7,13.22,42.07,20.91,7.8,0.95,40.95,29.2,77.7,1.7,48,Good,CO
Guwahati,Northeast,10,44.11,69.84,32.66,9.85,0.7,22.48,25.0,51.0,1.41,73,Satisfactory,PM2.5
Chennai,South,5,55.53,57.62,35.46,13.48,0.81,26.55,32.0,74.9,2.82,92,Satisfactory,PM2.5
Lucknow,North,11,148.14,347.22,45.84,1.2,1.25,29.11,21.2,50.8,1.42,322,Very Poor,PM2.5
Patna,East,3,69.58,110.94,22.32,4.72,0.41,33.07,27.4,53.7,3.1,130,Moderate,PM2.5
Kolkata,East,11,204.52,240.8,32.43,10.24,1.41,31.07,21.5,60.9,1.49,365,Very Poor,PM2.5
Guwahati,Northeast,11,128.16,128.16,47.72,7.92,2.18,26.31,20.2,48.1,1.02,306,Very Poor,PM2.5
Ahmedabad,West,3,49.37,83.89,27.21,15.79,1.07,9.71,26.2,68.1,1.66,84,Satisfactory,PM10
Ahmedabad,West,12,66.6,137.59,41.37,18.21,2.48,11.83,16.8,33.7,3.54,125,Moderate,PM10
Hyderabad,South,11,58.34,159.99,28.87,4.42,0.51,38.67,21.1,49.6,1.37,140,Moderate,PM10
Ahmedabad,West,9,39.77,39.77,17.9,17.96,0.59,24.92,19.1,75.6,1.37,66,Satisfactory,PM2.5
Hyderabad,South,3,29.63,94.4,27.12,12.6,1.04,27.55,25.1,53.5,3.37,94,Satisfactory,PM10
Guwahati,Northeast,1,253.98,282.76,43.14,13.28,1.31,26.5,14.6,55.0,1.36,402,Severe,PM2.5
Delhi,North,10,68.36,68.36,26.92,4.07,1.05,27.85,27.1,58.7,2.15,126,Moderate,PM2.5
Hyderabad,South,2,70.94,129.59,31.59,16.25,1.54,31.74,20.7,51.2,2.04,135,Moderate,PM2.5
Patna,East,12,138.32,216.32,31.54,18.97,2.07,12.63,18.5,45.5,1.61,314,Very Poor,PM2.5
Kolkata,East,6,16.43,44.37,34.88,19.25,0.84,15.77,29.8,85.4,3.5,44,Good,PM10
Ahmedabad,West,3,28.13,88.8,20.56,10.52,1.68,45.88,29.4,54.7,1.99,89,Satisfactory,PM10
Delhi,North,1,243.83,243.83,41.42,12.42,0.93,16.59,14.5,56.4,1.55,395,Very Poor,PM2.5
Ahmedabad,West,2,27.44,64.85,54.56,7.81,1.22,36.51,16.3,48.5,2.52,68,Satisfactory,NO2
Delhi,North,7,25.1,25.1,26.42,17.58,1.48,16.6,28.0,76.5,2.69,72,Satisfactory,CO
Kolkata,East,6,25.61,41.7,49.19,5.66,0.43,45.26,26.8,74.3,3.01,61,Satisfactory,NO2
Guwahati,Northeast,5,50.92,74.66,37.02,16.11,1.15,44.4,35.8,64.6,2.2,85,Satisfactory,PM2.5
Hyderabad,South,5,34.03,90.01,16.81,12.74,0.68,26.21,27.7,59.8,3.66,90,Satisfactory,PM10
Ahmedabad,West,8,5.54,67.0,37.39,16.47,1.34,28.78,26.6,88.8,4.31,67,Satisfactory,PM10
Lucknow,North,6,26.5,26.5,25.84,20.18,1.12,15.72,25.4,90.3,3.31,52,Satisfactory,CO
Ahmedabad,West,5,48.34,74.58,23.6,8.0,1.17,44.99,33.1,64.4,4.38,80,Satisfactory,PM2.5
Kolkata,East,7,26.09,36.15,20.04,10.92,1.06,33.69,31.4,74.3,3.05,44,Good,PM2.5
Kolkata,East,7,31.76,38.31,31.32,11.83,0.84,15.83,23.2,79.4,2.86,52,Satisfactory,PM2.5
Hyderabad,South,5,59.83,78.63,25.07,10.99,0.97,37.21,34.2,59.9,3.08,100,Satisfactory,PM2.5
Kolkata,East,7,27.8,49.29,16.55,13.92,0.87,30.39,28.4,60.1,3.65,49,Good,PM10
Ahmedabad,West,11,100.01,100.01,47.55,9.41,0.68,22.79,14.7,54.7,0.97,232,Poor,PM2.5
Lucknow,North,9,16.57,42.38,51.33,13.45,0.62,22.3,29.0,67.2,4.03,64,Satisfactory,NO2
Mumbai,West,7,19.36,19.36,35.73,8.34,0.94,26.68,22.2,76.2,1.44,47,Good,CO
Bengaluru,South,7,23.32,41.68,27.85,7.76,0.73,22.42,20.6,78.6,0.93,42,Good,PM10
Chennai,South,11,34.24,75.94,57.63,12.12,0.7,23.31,18.8,47.0,2.42,76,Satisfactory,PM10
Patna,East,11,162.5,191.03,48.32,10.62,2.43,27.13,18.4,54.1,1.22,333,Very Poor,PM2.5
Guwahati,Northeast,2,185.75,310.18,77.99,15.56,1.96,34.03,15.9,41.9,0.84,351,Very Poor,PM2.5
Chennai,South,4,67.39,93.35,26.6,20.05,0.78,27.53,31.8,70.3,1.85,123,Moderate,PM2.5
Patna,East,8,20.52,42.39,3.1,16.69,0.53,34.09,21.0,66.2,3.49,42,Good,PM10
Patna,East,3,44.86,131.47,19.41,7.03,0.82,25.06,27.9,54.1,3.44,121,Moderate,PM10
Ahmedabad,West,3,70.41,70.41,30.83,14.91,0.9,26.22,20.8,60.7,3.47,133,Moderate,PM2.5
Patna,East,11,116.19,134.98,54.52,12.16,2.27,15.83,16.6,41.4,1.97,287,Poor,PM2.5
Mumbai,West,2,117.1,137.61,59.37,14.09,1.88,28.41,19.9,69.1,3.04,290,Poor,PM2.5
Patna,East,2,171.09,259.83,51.55,11.12,2.15,36.77,24.5,51.8,1.56,339,Very Poor,PM2.5
Delhi,North,7,21.66,46.1,14.35,14.21,1.44,39.45,30.7,84.7,2.13,69,Satisfactory,CO
Chennai,South,12,51.82,78.36,61.63,19.05,1.81,34.76,18.9,56.6,0.43,90,Satisfactory,CO
Kolkata,East,1,136.17,268.72,51.25,8.57,1.08,21.73,13.7,42.8,0.83,313,Very Poor,PM2.5
Patna,East,12,189.61,198.52,21.17,10.07,1.07,40.26,18.4,40.2,1.72,354,Very Poor,PM2.5
Patna,East,10,41.24,112.64,19.81,16.97,0.79,27.85,24.8,54.5,2.31,109,Moderate,PM10
Lucknow,North,9,22.71,35.61,15.42,15.17,1.29,22.42,24.6,86.9,3.25,62,Satisfactory,CO
Hyderabad,South,10,57.83,82.79,40.0,11.92,1.02,37.22,19.7,69.1,2.23,96,Satisfactory,PM2.5
Ahmedabad,West,1,110.77,110.77,41.44,11.74,0.9,46.47,17.9,65.2,2.43,268,Poor,PM2.5
Bengaluru,South,7,26.94,26.94,27.14,16.35,0.84,23.94,30.3,89.2,4.55,45,Good,PM2.5
Chennai,South,9,16.14,29.55,34.04,6.26,0.59,22.0,24.2,85.1,3.72,42,Good,NO2
Delhi,North,11,149.14,149.14,41.41,17.97,1.35,18.82,22.1,43.1,2.27,323,Very Poor,PM2.5
Delhi,North,8,19.47,47.27,13.98,3.78,0.68,34.91,27.0,76.5,1.35,47,Good,PM10
Mumbai,West,8,15.69,24.9,19.54,12.92,0.71,27.95,21.7,82.0,3.07,35,Good,CO
Hyderabad,South,7,21.39,44.07,15.83,12.32,0.55,28.74,26.2,77.8,3.75,44,Good,PM10
Ahmedabad,West,2,96.62,104.85,58.13,14.43,1.42,28.98,17.6,63.2,3.71,220,Poor,PM2.5
Kolkata,East,8,17.38,44.31,39.26,13.51,1.08,38.95,26.5,78.7,3.35,49,Good,NO2
Chennai,South,3,71.76,71.76,28.51,21.2,0.4,29.81,25.0,60.0,1.45,138,Moderate,PM2.5
Ahmedabad,West,3,45.39,81.97,35.52,1.2,0.87,26.53,26.8,60.3,1.87,82,Satisfactory,PM10
Delhi,North,11,172.16,190.87,53.8,7.5,1.93,27.54,18.0,50.0,1.17,340,Very Poor,PM2.5
Guwahati,Northeast,11,226.17,226.17,38.67,17.07,1.99,39.29,17.8,41.5,0.78,382,Very Poor,PM2.5
Lucknow,North,12,202.6,251.22,43.22,13.91,1.61,24.3,15.0,59.6,1.99,364,Very Poor,PM2.5
Delhi,North,1,137.45,326.42,31.62,13.75,1.44,17.78,23.3,49.3,1.69,314,Very Poor,PM2.5
Ahmedabad,West,12,108.03,188.52,26.37,11.21,2.24,24.07,19.2,38.6,1.92,259,Poor,PM2.5
Delhi,North,7,16.07,30.7,15.27,15.14,0.54,40.94,25.0,84.4,3.59,41,Good,O3
Hyderabad,South,11,55.89,102.67,42.39,5.77,1.86,22.21,17.7,60.1,3.44,102,Moderate,PM10
Lucknow,North,8,27.63,41.3,22.07,9.53,1.17,34.54,22.5,70.0,3.58,55,Satisfactory,CO
Delhi,North,1,205.08,429.96,53.38,7.57,1.68,36.69,18.3,55.9,0.95,400,Very Poor,PM10
Patna,East,5,59.27,60.16,6.28,10.53,0.98,55.34,35.9,60.7,3.54,99,Satisfactory,PM2.5
Delhi,North,5,50.58,72.21,31.25,8.5,1.43,11.87,32.7,62.6,3.22,84,Satisfactory,PM2.5
Hyderabad,South,4,18.57,90.4,39.26,13.06,1.12,36.23,32.0,69.8,2.45,90,Satisfactory,PM10
Mumbai,West,11,29.95,97.12,55.86,21.13,1.61,19.32,23.6,51.0,3.54,97,Satisfactory,PM10
Bengaluru,South,4,47.24,63.6,46.96,17.72,1.38,32.07,25.5,57.7,5.62,78,Satisfactory,PM2.5
Guwahati,Northeast,7,27.7,27.7,21.04,11.62,1.47,37.24,20.8,83.3,1.51,71,Satisfactory,CO
Chennai,South,7,23.87,48.87,39.33,13.59,0.99,39.31,22.3,92.6,1.98,50,Good,CO
Ahmedabad,West,3,37.18,49.97,31.88,13.14,0.87,26.72,31.6,77.5,4.2,61,Satisfactory,PM2.5
Guwahati,Northeast,2,68.31,323.18,57.67,15.7,1.05,35.14,22.7,44.1,1.78,273,Poor,PM10
Ahmedabad,West,12,67.45,85.13,42.95,10.35,1.8,35.48,21.6,46.8,3.2,123,Moderate,PM2.5
Delhi,North,5,43.26,77.48,20.25,14.68,0.86,43.95,34.7,56.6,3.75,78,Satisfactory,PM10
Bengaluru,South,5,66.76,72.18,19.83,8.59,0.47,50.64,33.2,60.9,1.26,121,Moderate,PM2.5
Guwahati,Northeast,7,30.03,40.72,34.58,27.88,0.99,9.87,23.7,80.4,2.82,49,Good,CO
Bengaluru,South,4,42.57,58.5,31.14,18.69,1.37,63.47,28.1,59.8,2.45,70,Satisfactory,PM2.5
Mumbai,West,8,19.66,32.09,40.22,12.47,0.93,31.47,29.0,83.5,4.54,47,Good,CO
Patna,East,6,22.55,33.37,25.47,15.64,1.25,23.03,32.1,66.5,3.46,59,Satisfactory,CO
Patna,East,12,124.06,276.9,42.26,1.2,1.89,34.55,17.5,50.1,1.19,303,Very Poor,PM2.5
Delhi,North,11,58.23,337.58,63.33,14.86,1.78,34.57,20.1,45.7,1.52,288,Poor,PM10
Patna,East,11,144.16,365.04,70.68,1.2,1.48,25.42,21.5,40.4,0.2,319,Very Poor,PM2.5
Lucknow,North,7,27.07,27.07,26.96,19.34,0.61,28.85,28.5,66.6,2.17,45,Good,PM2.5
Mumbai,West,2,65.97,90.76,50.99,15.05,2.27,47.59,18.6,49.5,2.38,118,Moderate,PM2.5
Ahmedabad,West,7,23.43,29.31,32.35,7.52,0.77,31.63,26.6,62.6,2.78,40,Good,NO2
Ahmedabad,West,10,63.61,98.79,8.82,15.85,1.01,15.53,29.6,49.8,4.08,110,Moderate,PM2.5
Lucknow,North,12,74.99,445.05,25.73,8.13,1.31,24.17,20.1,52.5,1.96,409,Severe,PM10
Hyderabad,South,10,18.65,89.12,29.96,9.0,1.46,33.11,29.8,67.8,2.33,89,Satisfactory,PM10
Mumbai,West,12,77.74,99.11,30.41,12.12,1.88,28.14,17.5,52.2,2.48,158,Moderate,PM2.5
Patna,East,12,175.13,232.3,21.96,11.05,1.32,22.84,20.8,52.6,0.46,342,Very Poor,PM2.5
Lucknow,North,4,20.08,92.41,24.01,12.42,0.89,40.13,31.6,60.7,4.89,92,Satisfactory,PM10
Bengaluru,South,5,48.89,60.22,31.2,7.09,1.21,23.3,28.5,47.0,3.27,81,Satisfactory,PM2.5
Bengaluru,South,2,86.81,86.81,55.65,14.78,1.7,28.26,18.4,44.7,1.6,189,Moderate,PM2.5
Mumbai,West,9,17.64,39.11,41.03,9.81,0.74,25.28,27.1,82.9,2.77,51,Satisfactory,NO2
Chennai,South,2,80.31,146.88,47.47,16.86,1.5,22.59,20.7,51.5,3.07,167,Moderate,PM2.5
Delhi,North,2,167.78,259.82,40.29,17.1,1.44,27.57,18.9,54.3,1.97,337,Very Poor,PM2.5
Hyderabad,South,1,103.72,110.12,53.34,11.12,2.6,25.05,17.2,52.9,2.5,244,Poor,PM2.5
Hyderabad,South,10,64.36,79.88,29.55,10.9,0.76,28.81,27.0,69.4,1.73,112,Moderate,PM2.5
Kolkata,East,9,19.21,35.96,19.06,14.7,0.64,31.14,27.8,75.4,0.49,36,Good,PM10
Bengaluru,South,8,12.78,37.24,21.87,17.03,0.8,21.68,28.8,67.8,2.34,40,Good,CO
Guwahati,Northeast,1,244.38,244.38,39.19,13.69,0.64,39.4,15.0,48.5,1.55,396,Very Poor,PM2.5
Patna,East,11,106.04,412.47,10.92,6.61,1.29,20.02,21.7,38.7,2.27,378,Very Poor,PM10
Patna,East,5,23.57,28.28,26.19,8.63,0.96,36.32,33.9,58.9,2.33,48,Good,CO
Patna,East,3,48.59,94.28,37.65,10.59,0.91,35.09,19.6,59.2,2.55,94,Satisfactory,PM10
Ahmedabad,West,5,32.38,101.64,21.8,9.8,0.72,57.5,24.7,74.3,4.45,101,Moderate,PM10
Hyderabad,South,5,61.17,79.49,41.88,16.56,1.49,22.32,31.6,46.2,2.22,102,Moderate,PM2.5
Ahmedabad,West,2,81.47,154.15,55.4,14.16,1.35,22.05,16.4,30.2,2.71,171,Moderate,PM2.5
Guwahati,Northeast,9,15.86,33.08,32.41,16.25,0.58,21.32,29.3,82.7,4.31,40,Good,NO2
Hyderabad,South,6,37.37,37.37,41.26,7.58,1.55,31.82,28.6,85.9,1.28,75,Satisfactory,CO
Bengaluru,South,2,72.83,131.34,77.99,7.44,2.34,25.77,17.2,50.7,2.46,141,Moderate,PM2.5
Mumbai,West,4,38.78,44.13,25.75,14.19,0.52,49.33,34.5,71.8,3.18,64,Satisfactory,PM2.5
Mumbai,West,12,85.87,153.53,37.97,11.65,1.83,43.01,17.2,59.1,3.15,186,Moderate,PM2.5
Lucknow,North,4,65.95,65.95,29.94,12.13,0.49,57.53,33.5,60.3,2.51,118,Moderate,PM2.5
Kolkata,East,4,56.14,77.71,22.39,9.52,0.9,30.25,32.0,53.7,1.73,94,Satisfactory,PM2.5
Lucknow,North,12,268.63,283.75,60.25,16.9,1.56,30.38,17.2,62.0,2.11,408,Severe,PM2.5
Chennai,South,8,22.14,56.81,27.36,21.83,0.77,17.1,33.1,83.3,3.38,57,Satisfactory,PM10
Patna,East,12,112.67,210.78,50.0,11.28,0.67,42.23,16.7,61.9,1.0,275,Poor,PM2.5
Chennai,South,8,27.14,43.04,25.75,14.44,1.08,26.76,23.7,73.0,2.38,45,Good,PM2.5
Bengaluru,South,10,70.08,97.33,21.15,20.82,0.88,33.65,24.2,56.4,3.96,132,Moderate,PM2.5
Ahmedabad,West,1,71.35,135.81,33.27,3.47,2.04,52.05,19.4,57.2,1.81,136,Moderate,PM2.5
Ahmedabad,West,8,17.58,46.44,33.1,15.03,1.06,32.72,27.9,85.8,1.99,46,Good,PM10
Mumbai,West,4,68.12,80.47,25.26,16.97,1.13,25.62,33.2,61.1,3.6,125,Moderate,PM2.5
Lucknow,North,1,186.0,186.0,35.11,15.55,2.86,31.09,15.9,53.1,0.9,351,Very Poor,PM2.5
Delhi,North,6,20.59,45.3,26.71,17.48,0.46,28.21,28.6,75.9,3.2,45,Good,PM10
Mumbai,West,2,95.7,141.19,53.66,16.22,0.95,21.68,13.8,56.4,3.26,217,Poor,PM2.5
Delhi,North,3,50.54,62.0,29.13,3.0,0.79,8.28,28.0,57.8,2.65,84,Satisfactory,PM2.5
Ahmedabad,West,6,15.51,41.58,15.94,14.43,0.68,13.88,30.7,88.6,2.2,42,Good,PM10
Guwahati,Northeast,12,145.95,205.9,38.87,14.16,2.6,25.02,21.1,54.8,0.46,320,Very Poor,PM2.5
Patna,East,7,19.19,49.55,40.64,13.81,1.23,26.77,30.4,78.8,4.03,58,Satisfactory,CO
Ahmedabad,West,12,87.55,92.53,41.94,15.61,2.03,29.33,17.1,53.5,2.49,192,Moderate,PM2.5
Delhi,North,11,269.76,269.76,55.31,12.73,1.01,17.41,17.8,36.4,2.43,408,Severe,PM2.5
Mumbai,West,12,59.14,162.66,45.97,15.13,1.33,28.38,20.9,45.1,3.39,142,Moderate,PM10
Ahmedabad,West,3,64.93,64.93,27.28,11.53,0.64,19.17,28.6,64.5,1.81,114,Moderate,PM2.5
Patna,East,10,53.79,67.82,17.13,11.82,1.0,27.51,25.2,63.7,4.22,90,Satisfactory,PM2.5
Patna,East,5,40.31,139.46,30.44,5.92,0.77,32.46,32.1,62.5,2.09,127,Moderate,PM10
Guwahati,Northeast,3,46.34,66.04,17.74,7.71,0.56,26.4,24.3,66.3,2.15,77,Satisfactory,PM2.5
Mumbai,West,9,23.73,41.09,35.53,21.57,0.67,35.11,28.2,86.5,2.92,44,Good,NO2
Mumbai,West,10,24.66,53.45,23.22,11.64,0.91,21.78,24.0,54.8,0.89,54,Satisfactory,PM10
Delhi,North,7,19.84,38.98,29.4,20.61,1.12,34.19,28.1,82.3,2.55,52,Satisfactory,CO
Hyderabad,South,7,33.87,33.87,16.81,15.34,1.14,29.3,21.4,88.3,3.06,56,Satisfactory,PM2.5
Hyderabad,South,2,99.11,99.11,49.61,9.4,2.32,30.04,15.4,61.1,0.28,229,Poor,PM2.5
Delhi,North,5,25.1,65.89,25.98,16.37,1.49,19.58,32.3,77.6,2.16,72,Satisfactory,CO
Guwahati,Northeast,5,48.72,95.52,33.52,10.28,0.68,58.58,28.7,44.7,1.17,96,Satisfactory,PM10
Hyderabad,South,4,68.51,68.51,40.78,18.27,0.96,9.88,27.4,54.9,4.74,127,Moderate,PM2.5
Chennai,South,9,14.77,36.37,16.16,11.88,0.68,50.58,24.2,93.4,1.52,36,Good,PM10
Mumbai,West,11,55.63,136.86,50.04,12.39,2.01,31.51,17.5,46.6,2.61,125,Moderate,PM10
Hyderabad,South,8,18.85,35.21,16.16,7.07,1.12,9.1,30.6,73.5,4.67,52,Satisfactory,CO
Lucknow,North,2,141.67,253.74,70.94,18.11,2.07,37.61,14.7,53.6,0.97,317,Very Poor,PM2.5
Patna,East,10,47.58,67.0,26.6,9.6,0.56,42.25,27.5,48.5,3.0,79,Satisfactory,PM2.5
Kolkata,East,9,27.04,29.07,23.84,7.41,0.7,22.45,22.6,74.4,3.19,45,Good,PM2.5
Bengaluru,South,6,21.79,51.18,43.42,11.67,1.14,26.6,25.5,69.1,2.9,54,Satisfactory,NO2
Chennai,South,3,24.93,69.91,25.18,13.19,0.97,32.51,32.7,53.0,1.76,70,Satisfactory,PM10
Lucknow,North,10,67.88,67.88,30.78,11.03,1.13,33.28,27.1,63.9,2.06,124,Moderate,PM2.5
Bengaluru,South,1,103.97,122.58,42.13,11.3,1.98,27.65,14.4,59.6,1.7,245,Poor,PM2.5
Patna,East,4,15.6,78.98,27.43,2.56,0.99,28.12,31.3,56.7,1.14,79,Satisfactory,PM10
Hyderabad,South,4,29.79,99.05,35.02,22.53,0.76,35.14,31.4,57.2,2.15,99,Satisfactory,PM10
Lucknow,North,8,25.24,25.24,23.19,5.27,0.86,31.63,30.4,74.5,2.92,43,Good,CO
Ahmedabad,West,8,14.15,36.56,16.58,17.94,1.04,20.4,22.6,72.2,1.79,37,Good,PM10
Hyderabad,South,3,22.84,71.21,34.15,8.59,1.02,25.25,28.8,53.7,3.11,71,Satisfactory,PM10
Mumbai,West,10,66.46,89.32,30.15,4.94,0.76,21.28,24.5,60.1,3.07,120,Moderate,PM2.5
Chennai,South,7,29.19,39.42,17.69,12.97,1.06,38.6,26.5,76.8,4.01,49,Good,PM2.5
Hyderabad,South,10,19.83,34.89,43.46,3.77,0.85,35.42,21.7,51.3,1.4,54,Satisfactory,NO2
Patna,East,12,273.02,273.02,56.34,13.48,1.47,14.34,24.9,37.5,1.52,410,Severe,PM2.5
Delhi,North,12,216.45,341.03,33.91,8.21,0.86,29.64,20.1,48.5,1.26,374,Very Poor,PM2.5
Patna,East,5,59.75,107.43,9.17,14.63,0.97,26.22,27.9,58.3,1.3,105,Moderate,PM10
Patna,East,6,16.98,40.35,22.06,9.85,1.18,13.18,27.7,81.1,3.27,55,Satisfactory,CO
Ahmedabad,West,1,43.91,173.25,35.67,6.64,1.61,21.79,21.2,49.9,4.12,149,Moderate,PM10
Chennai,South,8,17.5,45.93,22.53,10.46,1.04,29.9,25.0,65.7,2.78,46,Good,PM10
Bengaluru,South,6,20.46,30.08,21.97,10.71,0.88,33.84,28.3,94.8,2.96,44,Good,CO
Lucknow,North,1,150.69,318.38,62.45,18.44,1.11,38.76,17.9,44.6,1.29,324,Very Poor,PM2.5
Delhi,North,4,52.2,52.2,17.88,6.08,0.7,42.98,27.6,56.6,4.37,87,Satisfactory,PM2.5
Kolkata,East,11,246.83,246.83,72.1,12.44,1.64,36.64,20.1,37.1,1.06,398,Very Poor,PM2.5
Delhi,North,1,85.51,353.37,68.72,11.95,1.74,27.91,18.3,60.9,0.41,304,Very Poor,PM10
Lucknow,North,3,45.19,60.13,23.77,20.8,0.54,26.58,31.9,49.8,2.29,75,Satisfactory,PM2.5
Hyderabad,South,4,51.5,74.66,20.48,14.15,0.87,49.91,33.8,48.1,3.96,86,Satisfactory,PM2.5
Patna,East,7,26.1,39.53,43.57,12.03,0.79,23.69,23.9,84.5,1.57,54,Satisfactory,NO2
Delhi,North,10,41.48,41.48,40.5,1.2,0.88,29.97,20.1,63.5,2.05,69,Satisfactory,PM2.5
Guwahati,Northeast,12,235.21,283.65,42.95,11.18,2.45,31.4,15.3,48.1,0.73,389,Very Poor,PM2.5
Ahmedabad,West,3,70.32,72.68,16.77,14.07,0.79,32.72,26.3,71.6,1.78,133,Moderate,PM2.5
Lucknow,North,8,26.9,26.9,26.56,15.84,0.31,28.54,22.5,63.2,1.61,45,Good,PM2.5
Guwahati,Northeast,7,15.25,45.86,28.69,9.65,0.55,29.88,33.2,72.4,2.14,46,Good,PM10
Mumbai,West,7,28.64,44.0,24.25,9.12,0.65,25.57,30.1,78.3,4.24,48,Good,PM2.5
Lucknow,North,4,8.57,136.29,29.8,15.74,0.69,24.83,31.5,44.1,2.5,124,Moderate,PM10
Guwahati,Northeast,3,52.06,82.35,42.65,13.8,0.39,26.75,32.8,57.5,4.89,87,Satisfactory,PM2.5
Kolkata,East,3,38.57,51.7,30.86,18.1,0.47,29.01,20.9,57.3,0.95,64,Satisfactory,PM2.5
Bengaluru,South,10,34.15,103.08,23.46,8.97,0.46,31.28,28.5,67.5,3.53,102,Moderate,PM10
Chennai,South,12,84.6,143.88,61.07,4.67,1.38,14.37,19.0,65.0,3.8,182,Moderate,PM2.5
Bengaluru,South,4,52.96,84.51,29.96,5.74,1.26,27.16,29.9,67.7,2.38,88,Satisfactory,PM2.5
Hyderabad,South,2,72.93,121.35,49.66,13.03,1.64,20.48,13.3,60.0,3.97,142,Moderate,PM2.5
Chennai,South,7,22.58,24.97,7.52,10.81,0.39,29.55,30.9,73.1,2.17,38,Good,PM2.5
Lucknow,North,3,45.7,75.74,19.44,16.38,1.63,37.99,26.7,59.0,2.22,80,Satisfactory,CO
Delhi,North,7,27.04,44.77,18.18,13.76,1.2,25.06,26.4,83.6,3.61,56,Satisfactory,CO
Hyderabad,South,1,76.23,132.87,44.0,6.63,0.85,33.0,18.3,55.6,1.87,153,Moderate,PM2.5
Ahmedabad,West,10,46.24,105.85,35.15,8.45,1.04,21.73,19.2,73.8,2.38,104,Moderate,PM10
Kolkata,East,4,34.58,57.97,23.41,13.21,0.95,48.27,29.5,60.3,1.86,58,Satisfactory,PM10
Patna,East,1,86.42,204.93,41.9,23.47,1.97,20.83,20.5,56.1,1.55,188,Moderate,PM2.5
Hyderabad,South,5,12.46,77.83,29.43,4.55,1.29,36.36,27.3,56.0,2.28,78,Satisfactory,PM10
Bengaluru,South,6,25.76,44.49,11.54,9.53,0.78,26.55,32.1,71.5,4.55,44,Good,PM10
Kolkata,East,1,248.02,248.02,41.84,11.89,2.22,29.33,18.6,57.1,0.91,398,Very Poor,PM2.5
Mumbai,West,4,35.11,110.27,31.52,15.33,0.35,50.9,30.5,48.5,2.91,107,Moderate,PM10
Kolkata,East,2,194.22,389.01,22.22,11.86,1.52,11.29,20.7,57.0,2.53,357,Very Poor,PM2.5
Ahmedabad,West,4,31.16,88.3,38.79,9.77,1.13,12.33,35.4,66.4,0.28,88,Satisfactory,PM10
Bengaluru,South,11,21.33,97.18,57.78,11.35,2.2,28.54,17.9,60.8,2.42,102,Moderate,CO
Ahmedabad,West,1,72.61,116.59,64.71,8.8,1.2,19.08,11.6,63.9,1.79,141,Moderate,PM2.5
Mumbai,West,5,9.01,112.26,26.81,14.47,0.52,59.62,30.6,51.9,1.66,108,Moderate,PM10
Bengaluru,South,6,16.1,24.13,24.36,12.22,0.94,31.73,27.7,83.2,2.49,47,Good,CO
Chennai,South,12,58.03,167.28,39.37,5.15,0.8,30.55,21.5,42.8,1.82,145,Moderate,PM10
Chennai,South,5,44.96,63.06,17.25,13.48,1.08,48.2,31.1,51.6,3.15,75,Satisfactory,PM2.5
Hyderabad,South,8,10.94,31.3,31.08,11.62,0.37,22.62,24.9,82.5,5.71,39,Good,NO2
Patna,East,11,92.91,258.9,48.15,15.63,2.2,39.68,19.6,52.0,2.23,209,Poor,PM10
Bengaluru,South,10,45.86,70.91,10.1,18.1,1.08,8.09,30.0,57.6,3.91,76,Satisfactory,PM2.5
Lucknow,North,2,83.99,274.15,35.06,6.13,2.02,31.29,22.5,48.8,0.86,224,Poor,PM10
Chennai,South,6,14.34,31.22,32.41,11.4,0.77,16.22,29.8,75.1,3.49,40,Good,NO2
Bengaluru,South,11,96.74,110.59,42.99,6.68,1.34,30.87,15.5,54.5,4.44,221,Poor,PM2.5
Kolkata,East,10,24.3,67.01,16.05,18.4,0.92,21.88,25.3,50.5,3.93,67,Satisfactory,PM10
Kolkata,East,9,9.66,45.2,25.93,18.08,0.4,29.89,25.8,83.3,2.87,45,Good,PM10
Kolkata,East,5,43.33,112.35,26.53,16.15,1.07,53.2,28.0,65.7,3.18,108,Moderate,PM10
Patna,East,4,41.65,129.15,24.71,10.24,1.02,35.19,31.4,56.4,3.25,120,Moderate,PM10
Patna,East,10,75.74,77.56,26.13,16.94,0.52,42.21,24.0,69.5,4.43,151,Moderate,PM2.5
Ahmedabad,West,12,59.47,115.1,56.95,7.21,1.55,25.37,14.5,43.6,2.94,110,Moderate,PM10
Guwahati,Northeast,2,117.22,278.47,38.68,18.27,1.55,37.22,12.9,54.6,1.73,290,Poor,PM2.5
Lucknow,North,8,16.43,32.84,34.24,6.19,1.09,30.67,26.2,76.3,2.87,43,Good,NO2
Patna,East,5,50.48,54.87,24.34,6.51,0.39,27.36,31.4,70.2,3.92,84,Satisfactory,PM2.5
Bengaluru,South,2,50.46,85.49,10.82,11.2,1.99,25.88,14.2,45.2,2.43,99,Satisfactory,CO
Chennai,South,1,65.52,141.67,46.83,13.14,1.15,22.24,14.2,56.8,2.47,128,Moderate,PM10
Kolkata,East,11,186.94,351.49,36.31,14.31,1.5,10.21,23.9,50.4,1.51,352,Very Poor,PM2.5
Ahmedabad,West,11,62.76,124.77,32.99,20.13,2.0,32.34,17.6,45.9,3.95,117,Moderate,PM10
Kolkata,East,1,137.63,183.5,25.31,12.14,1.48,37.96,21.0,52.3,1.35,314,Very Poor,PM2.5
Kolkata,East,12,219.41,267.37,56.72,17.65,1.33,21.05,25.4,56.8,1.24,376,Very Poor,PM2.5
Patna,East,2,142.74,298.56,39.82,11.92,1.47,21.68,18.7,46.9,1.72,318,Very Poor,PM2.5
Mumbai,West,4,17.91,90.75,33.36,22.82,0.9,44.31,32.4,68.2,3.87,91,Satisfactory,PM10
Ahmedabad,West,11,69.19,149.08,46.93,5.81,0.88,25.54,18.4,71.8,2.67,133,Moderate,PM10
Ahmedabad,West,10,38.63,90.7,30.35,8.94,0.63,24.62,24.5,58.2,2.96,91,Satisfactory,PM10
Lucknow,North,12,241.45,366.61,44.69,7.37,1.59,26.88,17.8,48.8,0.81,393,Very Poor,PM2.5
Guwahati,Northeast,11,140.35,250.63,49.35,11.67,1.63,24.66,19.1,46.3,0.79,316,Very Poor,PM2.5
Chennai,South,1,53.42,73.03,23.63,14.42,2.21,32.68,16.6,38.3,3.01,102,Moderate,CO
Lucknow,North,10,43.64,58.15,8.84,19.11,0.56,25.01,26.6,56.2,3.32,72,Satisfactory,PM2.5
Lucknow,North,9,22.96,37.71,16.43,13.13,0.62,18.21,27.9,74.7,3.22,38,Good,PM2.5
Kolkata,East,4,22.51,93.5,30.39,9.18,0.86,51.69,30.0,76.9,4.47,94,Satisfactory,PM10
Lucknow,North,8,18.63,32.52,22.95,12.6,1.09,16.66,28.9,85.5,3.44,32,Good,PM10
Delhi,North,7,24.01,47.84,27.51,12.11,1.48,30.58,24.0,85.0,3.25,72,Satisfactory,CO
Bengaluru,South,12,42.95,127.52,47.13,6.03,1.56,26.73,17.8,55.9,0.83,119,Moderate,PM10
Lucknow,North,11,132.73,380.22,82.1,12.02,1.62,7.48,20.7,55.6,1.56,338,Very Poor,PM10
Ahmedabad,West,6,34.28,50.13,30.47,16.76,0.91,34.9,23.1,59.8,1.38,56,Satisfactory,PM2.5
Lucknow,North,3,34.86,86.78,25.84,11.86,0.58,17.32,27.1,55.7,2.81,87,Satisfactory,PM10
Bengaluru,South,8,31.87,34.21,43.23,13.95,1.09,36.85,29.2,71.6,4.01,54,Satisfactory,NO2
Kolkata,East,5,49.75,79.55,37.61,13.89,0.53,68.35,33.5,55.6,1.53,83,Satisfactory,PM2.5
Hyderabad,South,8,13.03,42.69,36.98,8.88,0.7,24.05,24.0,79.8,3.22,46,Good,NO2
Guwahati,Northeast,11,113.33,340.54,33.78,16.03,0.89,41.17,16.4,56.8,1.78,290,Poor,PM10
Lucknow,North,12,206.77,227.06,43.59,8.78,2.37,18.17,19.3,47.0,2.01,367,Very Poor,PM2.5
Patna,East,12,124.7,283.43,42.45,16.98,1.48,35.61,16.8,69.9,0.2,304,Very Poor,PM2.5
Chennai,South,8,20.18,33.94,30.4,12.28,0.96,31.43,32.2,55.9,4.87,48,Good,CO
Guwahati,Northeast,11,61.94,275.91,67.75,16.41,2.4,31.12,11.9,62.4,1.76,226,Poor,PM10
Lucknow,North,3,20.84,48.59,28.14,18.4,1.34,21.9,25.8,83.0,2.18,64,Satisfactory,CO
Patna,East,12,134.7,310.74,35.52,7.98,1.42,23.42,17.1,56.2,2.46,312,Very Poor,PM2.5
Patna,East,4,29.43,76.72,20.85,4.15,1.19,43.01,31.5,44.6,2.15,77,Satisfactory,PM10
Mumbai,West,2,69.5,123.8,49.92,8.8,1.19,26.38,19.1,47.4,1.75,130,Moderate,PM2.5
Hyderabad,South,9,15.58,29.75,18.78,9.86,1.23,25.53,23.3,59.9,4.86,58,Satisfactory,CO
Ahmedabad,West,3,49.48,103.18,32.43,11.64,0.57,44.03,25.7,56.9,2.84,102,Moderate,PM10
Patna,East,11,192.18,309.5,39.69,12.12,1.86,22.44,22.3,51.8,2.3,356,Very Poor,PM2.5
Chennai,South,6,24.89,25.23,22.67,16.34,0.84,49.82,28.6,72.4,3.38,50,Good,O3
Mumbai,West,11,90.39,108.43,53.86,12.95,1.64,36.75,12.6,52.8,2.01,106,Moderate,PM10
Delhi,North,3,31.8,62.28,26.02,13.62,1.05,24.56,31.8,57.0,0.62,62,Satisfactory,PM10
Lucknow,North,12,162.64,162.64,65.39,11.52,1.05,19.93,20.3,59.1,1.04,333,Very Poor,PM2.5
Guwahati,Northeast,12,167.33,297.66,56.14,9.3,1.54,28.17,20.9,62.6,2.3,337,Very Poor,PM2.5
Delhi,North,3,73.56,99.75,23.05,19.36,0.53,47.86,24.1,67.1,4.42,144,Moderate,PM2.5
Patna,East,10,12.71,54.74,31.0,15.05,0.85,28.62,22.6,74.2,2.38,55,Satisfactory,PM10
Lucknow,North,2,238.6,238.6,49.84,13.33,1.48,35.79,16.0,52.4,1.19,391,Very Poor,PM2.5
Lucknow,North,6,16.36,27.58,34.26,20.62,0.65,28.8,24.0,61.9,1.92,43,Good,NO2
Mumbai,West,5,36.95,69.62,28.05,6.26,0.99,57.29,35.0,57.9,3.8,70,Satisfactory,PM10
Ahmedabad,West,3,39.59,85.65,25.19,5.93,1.12,21.04,25.4,68.5,3.4,86,Satisfactory,PM10
Patna,East,1,77.72,177.07,53.72,15.02,1.72,24.02,16.5,53.7,0.7,158,Moderate,PM2.5
Lucknow,North,10,23.13,52.34,29.5,14.8,0.99,18.64,21.4,59.9,0.67,52,Satisfactory,PM10
Patna,East,9,12.59,57.5,19.92,14.22,0.7,26.59,27.6,84.9,3.94,58,Satisfactory,PM10
Chennai,South,10,61.34,62.36,33.45,10.36,1.17,28.97,28.9,62.3,3.65,102,Moderate,PM2.5
Chennai,South,2,31.49,154.31,67.37,11.44,1.99,14.31,16.1,52.7,0.86,136,Moderate,PM10
Bengaluru,South,5,47.49,62.6,25.09,10.05,0.55,39.26,31.0,55.3,2.24,79,Satisfactory,PM2.5
Lucknow,North,4,57.91,74.33,11.82,6.27,1.15,33.36,30.7,75.4,3.51,96,Satisfactory,PM2.5
Kolkata,East,3,67.76,79.93,31.1,13.46,1.15,27.33,22.6,62.6,1.25,124,Moderate,PM2.5
Mumbai,West,10,39.3,75.31,22.32,13.63,1.02,22.3,28.4,60.5,2.69,75,Satisfactory,PM10
Mumbai,West,8,9.76,58.33,37.94,15.5,1.2,30.52,26.0,56.9,1.43,58,Satisfactory,PM10
Delhi,North,12,224.97,288.51,25.28,15.05,1.47,33.86,14.7,48.1,1.9,381,Very Poor,PM2.5
Mumbai,West,9,15.58,24.1,36.59,5.95,0.58,30.23,33.3,71.2,2.39,46,Good,NO2
Chennai,South,8,16.9,16.9,34.74,12.89,1.0,26.81,31.5,74.0,1.59,50,Good,CO
Patna,East,9,5.0,32.84,27.37,11.45,0.48,18.05,29.9,89.1,2.33,34,Good,NO2
Lucknow,North,1,60.05,348.75,62.39,1.2,0.44,29.15,18.8,48.2,1.38,299,Poor,PM10
Chennai,South,5,45.42,55.82,27.9,8.76,0.7,18.48,30.5,66.4,2.44,75,Satisfactory,PM2.5
Ahmedabad,West,11,100.77,155.59,72.98,22.83,1.63,18.28,16.4,56.6,4.41,234,Poor,PM2.5
Kolkata,East,12,174.3,207.3,45.89,11.22,1.78,45.07,19.4,48.6,1.07,342,Very Poor,PM2.5
Delhi,North,9,15.72,32.45,20.68,12.67,0.25,26.23,26.6,68.7,2.37,32,Good,PM10
Mumbai,West,4,63.77,64.26,32.4,4.81,0.82,44.91,35.6,69.5,3.03,110,Moderate,PM2.5
Patna,East,1,236.08,244.23,54.46,11.41,2.56,22.88,20.7,51.3,1.72,389,Very Poor,PM2.5
Chennai,South,11,20.89,116.67,35.13,14.14,1.93,24.05,16.4,53.6,1.37,111,Moderate,PM10
Bengaluru,South,11,49.97,145.19,29.02,9.28,1.24,25.5,22.1,58.8,2.26,130,Moderate,PM10
Hyderabad,South,4,58.94,58.94,28.19,9.09,0.85,52.19,29.0,67.8,5.26,98,Satisfactory,PM2.5
Lucknow,North,7,19.65,46.38,18.69,19.3,0.7,46.21,24.8,83.3,1.05,46,Good,PM10
Chennai,South,9,12.6,19.54,38.13,6.11,0.7,20.85,30.4,86.1,4.22,48,Good,NO2
Patna,East,12,235.58,235.58,37.13,8.65,1.28,27.24,15.5,53.9,0.2,389,Very Poor,PM2.5
Hyderabad,South,7,12.53,27.51,22.58,16.53,1.04,26.61,24.9,84.3,4.81,28,Good,NO2
Hyderabad,South,7,8.92,27.17,32.7,9.87,0.67,20.42,27.3,65.7,2.76,41,Good,NO2
Delhi,North,8,17.06,23.65,36.55,5.6,0.95,34.11,27.5,87.8,1.53,47,Good,CO
Mumbai,West,10,37.74,152.02,32.27,15.34,1.08,28.66,30.1,45.0,3.11,135,Moderate,PM10
Patna,East,7,27.47,27.47,18.91,7.11,1.04,32.51,24.2,93.3,3.12,46,Good,PM2.5
Lucknow,North,8,18.78,44.03,31.27,21.07,0.57,15.02,24.8,82.4,2.32,44,Good,PM10
Mumbai,West,2,60.36,157.62,36.04,17.68,2.26,23.26,19.5,54.1,3.38,139,Moderate,PM10
Hyderabad,South,1,93.84,137.35,57.55,5.91,1.58,18.75,17.9,60.9,2.79,211,Poor,PM2.5
Ahmedabad,West,9,12.83,40.43,23.47,15.76,0.57,31.21,28.3,84.3,2.07,40,Good,PM10
Delhi,North,1,244.37,244.37,48.74,3.33,1.19,21.46,17.8,55.0,1.91,396,Very Poor,PM2.5
Hyderabad,South,4,55.61,55.61,36.88,1.2,1.31,58.97,33.3,77.8,0.78,93,Satisfactory,PM2.5
Ahmedabad,West,9,21.21,36.95,18.23,13.9,0.99,22.21,26.8,67.5,2.36,50,Good,CO
Ahmedabad,West,2,94.03,146.44,61.83,16.67,1.29,30.85,21.3,41.0,1.25,211,Poor,PM2.5
Delhi,North,9,7.59,23.57,23.59,19.26,0.78,15.26,27.5,76.5,1.92,39,Good,CO
Mumbai,West,9,27.81,27.81,14.01,14.24,0.73,41.04,26.5,77.2,3.68,46,Good,PM2.5
Delhi,North,12,178.9,242.17,62.79,8.9,1.68,24.98,19.2,50.0,1.55,345,Very Poor,PM2.5
Patna,East,8,18.22,38.58,47.21,13.87,0.24,22.4,23.4,85.4,2.69,59,Satisfactory,NO2
Lucknow,North,9,24.58,40.7,17.72,14.42,1.27,15.84,26.0,80.8,2.91,60,Satisfactory,CO
Bengaluru,South,3,56.47,85.82,34.87,15.67,0.91,25.02,30.0,54.1,2.72,94,Satisfactory,PM2.5
Guwahati,Northeast,12,200.97,372.57,34.53,11.26,1.37,37.03,22.3,48.2,0.2,362,Very Poor,PM2.5
Patna,East,3,45.71,77.62,36.1,10.25,0.73,25.01,28.5,67.0,4.63,78,Satisfactory,PM10
Hyderabad,South,8,19.22,43.58,19.84,18.81,0.96,26.08,24.1,83.0,2.49,48,Good,CO
Bengaluru,South,1,29.06,103.48,39.81,14.01,1.47,5.75,16.8,40.4,1.63,103,Moderate,PM10
Chennai,South,9,8.28,37.47,23.74,8.64,0.64,30.68,28.3,64.2,4.09,38,Good,PM10
Patna,East,6,23.0,23.0,24.14,5.86,0.76,26.31,23.6,80.5,3.3,38,Good,PM2.5
Mumbai,West,12,92.75,161.0,22.53,2.6,1.46,43.01,25.4,46.5,2.14,207,Poor,PM2.5
Delhi,North,10,41.89,72.55,33.33,25.03,1.25,43.7,21.5,68.6,1.74,73,Satisfactory,PM10
Hyderabad,South,2,103.25,140.56,37.3,9.68,1.41,34.4,19.2,63.4,4.6,243,Poor,PM2.5
Ahmedabad,West,6,23.62,39.21,27.2,16.52,1.03,23.17,26.6,75.2,1.99,39,Good,PM2.5
Kolkata,East,2,212.62,265.04,29.32,14.27,2.27,28.42,20.8,53.2,0.83,371,Very Poor,PM2.5
Delhi,North,12,24.34,272.84,36.93,19.59,1.7,49.47,18.1,45.9,0.44,223,Poor,PM10
Mumbai,West,7,14.33,30.09,38.32,17.06,0.74,24.19,21.7,61.6,3.66,48,Good,NO2
Kolkata,East,5,50.63,80.8,22.07,19.05,0.42,36.1,31.5,60.0,2.8,84,Satisfactory,PM2.5
Chennai,South,1,83.25,83.25,45.93,14.07,1.44,28.04,18.6,37.9,0.93,177,Moderate,PM2.5
Guwahati,Northeast,11,125.93,227.28,56.19,7.25,0.44,41.92,21.6,61.6,0.77,305,Very Poor,PM2.5
Kolkata,East,11,88.97,267.11,42.99,6.83,1.84,25.83,23.2,52.7,0.2,217,Poor,PM10
Patna,East,2,277.36,277.36,51.46,12.05,2.28,11.98,22.0,62.1,1.4,412,Severe,PM2.5
Bengaluru,South,6,17.62,17.62,32.87,13.18,0.97,32.05,25.2,89.9,2.81,49,Good,CO
Hyderabad,South,3,40.71,100.6,28.87,11.59,1.23,13.53,26.2,55.1,3.22,67,Satisfactory,PM2.5
Delhi,North,10,44.81,60.11,27.8,13.55,0.85,37.3,28.8,60.2,0.28,74,Satisfactory,PM2.5
Patna,East,2,195.29,249.2,52.37,10.92,1.71,39.77,20.4,41.6,0.47,358,Very Poor,PM2.5
Hyderabad,South,3,63.39,63.39,26.24,23.39,0.83,49.22,24.5,54.8,2.01,109,Moderate,PM2.5
Chennai,South,3,18.36,71.42,29.22,8.56,0.77,40.15,29.9,57.9,3.28,71,Satisfactory,PM10
Lucknow,North,6,22.16,33.78,24.86,12.16,0.87,16.97,32.0,85.6,2.37,43,Good,CO
Ahmedabad,West,2,9.82,190.57,45.5,15.66,1.14,25.42,17.2,53.9,2.9,160,Moderate,PM10
Mumbai,West,12,47.15,116.09,22.74,8.05,1.53,31.34,22.5,48.2,2.84,111,Moderate,PM10
Delhi,North,3,50.27,55.63,25.41,14.28,1.04,15.79,29.4,59.7,4.22,84,Satisfactory,PM2.5
Patna,East,3,70.3,70.3,31.38,4.43,1.25,40.13,29.9,56.6,3.41,133,Moderate,PM2.5
Lucknow,North,4,45.22,74.38,11.21,8.11,1.51,40.91,31.5,59.9,2.34,75,Satisfactory,PM2.5
Lucknow,North,8,17.37,17.37,34.6,19.74,0.59,24.53,31.5,71.8,3.23,43,Good,NO2
Patna,East,3,35.21,89.35,33.31,12.33,1.14,34.52,25.0,46.1,3.47,89,Satisfactory,PM10
Kolkata,East,2,143.34,406.25,68.8,15.72,1.47,10.44,17.5,37.3,0.2,370,Very Poor,PM10
Hyderabad,South,3,63.46,63.46,25.85,11.92,0.82,16.42,31.0,49.2,0.62,109,Moderate,PM2.5
Bengaluru,South,12,81.79,109.46,36.91,14.53,1.76,8.62,19.6,61.4,2.66,172,Moderate,PM2.5
Lucknow,North,10,74.83,74.83,26.61,13.59,0.91,25.71,27.3,72.6,3.7,148,Moderate,PM2.5
Patna,East,5,31.39,59.72,35.98,4.35,1.55,41.6,26.9,61.5,1.9,75,Satisfactory,CO
Patna,East,5,21.21,71.02,10.17,9.12,0.68,35.67,28.7,60.3,3.79,71,Satisfactory,PM10
Chennai,South,7,29.46,29.46,30.73,13.75,1.21,21.86,29.4,71.1,2.16,57,Satisfactory,CO
Chennai,South,7,23.46,23.46,20.04,8.9,0.91,20.14,27.8,75.1,3.54,46,Good,CO
Bengaluru,South,1,112.93,123.32,30.46,10.98,1.61,20.37,22.6,49.5,2.08,276,Poor,PM2.5
Mumbai,West,10,30.73,98.68,34.43,12.63,1.06,23.8,22.5,57.4,2.24,99,Satisfactory,PM10
Chennai,South,3,28.34,48.26,19.15,18.4,1.04,36.11,28.5,68.7,2.83,48,Good,PM10
Hyderabad,South,9,11.52,33.73,19.39,17.96,1.01,37.97,22.8,73.2,0.8,38,Good,O3
Chennai,South,1,59.51,145.97,48.46,1.78,0.8,28.69,19.4,34.3,2.71,131,Moderate,PM10
Ahmedabad,West,5,27.51,61.47,29.04,8.61,0.36,43.46,29.9,52.5,2.46,62,Satisfactory,PM10
Bengaluru,South,12,71.08,110.15,50.38,11.77,1.99,41.31,18.0,47.0,1.19,135,Moderate,PM2.5
Delhi,North,9,13.85,58.67,51.35,10.98,0.45,33.49,33.3,67.5,4.93,64,Satisfactory,NO2
Patna,East,5,22.1,83.59,36.54,11.68,1.02,55.92,34.7,55.0,1.83,84,Satisfactory,PM10
Chennai,South,11,81.13,140.02,38.48,15.06,1.07,30.08,18.3,52.9,3.67,170,Moderate,PM2.5
Ahmedabad,West,4,55.66,76.97,21.35,5.66,1.41,41.12,29.9,50.9,4.02,93,Satisfactory,PM2.5
Kolkata,East,5,57.89,75.1,34.31,8.05,0.96,41.32,31.8,45.5,4.89,96,Satisfactory,PM2.5
Kolkata,East,2,95.6,319.11,26.59,12.4,0.55,25.55,16.5,61.3,2.33,269,Poor,PM10
Lucknow,North,12,224.86,278.73,53.59,13.84,1.03,37.63,20.1,57.9,0.2,381,Very Poor,PM2.5
Delhi,North,10,60.84,76.15,23.79,5.46,0.51,29.3,26.3,58.0,4.51,76,Satisfactory,PM10
Kolkata,East,4,39.56,115.38,25.38,12.32,0.85,50.89,24.8,58.4,2.86,111,Moderate,PM10
Mumbai,West,12,78.42,147.07,54.51,20.54,1.39,32.19,19.4,50.1,4.07,160,Moderate,PM2.5
Kolkata,East,10,26.08,93.73,23.81,10.45,0.83,34.18,30.2,58.7,2.56,94,Satisfactory,PM10
Ahmedabad,West,5,33.82,54.77,30.61,11.49,0.65,43.92,30.8,39.7,4.04,56,Satisfactory,PM2.5
Kolkata,East,3,41.25,84.59,25.27,4.3,1.48,34.3,29.8,57.7,4.06,85,Satisfactory,PM10
Guwahati,Northeast,1,146.25,332.37,38.97,16.37,1.75,29.76,15.8,55.2,2.48,320,Very Poor,PM2.5
Mumbai,West,5,53.76,92.65,18.39,11.36,0.86,15.23,33.4,52.5,3.56,93,Satisfactory,PM10
Bengaluru,South,2,120.03,120.03,75.66,11.17,1.57,41.16,15.2,52.4,3.4,114,Moderate,PM10
Patna,East,8,20.55,33.45,35.11,12.85,1.16,31.29,29.0,87.1,2.45,54,Satisfactory,CO
Guwahati,Northeast,11,151.22,157.71,43.26,8.53,1.78,25.6,18.4,60.1,2.23,324,Very Poor,PM2.5
Lucknow,North,11,220.8,257.55,25.49,6.34,1.51,34.68,17.4,61.5,2.43,378,Very Poor,PM2.5
Delhi,North,9,35.31,35.31,43.53,11.84,0.84,27.93,24.6,90.0,2.02,58,Satisfactory,PM2.5
Delhi,North,8,10.47,26.88,22.12,8.32,0.85,18.64,31.8,76.8,3.22,43,Good,CO
Chennai,South,5,76.89,97.38,25.92,6.85,0.99,55.38,31.4,60.5,3.04,155,Moderate,PM2.5
Guwahati,Northeast,5,47.31,93.31,27.62,17.39,1.21,35.65,32.3,60.3,0.53,93,Satisfactory,PM10
Chennai,South,2,44.74,123.78,57.83,10.96,1.17,29.97,25.3,34.6,3.06,116,Moderate,PM10
Guwahati,Northeast,3,38.29,74.1,25.11,14.89,0.83,9.84,30.8,69.0,2.12,74,Satisfactory,PM10
Ahmedabad,West,4,64.18,100.21,39.4,13.8,1.11,59.75,30.0,63.5,0.4,112,Moderate,PM2.5
Hyderabad,South,3,52.87,91.48,24.75,9.09,0.8,29.61,20.1,63.7,2.84,92,Satisfactory,PM10
Delhi,North,12,153.07,159.14,32.19,19.31,1.29,34.79,14.8,51.9,1.15,326,Very Poor,PM2.5
Ahmedabad,West,10,39.64,109.64,44.19,13.14,0.79,16.83,22.8,71.6,1.16,107,Moderate,PM10
Lucknow,North,12,168.7,168.7,29.99,5.58,1.28,30.17,21.1,46.7,1.14,338,Very Poor,PM2.5
Kolkata,East,8,14.54,38.74,31.77,1.2,1.07,29.07,27.8,87.4,0.8,40,Good,NO2
Delhi,North,3,43.89,43.89,26.22,16.06,1.01,28.66,26.3,56.6,2.26,73,Satisfactory,PM2.5
Patna,East,2,73.15,391.39,37.38,14.68,1.64,18.31,21.9,60.7,0.52,352,Very Poor,PM10
Chennai,South,5,48.27,48.27,10.19,8.0,0.55,28.85,27.1,59.0,1.8,80,Satisfactory,PM2.5
Lucknow,North,1,170.1,336.82,23.69,8.98,1.67,31.81,16.1,48.0,1.18,339,Very Poor,PM2.5
Hyderabad,South,1,123.02,130.18,48.57,5.96,1.01,26.21,21.4,50.4,2.62,303,Very Poor,PM2.5
Hyderabad,South,12,27.33,134.6,44.34,14.14,1.67,19.9,18.7,41.7,3.04,123,Moderate,PM10
Lucknow,North,11,246.27,246.27,28.89,10.02,1.89,5.0,20.6,50.3,0.76,397,Very Poor,PM2.5
Mumbai,West,8,15.0,21.77,11.72,15.51,0.75,24.71,29.5,78.4,1.05,37,Good,CO
Guwahati,Northeast,8,30.77,39.62,20.73,4.93,0.66,28.87,31.3,71.9,2.07,40,Good,PM10
Kolkata,East,3,38.16,115.84,26.76,17.61,1.0,33.94,26.5,59.1,3.27,111,Moderate,PM10
Hyderabad,South,1,82.89,82.89,51.71,8.85,1.34,31.84,23.1,50.1,5.01,176,Moderate,PM2.5
Patna,East,2,228.98,307.14,51.0,18.64,1.29,38.73,17.4,46.9,0.66,384,Very Poor,PM2.5
Lucknow,North,6,28.34,29.49,32.58,12.61,0.8,36.1,25.1,60.5,3.09,47,Good,PM2.5
Bengaluru,South,5,35.66,56.02,14.9,10.26,0.66,54.15,32.5,56.1,3.39,59,Satisfactory,PM2.5
Bengaluru,South,8,18.34,33.86,42.88,15.09,0.82,35.51,29.6,80.1,2.43,53,Satisfactory,NO2
Hyderabad,South,2,43.66,125.44,39.22,9.9,1.9,42.17,19.1,51.2,2.78,117,Moderate,PM10
Chennai,South,11,79.5,125.92,51.81,5.14,1.79,20.65,19.2,46.1,3.46,164,Moderate,PM2.5
Hyderabad,South,7,12.13,31.42,46.53,1.2,0.94,19.51,31.1,84.5,3.01,58,Satisfactory,NO2
Delhi,North,2,173.7,272.5,39.38,10.27,1.38,28.09,12.3,60.2,2.49,341,Very Poor,PM2.5
Chennai,South,7,28.58,33.04,22.94,10.17,0.92,21.94,28.8,73.8,1.6,48,Good,PM2.5
Bengaluru,South,5,34.07,68.99,27.54,5.57,1.29,52.24,29.1,59.8,3.51,69,Satisfactory,PM10
Delhi,North,7,33.57,33.57,37.99,5.59,0.58,42.15,25.7,68.7,2.75,55,Satisfactory,PM2.5
Patna,East,5,32.97,75.54,12.42,9.75,1.17,32.12,27.2,53.8,2.12,76,Satisfactory,PM10
Ahmedabad,West,2,79.3,139.45,48.41,9.02,1.23,31.63,22.8,44.5,1.66,164,Moderate,PM2.5
Delhi,North,10,58.1,75.53,32.67,9.56,1.07,25.58,22.4,67.4,2.76,97,Satisfactory,PM2.5
Guwahati,Northeast,11,175.75,175.75,54.2,9.14,1.53,37.57,19.9,50.6,1.34,343,Very Poor,PM2.5
Guwahati,Northeast,2,113.97,285.64,37.0,5.63,1.83,38.97,15.8,59.0,1.81,279,Poor,PM2.5
Delhi,North,9,15.09,53.05,18.62,9.08,1.43,23.22,31.1,69.8,2.95,69,Satisfactory,CO
Chennai,South,12,58.55,122.56,58.72,7.67,2.68,36.72,16.9,50.1,4.94,115,Moderate,PM10
Delhi,North,7,16.9,46.26,16.24,11.62,0.92,22.09,22.3,78.6,3.57,46,Good,PM10
Guwahati,Northeast,9,11.89,47.4,32.44,10.26,1.15,30.03,32.4,83.3,1.24,54,Satisfactory,CO
Hyderabad,South,1,55.03,130.05,43.63,6.59,1.88,36.4,17.7,53.7,1.72,120,Moderate,PM10
Lucknow,North,10,37.41,89.32,30.15,10.42,0.8,11.47,31.8,43.3,3.27,89,Satisfactory,PM10
Ahmedabad,West,10,29.78,70.4,27.93,8.82,1.08,16.97,28.0,54.6,2.32,70,Satisfactory,PM10
Mumbai,West,6,19.08,39.61,27.7,16.48,1.18,30.59,29.0,94.2,1.22,56,Satisfactory,CO
Delhi,North,1,246.51,307.39,75.42,20.51,1.44,25.81,19.6,47.0,2.92,397,Very Poor,PM2.5
Kolkata,East,2,162.61,162.61,51.63,6.31,1.96,6.98,22.2,48.6,0.45,333,Very Poor,PM2.5
Mumbai,West,5,45.26,75.02,39.59,13.83,1.11,38.87,32.3,49.5,3.09,75,Satisfactory,PM2.5
Kolkata,East,10,65.78,78.23,33.57,13.26,1.39,14.89,26.7,52.3,0.5,117,Moderate,PM2.5
Lucknow,North,3,63.46,75.81,26.15,15.71,0.93,33.15,28.0,64.3,2.3,109,Moderate,PM2.5
Ahmedabad,West,1,40.3,115.93,63.8,11.26,1.39,47.22,22.3,53.1,1.71,111,Moderate,PM10
Delhi,North,9,25.27,47.5,31.32,3.79,0.94,23.91,27.5,93.5,3.68,48,Good,PM10
Delhi,North,6,19.93,38.71,21.93,14.66,0.85,21.09,29.4,60.1,2.19,42,Good,CO
Lucknow,North,11,228.58,310.49,38.32,11.76,1.74,41.11,20.8,59.4,1.44,384,Very Poor,PM2.5
Lucknow,North,8,10.28,31.31,33.88,9.59,1.05,21.32,25.1,89.3,3.66,42,Good,NO2
Lucknow,North,5,31.92,98.28,35.36,15.07,0.85,28.21,31.0,71.3,1.78,98,Satisfactory,PM10
Mumbai,West,1,110.08,110.08,46.16,5.52,1.9,21.78,13.3,44.4,3.03,266,Poor,PM2.5
Ahmedabad,West,3,23.17,89.34,27.39,7.61,0.81,42.6,30.8,59.1,3.71,89,Satisfactory,PM10
Ahmedabad,West,9,22.78,22.78,11.59,7.64,0.47,30.28,25.4,81.4,3.29,38,Good,PM2.5
Ahmedabad,West,6,13.65,39.75,19.97,15.41,1.23,34.07,26.5,82.5,1.08,58,Satisfactory,CO
Delhi,North,4,52.35,106.51,17.66,12.07,1.02,34.26,30.0,64.9,2.92,105,Moderate,PM10
Guwahati,Northeast,4,29.53,75.79,24.66,10.35,0.75,41.66,28.4,60.1,2.39,76,Satisfactory,PM10
Delhi,North,7,6.44,44.21,34.27,8.14,1.08,19.39,26.1,73.8,2.49,44,Good,PM10
Chennai,South,8,17.4,30.92,34.24,12.3,0.74,30.02,30.0,86.4,1.32,43,Good,NO2
Guwahati,Northeast,7,27.33,31.46,9.52,8.5,0.78,25.37,29.3,70.6,3.85,46,Good,PM2.5
Delhi,North,4,24.74,69.17,32.16,12.19,1.0,34.6,32.7,56.8,5.65,69,Satisfactory,PM10
Hyderabad,South,9,39.37,39.37,38.68,15.97,0.65,33.04,25.5,80.2,2.97,65,Satisfactory,PM2.5
Delhi,North,1,135.78,299.82,34.98,7.84,2.06,31.6,14.1,44.0,0.2,312,Very Poor,PM2.5
Bengaluru,South,7,25.13,25.13,33.46,21.53,0.48,22.83,22.3,85.6,2.69,42,Good,PM2.5
Ahmedabad,West,10,48.58,63.72,24.63,13.32,0.74,24.06,26.5,60.7,3.47,81,Satisfactory,PM2.5
Mumbai,West,1,33.26,169.26,48.85,10.41,1.17,44.71,25.1,66.9,2.94,146,Moderate,PM10
Mumbai,West,7,30.82,31.94,32.55,13.09,1.42,40.07,26.6,90.2,2.8,68,Satisfactory,CO
Mumbai,West,6,18.23,35.95,21.41,9.52,0.51,21.09,27.7,86.3,3.82,36,Good,PM10
Hyderabad,South,12,32.53,88.26,45.16,16.62,1.33,17.75,22.3,46.1,1.54,88,Satisfactory,PM10
Hyderabad,South,4,44.21,65.02,28.0,7.56,0.76,41.54,24.9,67.6,1.26,73,Satisfactory,PM2.5
Patna,East,7,27.34,40.3,28.73,3.8,0.74,26.18,26.6,87.1,5.03,46,Good,PM2.5
Chennai,South,6,16.46,46.97,23.05,1.2,0.56,8.08,25.8,76.6,1.02,47,Good,PM10
Mumbai,West,10,22.53,73.59,20.83,16.85,0.95,41.48,25.6,77.2,2.8,74,Satisfactory,PM10
Lucknow,North,4,82.94,82.94,23.36,4.01,0.4,15.95,32.9,49.4,2.51,176,Moderate,PM2.5
Patna,East,9,23.53,38.7,38.2,19.73,0.56,32.06,26.2,76.8,1.11,48,Good,NO2
Chennai,South,9,17.25,49.2,18.3,1.2,0.9,17.44,26.6,83.3,2.69,49,Good,PM10
Mumbai,West,1,66.16,149.25,31.37,15.5,1.12,33.06,13.4,56.3,2.69,133,Moderate,PM10
Chennai,South,11,93.49,93.49,47.64,13.46,1.46,34.02,19.0,47.4,4.21,210,Poor,PM2.5
Guwahati,Northeast,3,31.73,56.93,26.16,14.15,0.3,21.28,25.3,48.5,1.66,57,Satisfactory,PM10
Guwahati,Northeast,2,132.62,238.52,28.15,10.98,0.88,40.26,23.2,48.2,0.77,310,Very Poor,PM2.5
Kolkata,East,4,54.33,119.53,45.99,2.27,1.21,39.2,32.6,66.2,3.62,113,Moderate,PM10
Bengaluru,South,2,56.27,84.98,65.09,7.82,2.49,21.58,16.9,50.5,1.07,106,Moderate,CO
Kolkata,East,6,26.71,26.71,49.17,11.55,0.62,31.53,19.6,75.3,2.57,61,Satisfactory,NO2
Mumbai,West,9,15.77,50.19,29.54,13.92,0.69,16.88,26.3,58.3,1.57,37,Good,NO2
Lucknow,North,7,5.8,41.13,26.9,9.03,1.08,14.19,23.0,86.9,5.36,41,Good,PM10
Lucknow,North,1,186.41,224.52,39.95,13.09,2.26,31.58,20.9,44.7,1.75,351,Very Poor,PM2.5
Hyderabad,South,2,73.43,140.98,40.35,7.12,1.77,26.87,18.4,57.3,4.26,143,Moderate,PM2.5
Kolkata,East,10,53.38,65.02,25.09,14.18,0.8,31.78,24.6,75.4,3.02,89,Satisfactory,PM2.5
Mumbai,West,1,58.18,187.29,29.95,8.63,2.01,30.01,16.3,47.6,2.47,158,Moderate,PM10
Chennai,South,11,108.06,140.6,62.74,9.92,1.85,14.94,18.5,52.9,4.84,259,Poor,PM2.5
Ahmedabad,West,11,63.67,89.83,36.63,10.59,2.22,31.49,19.6,58.5,1.69,110,Moderate,PM2.5
